arch,n,noise,Ld,cellPx,gapPx,pitch_um,cells,bits_per_mm2,G0,s,Ia,seed,t,ber,on_min,on_mean,off_max,lyapunov_at_end,intensity_residual
B_4f,64,0,0,1,1,127,121,62,1.8,-0.8,0.2,1,1,0.12396694214876033,0.04156148333122362,0.5483248346628067,0.06438448837403013,NaN,NaN
B_4f,64,0,0,1,1,127,121,62,1.8,-0.8,0.2,1,3,0.4214876033057851,0.00009989280714578571,0.12362179318131877,0.030898586458997183,NaN,NaN
B_4f,64,0,0,1,1,127,121,62,1.8,-0.8,0.2,1,10,0.512396694214876,3.087723580618001e-8,0.000294209167712538,0.00020852624876460804,NaN,NaN
B_4f,64,0,0,1,1,127,121,62,1.8,-0.8,0.2,1,30,0.512396694214876,3.074659818132853e-22,6.492565497240509e-18,8.867862969299509e-17,NaN,NaN
B_4f,64,0,0,1,1,127,121,62,1.8,-0.8,0.2,1,100,0.512396694214876,7.741512077313381e-69,1.960838842229845e-64,2.9621864037783863e-62,NaN,NaN
B_4f,64,0,0,1,1,127,121,62,1.8,-0.8,0.2,1,300,0.512396694214876,1.993992778572024e-198,1.5276727600042562e-194,4.8468902040924284e-192,NaN,NaN
B_4f,64,0,0,1,1,127,121,62,1.8,-0.8,0.2,1,1000,0.512396694214876,0,0,0,NaN,NaN
B_4f,64,0,0,1,1,127,121,62,1.8,-0.8,0.2,1,3000,0.512396694214876,0,0,0,NaN,NaN
B_4f,64,0,0,1,1,127,121,62,1.8,-0.8,0.2,2,1,0.10743801652892562,0.042127463044412804,0.5943457701981872,0.09789521317525701,NaN,NaN
B_4f,64,0,0,1,1,127,121,62,1.8,-0.8,0.2,2,3,0.36363636363636365,0.00007783019030161703,0.14172548841354418,0.05905497851714498,NaN,NaN
B_4f,64,0,0,1,1,127,121,62,1.8,-0.8,0.2,2,10,0.47107438016528924,2.120964433723185e-8,0.0005613215822881251,0.000200293513250231,NaN,NaN
B_4f,64,0,0,1,1,127,121,62,1.8,-0.8,0.2,2,30,0.47107438016528924,5.015890673113941e-22,4.290212188657058e-17,1.74856821174888e-16,NaN,NaN
B_4f,64,0,0,1,1,127,121,62,1.8,-0.8,0.2,2,100,0.47107438016528924,1.5908544549909166e-67,5.54982585589194e-63,1.596212418716993e-61,NaN,NaN
B_4f,64,0,0,1,1,127,121,62,1.8,-0.8,0.2,2,300,0.47107438016528924,1.6564431387485046e-197,4.0584186246843162e-193,3.3336943321070225e-191,NaN,NaN
B_4f,64,0,0,1,1,127,121,62,1.8,-0.8,0.2,2,1000,0.47107438016528924,0,0,0,NaN,NaN
B_4f,64,0,0,1,1,127,121,62,1.8,-0.8,0.2,2,3000,0.47107438016528924,0,0,0,NaN,NaN
B_4f,64,0,0,1,1,127,121,62,1.8,-0.8,0.2,3,1,0.0743801652892562,0.025849568697292047,0.5817182451100975,0.0818495275025384,NaN,NaN
B_4f,64,0,0,1,1,127,121,62,1.8,-0.8,0.2,3,3,0.3305785123966942,0.00006552368646420232,0.13729537483950047,0.0449067620919281,NaN,NaN
B_4f,64,0,0,1,1,127,121,62,1.8,-0.8,0.2,3,10,0.4132231404958678,1.928852307822746e-8,0.0008621508859877723,0.0001332827027837654,NaN,NaN
B_4f,64,0,0,1,1,127,121,62,1.8,-0.8,0.2,3,30,0.4132231404958678,8.206656041771827e-22,3.688123430722633e-17,2.974683174146871e-16,NaN,NaN
B_4f,64,0,0,1,1,127,121,62,1.8,-0.8,0.2,3,100,0.4132231404958678,1.067774090267227e-67,2.636122434971008e-63,1.5041470446969373e-61,NaN,NaN
B_4f,64,0,0,1,1,127,121,62,1.8,-0.8,0.2,3,300,0.4132231404958678,1.1793482338915437e-197,1.7069759817825553e-193,2.0403909377837526e-191,NaN,NaN
B_4f,64,0,0,1,1,127,121,62,1.8,-0.8,0.2,3,1000,0.4132231404958678,0,0,0,NaN,NaN
B_4f,64,0,0,1,1,127,121,62,1.8,-0.8,0.2,3,3000,0.4132231404958678,0,0,0,NaN,NaN
B_4f,64,0,0,1,1,127,121,62,2.2,-0.8,0.2,1,1,0.09917355371900827,0.04632698946475413,0.6111966369497491,0.07176691675863395,NaN,NaN
B_4f,64,0,0,1,1,127,121,62,2.2,-0.8,0.2,1,3,0.3884297520661157,0.00018155410195819154,0.18610229622189736,0.054094547303813495,NaN,NaN
B_4f,64,0,0,1,1,127,121,62,2.2,-0.8,0.2,1,10,0.512396694214876,0.0000018237520847170206,0.01122219712112681,0.005017201328471685,NaN,NaN
B_4f,64,0,0,1,1,127,121,62,2.2,-0.8,0.2,1,30,0.512396694214876,1.062625870557876e-17,3.105735262948083e-13,2.38951054064556e-12,NaN,NaN
B_4f,64,0,0,1,1,127,121,62,2.2,-0.8,0.2,1,100,0.512396694214876,6.17543907937572e-58,8.906081639043685e-54,1.095540306386072e-51,NaN,NaN
B_4f,64,0,0,1,1,127,121,62,2.2,-0.8,0.2,1,300,0.512396694214876,1.557808551168404e-170,1.2499695432724285e-166,3.926089912289554e-164,NaN,NaN
B_4f,64,0,0,1,1,127,121,62,2.2,-0.8,0.2,1,1000,0.512396694214876,0,0,0,NaN,NaN
B_4f,64,0,0,1,1,127,121,62,2.2,-0.8,0.2,1,3000,0.512396694214876,0,0,0,NaN,NaN
B_4f,64,0,0,1,1,127,121,62,2.2,-0.8,0.2,2,1,0.0743801652892562,0.046957865316831375,0.6624944065388335,0.10912003484757422,NaN,NaN
B_4f,64,0,0,1,1,127,121,62,2.2,-0.8,0.2,2,3,0.32231404958677684,0.00013053642026837457,0.2132781171250225,0.0989505766725105,NaN,NaN
B_4f,64,0,0,1,1,127,121,62,2.2,-0.8,0.2,2,10,0.4628099173553719,4.615660600264527e-7,0.01261100046474287,0.0036418964510643026,NaN,NaN
B_4f,64,0,0,1,1,127,121,62,2.2,-0.8,0.2,2,30,0.47107438016528924,5.572573490972235e-16,1.8020311832807484e-11,3.592136527492056e-11,NaN,NaN
B_4f,64,0,0,1,1,127,121,62,2.2,-0.8,0.2,2,100,0.47107438016528924,5.177937272763771e-56,2.373958138774052e-51,4.929473041462754e-50,NaN,NaN
B_4f,64,0,0,1,1,127,121,62,2.2,-0.8,0.2,2,300,0.47107438016528924,1.1844852356281794e-168,4.017813464657555e-164,3.1364570806370345e-162,NaN,NaN
B_4f,64,0,0,1,1,127,121,62,2.2,-0.8,0.2,2,1000,0.47107438016528924,0,0,0,NaN,NaN
B_4f,64,0,0,1,1,127,121,62,2.2,-0.8,0.2,2,3000,0.47107438016528924,0,0,0,NaN,NaN
B_4f,64,0,0,1,1,127,121,62,2.2,-0.8,0.2,3,1,0.0743801652892562,0.02881352157631544,0.6484189892333504,0.09123452519935762,NaN,NaN
B_4f,64,0,0,1,1,127,121,62,2.2,-0.8,0.2,3,3,0.30578512396694213,0.00010886830635411761,0.2062755338452627,0.0762661954257708,NaN,NaN
B_4f,64,0,0,1,1,127,121,62,2.2,-0.8,0.2,3,10,0.39669421487603307,3.892770463801232e-7,0.019747418343557057,0.0014671427419066115,NaN,NaN
B_4f,64,0,0,1,1,127,121,62,2.2,-0.8,0.2,3,30,0.4132231404958678,9.509756050089199e-17,5.850737746313828e-12,2.2844472028372184e-11,NaN,NaN
B_4f,64,0,0,1,1,127,121,62,2.2,-0.8,0.2,3,100,0.4132231404958678,1.4800067410305296e-56,4.481581259998745e-52,2.1798718957718775e-50,NaN,NaN
B_4f,64,0,0,1,1,127,121,62,2.2,-0.8,0.2,3,300,0.4132231404958678,4.4870093683292917e-169,7.124840519817978e-165,8.234369419921801e-163,NaN,NaN
B_4f,64,0,0,1,1,127,121,62,2.2,-0.8,0.2,3,1000,0.4132231404958678,0,0,0,NaN,NaN
B_4f,64,0,0,1,1,127,121,62,2.2,-0.8,0.2,3,3000,0.4132231404958678,0,0,0,NaN,NaN
B_4f,64,0,0,1,1,127,121,62,2.6,-0.8,0.2,1,1,0.09090909090909091,0.05109249559828475,0.6740684392366911,0.07914934514323778,NaN,NaN
B_4f,64,0,0,1,1,127,121,62,2.6,-0.8,0.2,1,3,0.371900826446281,0.0002987978013420393,0.25943179401667693,0.08589570949359292,NaN,NaN
B_4f,64,0,0,1,1,127,121,62,2.6,-0.8,0.2,1,10,0.47107438016528924,0.000008758172673003944,0.059483165506013035,0.037806940392260645,NaN,NaN
B_4f,64,0,0,1,1,127,121,62,2.6,-0.8,0.2,1,30,0.512396694214876,3.3217589335238613e-9,0.001074923746368681,0.0007682505901225882,NaN,NaN
B_4f,64,0,0,1,1,127,121,62,2.6,-0.8,0.2,1,100,0.512396694214876,8.803431695563708e-44,5.2952050556395674e-39,3.6022802927369113e-37,NaN,NaN
B_4f,64,0,0,1,1,127,121,62,2.6,-0.8,0.2,1,300,0.512396694214876,8.45181448819413e-142,1.0108205778142903e-137,3.058282551772479e-135,NaN,NaN
B_4f,64,0,0,1,1,127,121,62,2.6,-0.8,0.2,1,1000,0.512396694214876,0,0,0,NaN,NaN
B_4f,64,0,0,1,1,127,121,62,2.6,-0.8,0.2,1,3000,0.512396694214876,0,0,0,NaN,NaN
B_4f,64,0,0,1,1,127,121,62,2.6,-0.8,0.2,2,1,0.06611570247933884,0.05178826758925002,0.7306430428794802,0.12034485651989135,NaN,NaN
B_4f,64,0,0,1,1,127,121,62,2.6,-0.8,0.2,2,3,0.30578512396694213,0.0002030306800728913,0.2969805335855406,0.15124163882372826,NaN,NaN
B_4f,64,0,0,1,1,127,121,62,2.6,-0.8,0.2,2,10,0.4380165289256198,0.000004723794585808429,0.060278118789841593,0.026988221842545825,NaN,NaN
B_4f,64,0,0,1,1,127,121,62,2.6,-0.8,0.2,2,30,0.4628099173553719,1.3787224272539606e-7,0.011060984077439946,0.003650744653524991,NaN,NaN
B_4f,64,0,0,1,1,127,121,62,2.6,-0.8,0.2,2,100,0.47107438016528924,1.258854517422918e-31,7.164182999409213e-27,6.197462816598111e-26,NaN,NaN
B_4f,64,0,0,1,1,127,121,62,2.6,-0.8,0.2,2,300,0.47107438016528924,3.2372833171855057e-130,2.476479660882117e-125,1.7266174657023826e-123,NaN,NaN
B_4f,64,0,0,1,1,127,121,62,2.6,-0.8,0.2,2,1000,0.47107438016528924,0,0,0,NaN,NaN
B_4f,64,0,0,1,1,127,121,62,2.6,-0.8,0.2,2,3000,0.47107438016528924,0,0,0,NaN,NaN
B_4f,64,0,0,1,1,127,121,62,2.6,-0.8,0.2,3,1,0.0743801652892562,0.03177747445533888,0.7151197333566037,0.10061952289617682,NaN,NaN
B_4f,64,0,0,1,1,127,121,62,2.6,-0.8,0.2,3,3,0.2892561983471074,0.00016730152453394055,0.2871563464341704,0.1176935057032303,NaN,NaN
B_4f,64,0,0,1,1,127,121,62,2.6,-0.8,0.2,3,10,0.371900826446281,0.000001280941267282667,0.0773285848143023,0.005467169345557786,NaN,NaN
B_4f,64,0,0,1,1,127,121,62,2.6,-0.8,0.2,3,30,0.4049586776859504,1.9868067565603452e-8,0.011706490062893204,0.0020829549920566353,NaN,NaN
B_4f,64,0,0,1,1,127,121,62,2.6,-0.8,0.2,3,100,0.4132231404958678,3.877207983525587e-38,4.064285904352215e-33,6.482689045282185e-32,NaN,NaN
B_4f,64,0,0,1,1,127,121,62,2.6,-0.8,0.2,3,300,0.4132231404958678,3.3834081757409642e-136,9.963665065265453e-132,9.034991176832763e-130,NaN,NaN
B_4f,64,0,0,1,1,127,121,62,2.6,-0.8,0.2,3,1000,0.4132231404958678,0,0,0,NaN,NaN
B_4f,64,0,0,1,1,127,121,62,2.6,-0.8,0.2,3,3000,0.4132231404958678,0,0,0,NaN,NaN
B_4f,64,0,0,1,1,127,121,62,3,-0.8,0.2,1,1,0.08264462809917356,0.05585800173181525,0.7369402415236328,0.08653177352784176,NaN,NaN
B_4f,64,0,0,1,1,127,121,62,3,-0.8,0.2,1,3,0.3305785123966942,0.00045726760169146843,0.34237096391666294,0.12678897375729287,NaN,NaN
B_4f,64,0,0,1,1,127,121,62,3,-0.8,0.2,1,10,0.4214876033057851,0.000020456810148841444,0.1473498983072978,0.19054354317892988,NaN,NaN
B_4f,64,0,0,1,1,127,121,62,3,-0.8,0.2,1,30,0.4793388429752066,0.0000048087242097369494,0.08366637957049125,1.622637289349207,NaN,NaN
B_4f,64,0,0,1,1,127,121,62,3,-0.8,0.2,1,100,0.48760330578512395,0.0000037616037885115718,0.07440970848527663,1.9656643006014332,NaN,NaN
B_4f,64,0,0,1,1,127,121,62,3,-0.8,0.2,1,300,0.48760330578512395,0.000004043770602609721,0.07534627738491789,1.9693966876746927,NaN,NaN
B_4f,64,0,0,1,1,127,121,62,3,-0.8,0.2,1,1000,0.48760330578512395,0.000003637665662916205,0.07731876109218323,2.002445147977826,NaN,NaN
B_4f,64,0,0,1,1,127,121,62,3,-0.8,0.2,1,3000,0.48760330578512395,0.0000035417054752892007,0.07728494547327851,2.003326222566373,NaN,NaN
B_4f,64,0,0,1,1,127,121,62,3,-0.8,0.2,2,1,0.06611570247933884,0.05661866986166857,0.7987916792201262,0.13156967819220847,NaN,NaN
B_4f,64,0,0,1,1,127,121,62,3,-0.8,0.2,2,3,0.2727272727272727,0.000299184058224783,0.3913346674934903,0.2159938068932158,NaN,NaN
B_4f,64,0,0,1,1,127,121,62,3,-0.8,0.2,2,10,0.371900826446281,0.000022345814503765338,0.15617443539924758,0.12383450813306247,NaN,NaN
B_4f,64,0,0,1,1,127,121,62,3,-0.8,0.2,2,30,0.45454545454545453,0.000004466324698735865,0.08311855256872866,0.7580654985149677,NaN,NaN
B_4f,64,0,0,1,1,127,121,62,3,-0.8,0.2,2,100,0.4628099173553719,0.00000365506669288304,0.08109408629607322,1.9064702467952088,NaN,NaN
B_4f,64,0,0,1,1,127,121,62,3,-0.8,0.2,2,300,0.4628099173553719,0.0000036529332797171027,0.0810216196525298,1.907705362528508,NaN,NaN
B_4f,64,0,0,1,1,127,121,62,3,-0.8,0.2,2,1000,0.4628099173553719,0.000003655269331089588,0.08098441845570635,1.9085209020297917,NaN,NaN
B_4f,64,0,0,1,1,127,121,62,3,-0.8,0.2,2,3000,0.4628099173553719,0.0000036553395989376615,0.0809837656345741,1.908534964677267,NaN,NaN
B_4f,64,0,0,1,1,127,121,62,3,-0.8,0.2,3,1,0.06611570247933884,0.03474142733436235,0.781820477479857,0.1100045205929961,NaN,NaN
B_4f,64,0,0,1,1,127,121,62,3,-0.8,0.2,3,3,0.24793388429752067,0.00024305318880709557,0.3785727438497627,0.16927718378593934,NaN,NaN
B_4f,64,0,0,1,1,127,121,62,3,-0.8,0.2,3,10,0.33884297520661155,0.000003908028699111664,0.16734632156432,0.028917374424269875,NaN,NaN
B_4f,64,0,0,1,1,127,121,62,3,-0.8,0.2,3,30,0.371900826446281,0.000001421924337558406,0.10973068658962669,0.008876603022187204,NaN,NaN
B_4f,64,0,0,1,1,127,121,62,3,-0.8,0.2,3,100,0.371900826446281,0.000001534327087014696,0.09904412100830456,0.008323073724463554,NaN,NaN
B_4f,64,0,0,1,1,127,121,62,3,-0.8,0.2,3,300,0.3884297520661157,6.504620478811655e-7,0.06880802851184217,0.008352865365404843,NaN,NaN
B_4f,64,0,0,1,1,127,121,62,3,-0.8,0.2,3,1000,0.3884297520661157,5.357807345131928e-7,0.06910607410302853,0.010484754003646332,NaN,NaN
B_4f,64,0,0,1,1,127,121,62,3,-0.8,0.2,3,3000,0.39669421487603307,0.0000018410115522627816,0.07857618183054645,0.4240173158438794,NaN,NaN
B_4f,64,0,0,1,1,127,121,62,3.5,-0.8,0.2,1,1,0.0743801652892562,0.061814884398728495,0.8155299943823109,0.09575980900859672,NaN,NaN
B_4f,64,0,0,1,1,127,121,62,3.5,-0.8,0.2,1,3,0.2809917355371901,0.0007215589910631086,0.45784453692055105,0.19082599516149878,NaN,NaN
B_4f,64,0,0,1,1,127,121,62,3.5,-0.8,0.2,1,10,0.4132231404958678,0.00004000498912593877,0.2972423463743644,0.6622784428941175,NaN,NaN
B_4f,64,0,0,1,1,127,121,62,3.5,-0.8,0.2,1,30,0.47107438016528924,0.000004835154053572289,0.33207220972032575,3.3833824162626946,NaN,NaN
B_4f,64,0,0,1,1,127,121,62,3.5,-0.8,0.2,1,100,0.4793388429752066,0.00005153577720725116,0.3533566652405062,3.4065032678771274,NaN,NaN
B_4f,64,0,0,1,1,127,121,62,3.5,-0.8,0.2,1,300,0.5041322314049587,0.00004795625551135261,0.32399109236367446,3.380337225306269,NaN,NaN
B_4f,64,0,0,1,1,127,121,62,3.5,-0.8,0.2,1,1000,0.5206611570247934,0.00009329745635649467,0.33854536948933245,3.3290741514120845,NaN,NaN
B_4f,64,0,0,1,1,127,121,62,3.5,-0.8,0.2,1,3000,0.5206611570247934,0.00009159540834419437,0.3392888037970766,3.2883288818447705,NaN,NaN
B_4f,64,0,0,1,1,127,121,62,3.5,-0.8,0.2,2,1,0.049586776859504134,0.06265667270219186,0.8839774746459347,0.1456007052826052,NaN,NaN
B_4f,64,0,0,1,1,127,121,62,3.5,-0.8,0.2,2,3,0.256198347107438,0.0004593571110520008,0.5222372016099385,0.3138925885350424,NaN,NaN
B_4f,64,0,0,1,1,127,121,62,3.5,-0.8,0.2,2,10,0.371900826446281,0.00007051093364640216,0.3250808619994418,0.5018000425332741,NaN,NaN
B_4f,64,0,0,1,1,127,121,62,3.5,-0.8,0.2,2,30,0.4380165289256198,0.00003057552600140542,0.31700472817330927,3.4130373120278255,NaN,NaN
B_4f,64,0,0,1,1,127,121,62,3.5,-0.8,0.2,2,100,0.47107438016528924,0.00010373264311803778,0.31560944283340664,3.5219245875349103,NaN,NaN
B_4f,64,0,0,1,1,127,121,62,3.5,-0.8,0.2,2,300,0.48760330578512395,0.00018806005607129286,0.3233360323657536,3.465070594283435,NaN,NaN
B_4f,64,0,0,1,1,127,121,62,3.5,-0.8,0.2,2,1000,0.48760330578512395,0.0001688520583868032,0.33446199868945653,3.259536517416992,NaN,NaN
B_4f,64,0,0,1,1,127,121,62,3.5,-0.8,0.2,2,3000,0.48760330578512395,0.00020770873783011997,0.3345006747952525,3.228835329194624,NaN,NaN
B_4f,64,0,0,1,1,127,121,62,3.5,-0.8,0.2,3,1,0.06611570247933884,0.038446368433141594,0.8651964076339234,0.12173576771402005,NaN,NaN
B_4f,64,0,0,1,1,127,121,62,3.5,-0.8,0.2,3,3,0.2231404958677686,0.00036583272479576097,0.5057640332621797,0.24763410286373025,NaN,NaN
B_4f,64,0,0,1,1,127,121,62,3.5,-0.8,0.2,3,10,0.32231404958677684,0.00004086523691311622,0.31898805043136524,0.3024698285425968,NaN,NaN
B_4f,64,0,0,1,1,127,121,62,3.5,-0.8,0.2,3,30,0.38016528925619836,0.000011997029358845687,0.2987571218706315,2.850129094101562,NaN,NaN
B_4f,64,0,0,1,1,127,121,62,3.5,-0.8,0.2,3,100,0.4049586776859504,0.000010817344940783116,0.30699956047986293,3.485399199820912,NaN,NaN
B_4f,64,0,0,1,1,127,121,62,3.5,-0.8,0.2,3,300,0.4214876033057851,0.000007457685625884412,0.29085175926453094,3.385357580703033,NaN,NaN
B_4f,64,0,0,1,1,127,121,62,3.5,-0.8,0.2,3,1000,0.4297520661157025,0.000010216058758903249,0.28927992979123274,3.3597964428024447,NaN,NaN
B_4f,64,0,0,1,1,127,121,62,3.5,-0.8,0.2,3,3000,0.4297520661157025,0.000012173146022578405,0.2888463590026447,3.328378901661243,NaN,NaN
B_4f,64,0,0,1,1,127,121,62,4,-0.8,0.2,1,1,0.0743801652892562,0.06777176706564161,0.8941197472409884,0.1049878444893515,NaN,NaN
B_4f,64,0,0,1,1,127,121,62,4,-0.8,0.2,1,3,0.256198347107438,0.001069302448076957,0.5846437401102939,0.2688025706675767,NaN,NaN
B_4f,64,0,0,1,1,127,121,62,4,-0.8,0.2,1,10,0.4380165289256198,0.000042776964604397814,0.4710477433388797,1.6269000823942867,NaN,NaN
B_4f,64,0,0,1,1,127,121,62,4,-0.8,0.2,1,30,0.45454545454545453,0.00004257727644117998,0.5630986271869628,4.433519273678043,NaN,NaN
B_4f,64,0,0,1,1,127,121,62,4,-0.8,0.2,1,100,0.5206611570247934,0.0003248395490688317,0.63240684170948,4.560518656330954,NaN,NaN
B_4f,64,0,0,1,1,127,121,62,4,-0.8,0.2,1,300,0.5371900826446281,0.00022396586130760273,0.680346191665993,4.501633638112501,NaN,NaN
B_4f,64,0,0,1,1,127,121,62,4,-0.8,0.2,1,1000,0.5454545454545454,0.00012366937233117958,0.6601533157396959,4.544694742200561,NaN,NaN
B_4f,64,0,0,1,1,127,121,62,4,-0.8,0.2,1,3000,0.5537190082644629,0.0002712897079988161,0.6606988387640386,4.506839539761549,NaN,NaN
B_4f,64,0,0,1,1,127,121,62,4,-0.8,0.2,2,1,0.049586776859504134,0.06869467554271502,0.9691632700717421,0.15963173237300135,NaN,NaN
B_4f,64,0,0,1,1,127,121,62,4,-0.8,0.2,2,3,0.21487603305785125,0.000673086618560516,0.6654851153085192,0.42943670600007966,NaN,NaN
B_4f,64,0,0,1,1,127,121,62,4,-0.8,0.2,2,10,0.35537190082644626,0.00011961854423574846,0.533683507091831,1.5614668779658631,NaN,NaN
B_4f,64,0,0,1,1,127,121,62,4,-0.8,0.2,2,30,0.4628099173553719,0.0001075969896152918,0.58426904841411,4.612171309086706,NaN,NaN
B_4f,64,0,0,1,1,127,121,62,4,-0.8,0.2,2,100,0.5041322314049587,0.000267408247083861,0.6504425851935622,4.572633348959152,NaN,NaN
B_4f,64,0,0,1,1,127,121,62,4,-0.8,0.2,2,300,0.5206611570247934,0.0003615875241462036,0.7204457997394889,4.6057385087495435,NaN,NaN
B_4f,64,0,0,1,1,127,121,62,4,-0.8,0.2,2,1000,0.5206611570247934,0.00029054346266652953,0.7298823581518435,4.402865803726277,NaN,NaN
B_4f,64,0,0,1,1,127,121,62,4,-0.8,0.2,2,3000,0.5206611570247934,0.0003758939168190049,0.7337170027140385,4.489397885931936,NaN,NaN
B_4f,64,0,0,1,1,127,121,62,4,-0.8,0.2,3,1,0.049586776859504134,0.0421513095319209,0.9485723377879894,0.13346701483504403,NaN,NaN
B_4f,64,0,0,1,1,127,121,62,4,-0.8,0.2,3,3,0.2066115702479339,0.0005249078503770035,0.645332317377862,0.34050121666328326,NaN,NaN
B_4f,64,0,0,1,1,127,121,62,4,-0.8,0.2,3,10,0.33884297520661155,0.00015911331040478006,0.5165963969519152,1.0907759968942727,NaN,NaN
B_4f,64,0,0,1,1,127,121,62,4,-0.8,0.2,3,30,0.4049586776859504,0.00005455896149174,0.5666940514926759,4.412930882414488,NaN,NaN
B_4f,64,0,0,1,1,127,121,62,4,-0.8,0.2,3,100,0.4793388429752066,0.0003524662528063098,0.7226449900872675,4.571967490387229,NaN,NaN
B_4f,64,0,0,1,1,127,121,62,4,-0.8,0.2,3,300,0.48760330578512395,0.0003206055057453326,0.7357307448102525,4.544781552719848,NaN,NaN
B_4f,64,0,0,1,1,127,121,62,4,-0.8,0.2,3,1000,0.48760330578512395,0.00028285186212555,0.7221273504779796,4.489748849763089,NaN,NaN
B_4f,64,0,0,1,1,127,121,62,4,-0.8,0.2,3,3000,0.47107438016528924,0.00028719955545845974,0.7203614394649028,4.454028372079359,NaN,NaN
B_4f,64,0,0,1,2,190.5,64,27.56,1.8,-0.8,0.2,1,1,0.078125,0.017502186845041852,0.5782687963894969,0.02418976040542772,NaN,NaN
B_4f,64,0,0,1,2,190.5,64,27.56,1.8,-0.8,0.2,1,3,0.46875,0.00012090369119895973,0.11032941055974166,0.01227822381007968,NaN,NaN
B_4f,64,0,0,1,2,190.5,64,27.56,1.8,-0.8,0.2,1,10,0.53125,4.081782610258948e-9,0.00027992793716415327,0.00002473442960777233,NaN,NaN
B_4f,64,0,0,1,2,190.5,64,27.56,1.8,-0.8,0.2,1,30,0.53125,1.4960940215452494e-22,5.39717680307078e-18,1.0375632304343909e-17,NaN,NaN
B_4f,64,0,0,1,2,190.5,64,27.56,1.8,-0.8,0.2,1,100,0.53125,6.124738575716858e-70,9.746452096500734e-66,1.2820740865046989e-64,NaN,NaN
B_4f,64,0,0,1,2,190.5,64,27.56,1.8,-0.8,0.2,1,300,0.53125,1.8053154784312679e-205,2.4312473655131848e-201,4.113004428745779e-200,NaN,NaN
B_4f,64,0,0,1,2,190.5,64,27.56,1.8,-0.8,0.2,1,1000,0.53125,0,0,0,NaN,NaN
B_4f,64,0,0,1,2,190.5,64,27.56,1.8,-0.8,0.2,1,3000,0.53125,0,0,0,NaN,NaN
B_4f,64,0,0,1,2,190.5,64,27.56,1.8,-0.8,0.2,2,1,0.09375,0.021872358037997603,0.5928795385675761,0.019777998510992864,NaN,NaN
B_4f,64,0,0,1,2,190.5,64,27.56,1.8,-0.8,0.2,2,3,0.359375,0.00006728634479602759,0.12985225042548676,0.006650237841242833,NaN,NaN
B_4f,64,0,0,1,2,190.5,64,27.56,1.8,-0.8,0.2,2,10,0.453125,4.030807887495475e-9,0.00018994953520112004,0.000012435180286016905,NaN,NaN
B_4f,64,0,0,1,2,190.5,64,27.56,1.8,-0.8,0.2,2,30,0.453125,7.017980186536535e-23,3.41533039363211e-18,3.416899950527835e-18,NaN,NaN
B_4f,64,0,0,1,2,190.5,64,27.56,1.8,-0.8,0.2,2,100,0.453125,9.377169150525524e-71,3.917699097446767e-66,3.7622900347456263e-65,NaN,NaN
B_4f,64,0,0,1,2,190.5,64,27.56,1.8,-0.8,0.2,2,300,0.453125,4.90453005404853e-206,4.476204350416923e-202,1.1805648594550498e-200,NaN,NaN
B_4f,64,0,0,1,2,190.5,64,27.56,1.8,-0.8,0.2,2,1000,0.453125,0,0,0,NaN,NaN
B_4f,64,0,0,1,2,190.5,64,27.56,1.8,-0.8,0.2,2,3000,0.453125,0,0,0,NaN,NaN
B_4f,64,0,0,1,2,190.5,64,27.56,1.8,-0.8,0.2,3,1,0.125,0.01755002469159184,0.5187948162524053,0.019438178332498838,NaN,NaN
B_4f,64,0,0,1,2,190.5,64,27.56,1.8,-0.8,0.2,3,3,0.375,0.000053539179259656656,0.1076513499152129,0.01010736353004607,NaN,NaN
B_4f,64,0,0,1,2,190.5,64,27.56,1.8,-0.8,0.2,3,10,0.4375,2.8510930826015322e-9,0.0003262314978243422,0.00002213403891210362,NaN,NaN
B_4f,64,0,0,1,2,190.5,64,27.56,1.8,-0.8,0.2,3,30,0.4375,1.3550461275699685e-22,6.283343294697448e-18,1.0276983806642422e-17,NaN,NaN
B_4f,64,0,0,1,2,190.5,64,27.56,1.8,-0.8,0.2,3,100,0.4375,5.81849187804715e-70,1.1370855769602702e-65,1.236317797312399e-64,NaN,NaN
B_4f,64,0,0,1,2,190.5,64,27.56,1.8,-0.8,0.2,3,300,0.4375,1.7270894602312718e-205,2.835196585556428e-201,3.9530656824166786e-200,NaN,NaN
B_4f,64,0,0,1,2,190.5,64,27.56,1.8,-0.8,0.2,3,1000,0.4375,0,0,0,NaN,NaN
B_4f,64,0,0,1,2,190.5,64,27.56,1.8,-0.8,0.2,3,3000,0.4375,0,0,0,NaN,NaN
B_4f,64,0,0,1,2,190.5,64,27.56,2.2,-0.8,0.2,1,1,0.078125,0.019509015573832285,0.6445740212069465,0.02696339701175393,NaN,NaN
B_4f,64,0,0,1,2,190.5,64,27.56,2.2,-0.8,0.2,1,3,0.40625,0.00021023823824438208,0.16766523901198999,0.01987580265867683,NaN,NaN
B_4f,64,0,0,1,2,190.5,64,27.56,2.2,-0.8,0.2,1,10,0.53125,1.5425830173298042e-7,0.010570904971057293,0.0005014503529820229,NaN,NaN
B_4f,64,0,0,1,2,190.5,64,27.56,2.2,-0.8,0.2,1,30,0.53125,5.297350392422576e-18,2.3452429729554445e-13,3.042713629662367e-13,NaN,NaN
B_4f,64,0,0,1,2,190.5,64,27.56,2.2,-0.8,0.2,1,100,0.53125,2.9980114281572813e-59,4.937712247767022e-55,6.242626294671945e-54,NaN,NaN
B_4f,64,0,0,1,2,190.5,64,27.56,2.2,-0.8,0.2,1,300,0.53125,2.4038095204242386e-177,3.248899247934784e-173,5.495890344820078e-172,NaN,NaN
B_4f,64,0,0,1,2,190.5,64,27.56,2.2,-0.8,0.2,1,1000,0.53125,0,0,0,NaN,NaN
B_4f,64,0,0,1,2,190.5,64,27.56,2.2,-0.8,0.2,1,3000,0.53125,0,0,0,NaN,NaN
B_4f,64,0,0,1,2,190.5,64,27.56,2.2,-0.8,0.2,2,1,0.078125,0.024380277583461674,0.6608600544450244,0.022045775444312403,NaN,NaN
B_4f,64,0,0,1,2,190.5,64,27.56,2.2,-0.8,0.2,2,3,0.328125,0.00011649493813947562,0.1961081738889812,0.01084891988612604,NaN,NaN
B_4f,64,0,0,1,2,190.5,64,27.56,2.2,-0.8,0.2,2,10,0.453125,1.4997432742276096e-7,0.006921957344344534,0.00031246242567847376,NaN,NaN
B_4f,64,0,0,1,2,190.5,64,27.56,2.2,-0.8,0.2,2,30,0.453125,2.9368060552785588e-18,1.5864246133023007e-13,9.391826023707127e-14,NaN,NaN
B_4f,64,0,0,1,2,190.5,64,27.56,2.2,-0.8,0.2,2,100,0.453125,4.780214864689166e-60,2.1541272513907258e-55,1.8463524507345823e-54,NaN,NaN
B_4f,64,0,0,1,2,190.5,64,27.56,2.2,-0.8,0.2,2,300,0.453125,6.685742391567427e-178,6.183934797379381e-174,1.6175619620091474e-172,NaN,NaN
B_4f,64,0,0,1,2,190.5,64,27.56,2.2,-0.8,0.2,2,1000,0.453125,0,0,0,NaN,NaN
B_4f,64,0,0,1,2,190.5,64,27.56,2.2,-0.8,0.2,2,3000,0.453125,0,0,0,NaN,NaN
B_4f,64,0,0,1,2,190.5,64,27.56,2.2,-0.8,0.2,3,1,0.109375,0.019562338584358074,0.5782806594113603,0.021666990940796504,NaN,NaN
B_4f,64,0,0,1,2,190.5,64,27.56,2.2,-0.8,0.2,3,3,0.34375,0.00009232779586384438,0.16215996443825884,0.016116637346411267,NaN,NaN
B_4f,64,0,0,1,2,190.5,64,27.56,2.2,-0.8,0.2,3,10,0.4375,1.3780111464241165e-7,0.012460705579688905,0.00041290204029083717,NaN,NaN
B_4f,64,0,0,1,2,190.5,64,27.56,2.2,-0.8,0.2,3,30,0.4375,4.48955306440665e-18,2.735892730901836e-13,2.873655829970405e-13,NaN,NaN
B_4f,64,0,0,1,2,190.5,64,27.56,2.2,-0.8,0.2,3,100,0.4375,2.7061110590518967e-59,5.679903531531634e-55,5.868217817809416e-54,NaN,NaN
B_4f,64,0,0,1,2,190.5,64,27.56,2.2,-0.8,0.2,3,300,0.4375,2.243830881383202e-177,3.7061801292245284e-173,5.1668017973729183e-172,NaN,NaN
B_4f,64,0,0,1,2,190.5,64,27.56,2.2,-0.8,0.2,3,1000,0.4375,0,0,0,NaN,NaN
B_4f,64,0,0,1,2,190.5,64,27.56,2.2,-0.8,0.2,3,3000,0.4375,0,0,0,NaN,NaN
B_4f,64,0,0,1,2,190.5,64,27.56,2.6,-0.8,0.2,1,1,0.078125,0.02151584430262273,0.7108792460243966,0.0297370336180802,NaN,NaN
B_4f,64,0,0,1,2,190.5,64,27.56,2.6,-0.8,0.2,1,3,0.390625,0.00033484072487883977,0.23529862068614527,0.029710704731374687,NaN,NaN
B_4f,64,0,0,1,2,190.5,64,27.56,2.6,-0.8,0.2,1,10,0.5,4.711882825907778e-7,0.045343629450761584,0.0029831178850806546,NaN,NaN
B_4f,64,0,0,1,2,190.5,64,27.56,2.6,-0.8,0.2,1,30,0.53125,5.823633852540716e-9,0.0005684945619807807,0.00004202238427927765,NaN,NaN
B_4f,64,0,0,1,2,190.5,64,27.56,2.6,-0.8,0.2,1,100,0.53125,7.257901735509259e-45,1.3756159543233739e-40,1.4232784818587887e-39,NaN,NaN
B_4f,64,0,0,1,2,190.5,64,27.56,2.6,-0.8,0.2,1,300,0.53125,1.9262524635475745e-148,2.642193383765368e-144,4.468014729576669e-143,NaN,NaN
B_4f,64,0,0,1,2,190.5,64,27.56,2.6,-0.8,0.2,1,1000,0.53125,0,0,0,NaN,NaN
B_4f,64,0,0,1,2,190.5,64,27.56,2.6,-0.8,0.2,1,3000,0.53125,0,0,0,NaN,NaN
B_4f,64,0,0,1,2,190.5,64,27.56,2.6,-0.8,0.2,2,1,0.078125,0.02688819712892569,0.728840570322473,0.02431355237763199,NaN,NaN
B_4f,64,0,0,1,2,190.5,64,27.56,2.6,-0.8,0.2,2,3,0.265625,0.00018730226501438362,0.27351010434289125,0.016428380208406045,NaN,NaN
B_4f,64,0,0,1,2,190.5,64,27.56,2.6,-0.8,0.2,2,10,0.4375,0.0000017985905885201892,0.038989580185158,0.003218229606450801,NaN,NaN
B_4f,64,0,0,1,2,190.5,64,27.56,2.6,-0.8,0.2,2,30,0.453125,5.582941840465928e-9,0.00047492185522491926,0.00001694953340234417,NaN,NaN
B_4f,64,0,0,1,2,190.5,64,27.56,2.6,-0.8,0.2,2,100,0.453125,1.6785188531064337e-45,8.98586565174405e-41,5.583531714743741e-40,NaN,NaN
B_4f,64,0,0,1,2,190.5,64,27.56,2.6,-0.8,0.2,2,300,0.453125,7.12838668683922e-149,6.858324616183371e-145,1.7558316180011564e-143,NaN,NaN
B_4f,64,0,0,1,2,190.5,64,27.56,2.6,-0.8,0.2,2,1000,0.453125,0,0,0,NaN,NaN
B_4f,64,0,0,1,2,190.5,64,27.56,2.6,-0.8,0.2,2,3000,0.453125,0,0,0,NaN,NaN
B_4f,64,0,0,1,2,190.5,64,27.56,2.6,-0.8,0.2,3,1,0.109375,0.02157465247712429,0.6377665025703154,0.023895803549094156,NaN,NaN
B_4f,64,0,0,1,2,190.5,64,27.56,2.6,-0.8,0.2,3,3,0.328125,0.00014675793715864652,0.22598293572033248,0.023775655230374868,NaN,NaN
B_4f,64,0,0,1,2,190.5,64,27.56,2.6,-0.8,0.2,3,10,0.40625,6.276965466064852e-7,0.05214085361633034,0.0018261758967847434,NaN,NaN
B_4f,64,0,0,1,2,190.5,64,27.56,2.6,-0.8,0.2,3,30,0.4375,4.1160111502561585e-9,0.000617326351165508,0.00003619803179296393,NaN,NaN
B_4f,64,0,0,1,2,190.5,64,27.56,2.6,-0.8,0.2,3,100,0.4375,4.5278294781642174e-45,1.4590192680570572e-40,1.1780019392818365e-39,NaN,NaN
B_4f,64,0,0,1,2,190.5,64,27.56,2.6,-0.8,0.2,3,300,0.4375,1.5673635175050905e-148,2.652986817717891e-144,3.696131120753227e-143,NaN,NaN
B_4f,64,0,0,1,2,190.5,64,27.56,2.6,-0.8,0.2,3,1000,0.4375,0,0,0,NaN,NaN
B_4f,64,0,0,1,2,190.5,64,27.56,2.6,-0.8,0.2,3,3000,0.4375,0,0,0,NaN,NaN
B_4f,64,0,0,1,2,190.5,64,27.56,3,-0.8,0.2,1,1,0.078125,0.02352267303141315,0.7771844708418459,0.032510670224406416,NaN,NaN
B_4f,64,0,0,1,2,190.5,64,27.56,3,-0.8,0.2,1,3,0.34375,0.0005001556974357436,0.3119790225474092,0.04192591520033743,NaN,NaN
B_4f,64,0,0,1,2,190.5,64,27.56,3,-0.8,0.2,1,10,0.46875,0.0000010936503613331703,0.09969511876016801,0.009324943624705264,NaN,NaN
B_4f,64,0,0,1,2,190.5,64,27.56,3,-0.8,0.2,1,30,0.5,0.0000010683406330237914,0.07037861794099574,0.0026881977345272192,NaN,NaN
B_4f,64,0,0,1,2,190.5,64,27.56,3,-0.8,0.2,1,100,0.5,0.0000010584490489318258,0.07010476914596711,0.002664877564813549,NaN,NaN
B_4f,64,0,0,1,2,190.5,64,27.56,3,-0.8,0.2,1,300,0.5,0.0000010437343367385936,0.07010497258498034,0.002664504187603381,NaN,NaN
B_4f,64,0,0,1,2,190.5,64,27.56,3,-0.8,0.2,1,1000,0.5,9.645535746060898e-7,0.07010699313334463,0.0026606789432178234,NaN,NaN
B_4f,64,0,0,1,2,190.5,64,27.56,3,-0.8,0.2,1,3000,0.5,0.000001157507881061363,0.07027317083616645,0.0023409509624254875,NaN,NaN
B_4f,64,0,0,1,2,190.5,64,27.56,3,-0.8,0.2,2,1,0.078125,0.029396116674389735,0.7968210861999209,0.026581329310951547,NaN,NaN
B_4f,64,0,0,1,2,190.5,64,27.56,3,-0.8,0.2,2,3,0.25,0.0002851598549552411,0.360515758865746,0.02356104757082537,NaN,NaN
B_4f,64,0,0,1,2,190.5,64,27.56,3,-0.8,0.2,2,10,0.359375,0.000007084480116304566,0.11514766274359896,0.012964040898270758,NaN,NaN
B_4f,64,0,0,1,2,190.5,64,27.56,3,-0.8,0.2,2,30,0.4375,3.859235416127552e-7,0.041696127952904886,0.0008657763814085137,NaN,NaN
B_4f,64,0,0,1,2,190.5,64,27.56,3,-0.8,0.2,2,100,0.4375,3.834978797635069e-7,0.041503525316085345,0.0008573065837752902,NaN,NaN
B_4f,64,0,0,1,2,190.5,64,27.56,3,-0.8,0.2,2,300,0.4375,3.83497868477111e-7,0.04150352410041918,0.000857306551564613,NaN,NaN
B_4f,64,0,0,1,2,190.5,64,27.56,3,-0.8,0.2,2,1000,0.4375,3.8349786847710577e-7,0.04150352410041906,0.0008573065515646114,NaN,NaN
B_4f,64,0,0,1,2,190.5,64,27.56,3,-0.8,0.2,2,3000,0.4375,3.8349786847711546e-7,0.04150352410041915,0.0008573065515646132,NaN,NaN
B_4f,64,0,0,1,2,190.5,64,27.56,3,-0.8,0.2,3,1,0.109375,0.023586966369890543,0.6972523457292704,0.026124616157391783,NaN,NaN
B_4f,64,0,0,1,2,190.5,64,27.56,3,-0.8,0.2,3,3,0.28125,0.00021994248587946228,0.29794761045302465,0.033170943351188226,NaN,NaN
B_4f,64,0,0,1,2,190.5,64,27.56,3,-0.8,0.2,3,10,0.375,0.0000025215973141319363,0.11343662336697646,0.004747963703034084,NaN,NaN
B_4f,64,0,0,1,2,190.5,64,27.56,3,-0.8,0.2,3,30,0.40625,0.0000010159942688290359,0.0853410077604754,0.0026736874175408696,NaN,NaN
B_4f,64,0,0,1,2,190.5,64,27.56,3,-0.8,0.2,3,100,0.40625,0.000001004600800844308,0.08518708792828053,0.002663035210611158,NaN,NaN
B_4f,64,0,0,1,2,190.5,64,27.56,3,-0.8,0.2,3,300,0.40625,9.791167817393328e-7,0.08518799957248961,0.0026616488338448915,NaN,NaN
B_4f,64,0,0,1,2,190.5,64,27.56,3,-0.8,0.2,3,1000,0.40625,8.567439403539646e-7,0.08519703220184263,0.0026475295757094875,NaN,NaN
B_4f,64,0,0,1,2,190.5,64,27.56,3,-0.8,0.2,3,3000,0.40625,8.421155126587612e-7,0.08572880363636629,0.0022631224733297237,NaN,NaN
B_4f,64,0,0,1,2,190.5,64,27.56,3.5,-0.8,0.2,1,1,0.078125,0.02603120894240125,0.8600660018636589,0.035977715982314216,NaN,NaN
B_4f,64,0,0,1,2,190.5,64,27.56,3.5,-0.8,0.2,1,3,0.265625,0.0007724147035602382,0.418804365924305,0.06072437999195473,NaN,NaN
B_4f,64,0,0,1,2,190.5,64,27.56,3.5,-0.8,0.2,1,10,0.46875,0.000009419731378151224,0.19103206541667103,0.0245925261497216,NaN,NaN
B_4f,64,0,0,1,2,190.5,64,27.56,3.5,-0.8,0.2,1,30,0.46875,0.000003099019840758733,0.16545975934242477,0.0559820727812482,NaN,NaN
B_4f,64,0,0,1,2,190.5,64,27.56,3.5,-0.8,0.2,1,100,0.484375,0.000008795481506564653,0.16628445065919975,2.2698734126424376,NaN,NaN
B_4f,64,0,0,1,2,190.5,64,27.56,3.5,-0.8,0.2,1,300,0.484375,0.000009290554163981565,0.16969695274492014,2.2611926591228695,NaN,NaN
B_4f,64,0,0,1,2,190.5,64,27.56,3.5,-0.8,0.2,1,1000,0.484375,0.000010020355380905814,0.17163922508737667,2.2429135970392267,NaN,NaN
B_4f,64,0,0,1,2,190.5,64,27.56,3.5,-0.8,0.2,1,3000,0.484375,0.000008703039454081593,0.1715869912028868,2.2711783737900726,NaN,NaN
B_4f,64,0,0,1,2,190.5,64,27.56,3.5,-0.8,0.2,2,1,0.078125,0.03253101610621979,0.8817967310467314,0.029416050477600996,NaN,NaN
B_4f,64,0,0,1,2,190.5,64,27.56,3.5,-0.8,0.2,2,3,0.21875,0.00045494049175599143,0.4807265363720461,0.03491136850028461,NaN,NaN
B_4f,64,0,0,1,2,190.5,64,27.56,3.5,-0.8,0.2,2,10,0.359375,0.00001557010878116141,0.24514575138224523,0.03804679573743584,NaN,NaN
B_4f,64,0,0,1,2,190.5,64,27.56,3.5,-0.8,0.2,2,30,0.359375,0.000016764332642075713,0.2059514699256339,0.0783888902877635,NaN,NaN
B_4f,64,0,0,1,2,190.5,64,27.56,3.5,-0.8,0.2,2,100,0.375,0.000011800211388573238,0.2024717965494472,2.1701461439428273,NaN,NaN
B_4f,64,0,0,1,2,190.5,64,27.56,3.5,-0.8,0.2,2,300,0.390625,0.0000088478678556049,0.21124533782834887,2.274714716575669,NaN,NaN
B_4f,64,0,0,1,2,190.5,64,27.56,3.5,-0.8,0.2,2,1000,0.390625,0.000006586209621950176,0.2088020975801437,2.2874888170751118,NaN,NaN
B_4f,64,0,0,1,2,190.5,64,27.56,3.5,-0.8,0.2,2,3000,0.390625,0.000011478456201862087,0.21447335898268532,2.281174519813156,NaN,NaN
B_4f,64,0,0,1,2,190.5,64,27.56,3.5,-0.8,0.2,3,1,0.109375,0.026102358735848354,0.771609649677964,0.028910631917763874,NaN,NaN
B_4f,64,0,0,1,2,190.5,64,27.56,3.5,-0.8,0.2,3,3,0.25,0.00034309565608795655,0.39775367187283167,0.0474804831539708,NaN,NaN
B_4f,64,0,0,1,2,190.5,64,27.56,3.5,-0.8,0.2,3,10,0.375,0.000007593983573288583,0.2118455929649978,0.012028886700600736,NaN,NaN
B_4f,64,0,0,1,2,190.5,64,27.56,3.5,-0.8,0.2,3,30,0.375,0.0000010946005007749676,0.18846721149873544,0.012498322583709944,NaN,NaN
B_4f,64,0,0,1,2,190.5,64,27.56,3.5,-0.8,0.2,3,100,0.375,0.0000011883920850458252,0.17464768405197545,0.009520788406560933,NaN,NaN
B_4f,64,0,0,1,2,190.5,64,27.56,3.5,-0.8,0.2,3,300,0.40625,0.000001638026908625404,0.14590528375234152,0.005314959009912489,NaN,NaN
B_4f,64,0,0,1,2,190.5,64,27.56,3.5,-0.8,0.2,3,1000,0.40625,0.0000014223068521355608,0.14627923276946028,0.004374821535813185,NaN,NaN
B_4f,64,0,0,1,2,190.5,64,27.56,3.5,-0.8,0.2,3,3000,0.40625,0.0000014419697699435111,0.14688692184751534,0.004701058413022767,NaN,NaN
B_4f,64,0,0,1,2,190.5,64,27.56,4,-0.8,0.2,1,1,0.078125,0.028539744853389285,0.9429475328854705,0.03944476174022203,NaN,NaN
B_4f,64,0,0,1,2,190.5,64,27.56,4,-0.8,0.2,1,3,0.21875,0.0011280446599483442,0.5360112808076594,0.08362156108795644,NaN,NaN
B_4f,64,0,0,1,2,190.5,64,27.56,4,-0.8,0.2,1,10,0.40625,0.000013422748648465144,0.3140266106009457,0.053895542138981886,NaN,NaN
B_4f,64,0,0,1,2,190.5,64,27.56,4,-0.8,0.2,1,30,0.5,0.000014357213040971557,0.25986767352221235,2.6865490856862864,NaN,NaN
B_4f,64,0,0,1,2,190.5,64,27.56,4,-0.8,0.2,1,100,0.5,0.000016990757608971663,0.2656930081014878,3.125738344803434,NaN,NaN
B_4f,64,0,0,1,2,190.5,64,27.56,4,-0.8,0.2,1,300,0.5,0.00001650137400044146,0.2663959646390909,3.1158336125535055,NaN,NaN
B_4f,64,0,0,1,2,190.5,64,27.56,4,-0.8,0.2,1,1000,0.5,0.000015020144509170374,0.26738435180975345,3.0964107758162234,NaN,NaN
B_4f,64,0,0,1,2,190.5,64,27.56,4,-0.8,0.2,1,3000,0.5,0.000015002264841188496,0.2673904628060503,3.0961942926611794,NaN,NaN
B_4f,64,0,0,1,2,190.5,64,27.56,4,-0.8,0.2,2,1,0.078125,0.03566591553804985,0.9667723758935414,0.03225077164425048,NaN,NaN
B_4f,64,0,0,1,2,190.5,64,27.56,4,-0.8,0.2,2,3,0.21875,0.0006902092920584142,0.6116189325770637,0.04924525790246774,NaN,NaN
B_4f,64,0,0,1,2,190.5,64,27.56,4,-0.8,0.2,2,10,0.328125,0.000025512074607570084,0.400591124371193,0.0881403771717756,NaN,NaN
B_4f,64,0,0,1,2,190.5,64,27.56,4,-0.8,0.2,2,30,0.375,0.000023666136551534054,0.35219098210733046,2.5276367967685687,NaN,NaN
B_4f,64,0,0,1,2,190.5,64,27.56,4,-0.8,0.2,2,100,0.40625,0.000016569926150671298,0.35818416195721825,3.1994573248035243,NaN,NaN
B_4f,64,0,0,1,2,190.5,64,27.56,4,-0.8,0.2,2,300,0.40625,0.000013847609374318592,0.36343059572528547,3.1526846702606868,NaN,NaN
B_4f,64,0,0,1,2,190.5,64,27.56,4,-0.8,0.2,2,1000,0.40625,0.00001500364495290927,0.36423607539008007,3.1236300701512887,NaN,NaN
B_4f,64,0,0,1,2,190.5,64,27.56,4,-0.8,0.2,2,3000,0.40625,0.00001503594398012355,0.36422642208713124,3.123450955675582,NaN,NaN
B_4f,64,0,0,1,2,190.5,64,27.56,4,-0.8,0.2,3,1,0.109375,0.028617751101806123,0.8459669536266577,0.03169664767813593,NaN,NaN
B_4f,64,0,0,1,2,190.5,64,27.56,4,-0.8,0.2,3,3,0.21875,0.0005086244026174619,0.506870311784739,0.0647813568121952,NaN,NaN
B_4f,64,0,0,1,2,190.5,64,27.56,4,-0.8,0.2,3,10,0.34375,0.000012237647190676788,0.3330778655756458,0.030967501787639417,NaN,NaN
B_4f,64,0,0,1,2,190.5,64,27.56,4,-0.8,0.2,3,30,0.40625,0.000006481147631168615,0.3076401093560193,2.0878583971607565,NaN,NaN
B_4f,64,0,0,1,2,190.5,64,27.56,4,-0.8,0.2,3,100,0.40625,0.000007605866530227441,0.31955600558038155,3.1445061415291855,NaN,NaN
B_4f,64,0,0,1,2,190.5,64,27.56,4,-0.8,0.2,3,300,0.40625,0.000010011841862981551,0.324347341991868,3.1063563621293047,NaN,NaN
B_4f,64,0,0,1,2,190.5,64,27.56,4,-0.8,0.2,3,1000,0.40625,0.000009875615029739347,0.3249529084178177,3.1013551685027734,NaN,NaN
B_4f,64,0,0,1,2,190.5,64,27.56,4,-0.8,0.2,3,3000,0.40625,0.000009874286277440861,0.324953560310723,3.1013549428097003,NaN,NaN
B_4f,64,0,0,1,3,254,36,15.5,1.8,-0.8,0.2,1,1,0.08333333333333333,0.034767712439382495,0.7221453456294771,0.001087261149372948,NaN,NaN
B_4f,64,0,0,1,3,254,36,15.5,1.8,-0.8,0.2,1,3,0.4444444444444444,0.00003503867876679211,0.1916253705529542,0.00044730353915210656,NaN,NaN
B_4f,64,0,0,1,3,254,36,15.5,1.8,-0.8,0.2,1,10,0.5555555555555556,3.610238300327779e-8,0.0004974007629884025,0.0000011489198554889555,NaN,NaN
B_4f,64,0,0,1,3,254,36,15.5,1.8,-0.8,0.2,1,30,0.5555555555555556,3.2498639181460826e-22,5.3630479882419754e-18,1.8864966710807583e-20,NaN,NaN
B_4f,64,0,0,1,3,254,36,15.5,1.8,-0.8,0.2,1,100,0.5555555555555556,7.095182385116933e-71,1.4784892876218295e-66,6.372430024242769e-69,NaN,NaN
B_4f,64,0,0,1,3,254,36,15.5,1.8,-0.8,0.2,1,300,0.5555555555555556,1.794732073089924e-209,6.6355208835473975e-205,2.824641795374664e-207,NaN,NaN
B_4f,64,0,0,1,3,254,36,15.5,1.8,-0.8,0.2,1,1000,0.5555555555555556,0,0,0,NaN,NaN
B_4f,64,0,0,1,3,254,36,15.5,1.8,-0.8,0.2,1,3000,0.5555555555555556,0,0,0,NaN,NaN
B_4f,64,0,0,1,3,254,36,15.5,1.8,-0.8,0.2,2,1,0.19444444444444445,0.021346391181612846,0.5163594382010113,0.0032858808516161896,NaN,NaN
B_4f,64,0,0,1,3,254,36,15.5,1.8,-0.8,0.2,2,3,0.5277777777777778,0.000034862780249192844,0.09935587506483776,0.0009193276051891519,NaN,NaN
B_4f,64,0,0,1,3,254,36,15.5,1.8,-0.8,0.2,2,10,0.5833333333333334,1.0874975936624547e-9,0.00010177522387363563,0.0000031099201504398093,NaN,NaN
B_4f,64,0,0,1,3,254,36,15.5,1.8,-0.8,0.2,2,30,0.5833333333333334,2.1401395385984632e-23,5.649879324953421e-19,5.969553909600165e-20,NaN,NaN
B_4f,64,0,0,1,3,254,36,15.5,1.8,-0.8,0.2,2,100,0.5833333333333334,2.2365957711362246e-73,1.1081055724351316e-68,3.247122512420896e-68,NaN,NaN
B_4f,64,0,0,1,3,254,36,15.5,1.8,-0.8,0.2,2,300,0.5833333333333334,1.0208903783623906e-212,1.6240017168449815e-209,2.0847610075435905e-206,NaN,NaN
B_4f,64,0,0,1,3,254,36,15.5,1.8,-0.8,0.2,2,1000,0.5833333333333334,0,0,0,NaN,NaN
B_4f,64,0,0,1,3,254,36,15.5,1.8,-0.8,0.2,2,3000,0.5833333333333334,0,0,0,NaN,NaN
B_4f,64,0,0,1,3,254,36,15.5,1.8,-0.8,0.2,3,1,0.16666666666666666,0.021164019128490714,0.43715300415146296,0.002709782611010039,NaN,NaN
B_4f,64,0,0,1,3,254,36,15.5,1.8,-0.8,0.2,3,3,0.5277777777777778,0.00005032689961020962,0.04706861532715783,0.0007832088681956233,NaN,NaN
B_4f,64,0,0,1,3,254,36,15.5,1.8,-0.8,0.2,3,10,0.5555555555555556,1.1833462303116417e-11,5.832918170643702e-7,1.5124122246798828e-7,NaN,NaN
B_4f,64,0,0,1,3,254,36,15.5,1.8,-0.8,0.2,3,30,0.5555555555555556,3.1133958385926016e-27,2.5455870571367476e-23,4.4747022130880295e-21,NaN,NaN
B_4f,64,0,0,1,3,254,36,15.5,1.8,-0.8,0.2,3,100,0.5555555555555556,7.841570321164371e-76,4.1214601854853034e-73,1.6697913294581545e-69,NaN,NaN
B_4f,64,0,0,1,3,254,36,15.5,1.8,-0.8,0.2,3,300,0.5555555555555556,3.5779198126099714e-214,1.8875811451573287e-211,7.518186845213711e-208,NaN,NaN
B_4f,64,0,0,1,3,254,36,15.5,1.8,-0.8,0.2,3,1000,0.5555555555555556,0,0,0,NaN,NaN
B_4f,64,0,0,1,3,254,36,15.5,1.8,-0.8,0.2,3,3000,0.5555555555555556,0,0,0,NaN,NaN
B_4f,64,0,0,1,3,254,36,15.5,2.2,-0.8,0.2,1,1,0.027777777777777776,0.0387542339395483,0.8049476856343253,0.0012119282512372907,NaN,NaN
B_4f,64,0,0,1,3,254,36,15.5,2.2,-0.8,0.2,1,3,0.2777777777777778,0.0000609225274188438,0.28435475243959907,0.00069451508476794,NaN,NaN
B_4f,64,0,0,1,3,254,36,15.5,2.2,-0.8,0.2,1,10,0.5555555555555556,0.000001458967246688076,0.023376903937684674,0.00003347090972147229,NaN,NaN
B_4f,64,0,0,1,3,254,36,15.5,2.2,-0.8,0.2,1,30,0.5555555555555556,1.1381838380779338e-17,1.8331130868356115e-13,7.283739541306662e-16,NaN,NaN
B_4f,64,0,0,1,3,254,36,15.5,2.2,-0.8,0.2,1,100,0.5555555555555556,3.0584400265686035e-60,7.512885910080443e-56,3.237002360166849e-58,NaN,NaN
B_4f,64,0,0,1,3,254,36,15.5,2.2,-0.8,0.2,1,300,0.5555555555555556,2.4725194975716884e-181,9.16811946411642e-177,3.9022063349028366e-179,NaN,NaN
B_4f,64,0,0,1,3,254,36,15.5,2.2,-0.8,0.2,1,1000,0.5555555555555556,0,0,0,NaN,NaN
B_4f,64,0,0,1,3,254,36,15.5,2.2,-0.8,0.2,1,3000,0.5555555555555556,0,0,0,NaN,NaN
B_4f,64,0,0,1,3,254,36,15.5,2.2,-0.8,0.2,2,1,0.16666666666666666,0.023794002526328618,0.575566037018543,0.0036626452040247398,NaN,NaN
B_4f,64,0,0,1,3,254,36,15.5,2.2,-0.8,0.2,2,3,0.4166666666666667,0.00006110947099278395,0.15006459736049668,0.0014460606521496506,NaN,NaN
B_4f,64,0,0,1,3,254,36,15.5,2.2,-0.8,0.2,2,10,0.5833333333333334,2.383510222965596e-8,0.006223888457344557,0.00009455703717733815,NaN,NaN
B_4f,64,0,0,1,3,254,36,15.5,2.2,-0.8,0.2,2,30,0.5833333333333334,3.0942799221121163e-19,7.740596063440712e-15,8.428677300004463e-16,NaN,NaN
B_4f,64,0,0,1,3,254,36,15.5,2.2,-0.8,0.2,2,100,0.5833333333333334,4.182895069349009e-63,2.034657940380252e-58,5.464064230547496e-58,NaN,NaN
B_4f,64,0,0,1,3,254,36,15.5,2.2,-0.8,0.2,2,300,0.5833333333333334,4.696631203985608e-185,7.637090078318767e-182,9.584869891609584e-179,NaN,NaN
B_4f,64,0,0,1,3,254,36,15.5,2.2,-0.8,0.2,2,1000,0.5833333333333334,0,0,0,NaN,NaN
B_4f,64,0,0,1,3,254,36,15.5,2.2,-0.8,0.2,2,3000,0.5833333333333334,0,0,0,NaN,NaN
B_4f,64,0,0,1,3,254,36,15.5,2.2,-0.8,0.2,3,1,0.1388888888888889,0.023590719401991554,0.48727766659367233,0.0030204906179978784,NaN,NaN
B_4f,64,0,0,1,3,254,36,15.5,2.2,-0.8,0.2,3,3,0.4722222222222222,0.00008528331464019052,0.07516518760219729,0.0012803520773831084,NaN,NaN
B_4f,64,0,0,1,3,254,36,15.5,2.2,-0.8,0.2,3,10,0.5555555555555556,2.3724115540457737e-10,0.000013210913007559777,0.0000020888549021392875,NaN,NaN
B_4f,64,0,0,1,3,254,36,15.5,2.2,-0.8,0.2,3,30,0.5555555555555556,2.6320859281107743e-24,3.086804013814515e-20,4.024152185958461e-18,NaN,NaN
B_4f,64,0,0,1,3,254,36,15.5,2.2,-0.8,0.2,3,100,0.5555555555555556,8.965161154622749e-67,4.750738653922765e-64,1.922337089485013e-60,NaN,NaN
B_4f,64,0,0,1,3,254,36,15.5,2.2,-0.8,0.2,3,300,0.5555555555555556,1.1117387696357677e-187,5.86446233292626e-185,2.335640455202808e-181,NaN,NaN
B_4f,64,0,0,1,3,254,36,15.5,2.2,-0.8,0.2,3,1000,0.5555555555555556,0,0,0,NaN,NaN
B_4f,64,0,0,1,3,254,36,15.5,2.2,-0.8,0.2,3,3000,0.5555555555555556,0,0,0,NaN,NaN
B_4f,64,0,0,1,3,254,36,15.5,2.6,-0.8,0.2,1,1,0.027777777777777776,0.04274075543971405,0.8877500256391739,0.0013365953531016097,NaN,NaN
B_4f,64,0,0,1,3,254,36,15.5,2.6,-0.8,0.2,1,3,0.2777777777777778,0.00009825852392641657,0.3908886320761428,0.0009953667781370614,NaN,NaN
B_4f,64,0,0,1,3,254,36,15.5,2.6,-0.8,0.2,1,10,0.4444444444444444,0.0000045599104104444115,0.11146991642910449,0.00015341693627211113,NaN,NaN
B_4f,64,0,0,1,3,254,36,15.5,2.6,-0.8,0.2,1,30,0.5555555555555556,8.120377436533987e-9,0.00047708262935539813,0.0000010912266091752461,NaN,NaN
B_4f,64,0,0,1,3,254,36,15.5,2.6,-0.8,0.2,1,100,0.5555555555555556,8.32782212343718e-46,3.4536626378093883e-41,1.5674703737607828e-43,NaN,NaN
B_4f,64,0,0,1,3,254,36,15.5,2.6,-0.8,0.2,1,300,0.5555555555555556,3.6826009378346024e-152,1.375810517659227e-147,5.85380776169652e-150,NaN,NaN
B_4f,64,0,0,1,3,254,36,15.5,2.6,-0.8,0.2,1,1000,0.5555555555555556,0,0,0,NaN,NaN
B_4f,64,0,0,1,3,254,36,15.5,2.6,-0.8,0.2,1,3000,0.5555555555555556,0,0,0,NaN,NaN
B_4f,64,0,0,1,3,254,36,15.5,2.6,-0.8,0.2,2,1,0.1111111111111111,0.026241613871044407,0.6347726358360755,0.004039409556433294,NaN,NaN
B_4f,64,0,0,1,3,254,36,15.5,2.6,-0.8,0.2,2,3,0.4166666666666667,0.0000987097943204826,0.2094179473001694,0.0021174636745703405,NaN,NaN
B_4f,64,0,0,1,3,254,36,15.5,2.6,-0.8,0.2,2,10,0.5277777777777778,1.7530558851379519e-7,0.04141154164736374,0.000509603547562619,NaN,NaN
B_4f,64,0,0,1,3,254,36,15.5,2.6,-0.8,0.2,2,30,0.5833333333333334,2.6422468322717915e-13,1.5267453702761537e-8,1.4381069918142734e-9,NaN,NaN
B_4f,64,0,0,1,3,254,36,15.5,2.6,-0.8,0.2,2,100,0.5833333333333334,1.1059873175311334e-51,5.23344880821902e-47,1.2808644394323842e-46,NaN,NaN
B_4f,64,0,0,1,3,254,36,15.5,2.6,-0.8,0.2,2,300,0.5833333333333334,3.629175890922322e-159,6.044340556580791e-156,7.406638407394107e-153,NaN,NaN
B_4f,64,0,0,1,3,254,36,15.5,2.6,-0.8,0.2,2,1000,0.5833333333333334,0,0,0,NaN,NaN
B_4f,64,0,0,1,3,254,36,15.5,2.6,-0.8,0.2,2,3000,0.5833333333333334,0,0,0,NaN,NaN
B_4f,64,0,0,1,3,254,36,15.5,2.6,-0.8,0.2,3,1,0.1111111111111111,0.026017419675492398,0.537402329035882,0.003331198624985734,NaN,NaN
B_4f,64,0,0,1,3,254,36,15.5,2.6,-0.8,0.2,3,3,0.4722222222222222,0.0001330537607435586,0.10986637326267312,0.0019269454087255818,NaN,NaN
B_4f,64,0,0,1,3,254,36,15.5,2.6,-0.8,0.2,3,10,0.5555555555555556,5.508077544920171e-9,0.0003558765260550915,0.000026106160319043133,NaN,NaN
B_4f,64,0,0,1,3,254,36,15.5,2.6,-0.8,0.2,3,30,0.5555555555555556,1.6326888187422148e-21,2.4282207381579893e-17,1.9940275404410784e-15,NaN,NaN
B_4f,64,0,0,1,3,254,36,15.5,2.6,-0.8,0.2,3,100,0.5555555555555556,5.434103266445329e-59,2.893460145511014e-56,1.1679951725940218e-52,NaN,NaN
B_4f,64,0,0,1,3,254,36,15.5,2.6,-0.8,0.2,3,300,0.5555555555555556,2.1936287175248286e-165,1.156993401466604e-162,4.6075498768659e-159,NaN,NaN
B_4f,64,0,0,1,3,254,36,15.5,2.6,-0.8,0.2,3,1000,0.5555555555555556,0,0,0,NaN,NaN
B_4f,64,0,0,1,3,254,36,15.5,2.6,-0.8,0.2,3,3000,0.5555555555555556,0,0,0,NaN,NaN
B_4f,64,0,0,1,3,254,36,15.5,3,-0.8,0.2,1,1,0.027777777777777776,0.0467272769398798,0.9705523656440219,0.0014612624549659465,NaN,NaN
B_4f,64,0,0,1,3,254,36,15.5,3,-0.8,0.2,1,3,0.2777777777777778,0.00014964000201556213,0.5090318659842408,0.0013475591735559098,NaN,NaN
B_4f,64,0,0,1,3,254,36,15.5,3,-0.8,0.2,1,10,0.4444444444444444,0.000008790669624245768,0.22902167559440767,0.00034790834005256897,NaN,NaN
B_4f,64,0,0,1,3,254,36,15.5,3,-0.8,0.2,1,30,0.4444444444444444,0.000011012765422870897,0.17905093808698974,0.00023463960053936943,NaN,NaN
B_4f,64,0,0,1,3,254,36,15.5,3,-0.8,0.2,1,100,0.4722222222222222,0.000009665909860157153,0.14791075521619199,0.0002218229043814798,NaN,NaN
B_4f,64,0,0,1,3,254,36,15.5,3,-0.8,0.2,1,300,0.4722222222222222,0.000009659798614146676,0.14788841344674705,0.0002219688753844114,NaN,NaN
B_4f,64,0,0,1,3,254,36,15.5,3,-0.8,0.2,1,1000,0.4722222222222222,0.000009657064757003127,0.1478875889813917,0.00022206766787253378,NaN,NaN
B_4f,64,0,0,1,3,254,36,15.5,3,-0.8,0.2,1,3000,0.4722222222222222,0.000009656271340892768,0.147887567907797,0.000222058871359009,NaN,NaN
B_4f,64,0,0,1,3,254,36,15.5,3,-0.8,0.2,2,1,0.1111111111111111,0.028689225215760165,0.6939792346536076,0.004416173908841856,NaN,NaN
B_4f,64,0,0,1,3,254,36,15.5,3,-0.8,0.2,2,3,0.4166666666666667,0.00015018135317593613,0.2762945346265236,0.0029458905588318563,NaN,NaN
B_4f,64,0,0,1,3,254,36,15.5,3,-0.8,0.2,2,10,0.5277777777777778,0.0000014682590933086295,0.09339087352747003,0.001159651932502785,NaN,NaN
B_4f,64,0,0,1,3,254,36,15.5,3,-0.8,0.2,2,30,0.5277777777777778,2.6140915461663116e-7,0.06725455061319047,0.0009375995997412941,NaN,NaN
B_4f,64,0,0,1,3,254,36,15.5,3,-0.8,0.2,2,100,0.5555555555555556,4.5024753680415805e-7,0.04020079254108683,0.0007495823876146027,NaN,NaN
B_4f,64,0,0,1,3,254,36,15.5,3,-0.8,0.2,2,300,0.5555555555555556,4.501038383522681e-7,0.040188325315391224,0.0007493244652656869,NaN,NaN
B_4f,64,0,0,1,3,254,36,15.5,3,-0.8,0.2,2,1000,0.5555555555555556,4.5010383835172253e-7,0.040188325315344074,0.0007493244652647147,NaN,NaN
B_4f,64,0,0,1,3,254,36,15.5,3,-0.8,0.2,2,3000,0.5555555555555556,4.501038383517245e-7,0.04018832531534406,0.000749324465264714,NaN,NaN
B_4f,64,0,0,1,3,254,36,15.5,3,-0.8,0.2,3,1,0.1111111111111111,0.028444119948993214,0.5875269914780914,0.0036419066319735606,NaN,NaN
B_4f,64,0,0,1,3,254,36,15.5,3,-0.8,0.2,3,3,0.4722222222222222,0.00019563335877742976,0.15071522654252412,0.0027323705889449935,NaN,NaN
B_4f,64,0,0,1,3,254,36,15.5,3,-0.8,0.2,3,10,0.5555555555555556,1.0893147734463409e-7,0.007072656550929113,0.00024205028634901015,NaN,NaN
B_4f,64,0,0,1,3,254,36,15.5,3,-0.8,0.2,3,30,0.5555555555555556,1.1532886314480079e-18,2.9027303493933003e-14,1.068205406057845e-12,NaN,NaN
B_4f,64,0,0,1,3,254,36,15.5,3,-0.8,0.2,3,100,0.5555555555555556,6.834456957095175e-52,3.634538041474813e-49,1.460762286783067e-45,NaN,NaN
B_4f,64,0,0,1,3,254,36,15.5,3,-0.8,0.2,3,300,0.5555555555555556,7.40480987511743e-146,3.904976144346364e-143,1.5549246487316297e-139,NaN,NaN
B_4f,64,0,0,1,3,254,36,15.5,3,-0.8,0.2,3,1000,0.5555555555555556,0,0,0,NaN,NaN
B_4f,64,0,0,1,3,254,36,15.5,3,-0.8,0.2,3,3000,0.5555555555555556,0,0,0,NaN,NaN
B_4f,64,0,0,1,3,254,36,15.5,3.5,-0.8,0.2,1,1,0.027777777777777776,0.05171042881508698,1.0740552906500822,0.0016170963322963566,NaN,NaN
B_4f,64,0,0,1,3,254,36,15.5,3.5,-0.8,0.2,1,3,0.25,0.00023776933179823893,0.6702521248348698,0.0018569099528498844,NaN,NaN
B_4f,64,0,0,1,3,254,36,15.5,3.5,-0.8,0.2,1,10,0.3888888888888889,0.000028323587575431594,0.427452105538458,0.0007622680467464327,NaN,NaN
B_4f,64,0,0,1,3,254,36,15.5,3.5,-0.8,0.2,1,30,0.4444444444444444,0.000021114297327755093,0.3482660987360514,0.0004957341833098265,NaN,NaN
B_4f,64,0,0,1,3,254,36,15.5,3.5,-0.8,0.2,1,100,0.4444444444444444,0.00002096229400535206,0.3480849154433544,0.0004921924827472731,NaN,NaN
B_4f,64,0,0,1,3,254,36,15.5,3.5,-0.8,0.2,1,300,0.4444444444444444,0.000020846038542205546,0.3480611615805012,0.00048652535953664874,NaN,NaN
B_4f,64,0,0,1,3,254,36,15.5,3.5,-0.8,0.2,1,1000,0.4444444444444444,0.000021005709648513672,0.3480088067523895,0.0004762324131758675,NaN,NaN
B_4f,64,0,0,1,3,254,36,15.5,3.5,-0.8,0.2,1,3000,0.4444444444444444,0.000021227579031641044,0.3479579005377533,0.00047057333973459474,NaN,NaN
B_4f,64,0,0,1,3,254,36,15.5,3.5,-0.8,0.2,2,1,0.08333333333333333,0.031748739396654874,0.767987483175523,0.004887129349352556,NaN,NaN
B_4f,64,0,0,1,3,254,36,15.5,3.5,-0.8,0.2,2,3,0.3888888888888889,0.00023820472158188037,0.3689677914133009,0.004221649409805693,NaN,NaN
B_4f,64,0,0,1,3,254,36,15.5,3.5,-0.8,0.2,2,10,0.5,0.0000046849654100744395,0.1873628810258382,0.0022455350662963433,NaN,NaN
B_4f,64,0,0,1,3,254,36,15.5,3.5,-0.8,0.2,2,30,0.5277777777777778,5.74899715377792e-7,0.1499328098541295,0.002185286081364996,NaN,NaN
B_4f,64,0,0,1,3,254,36,15.5,3.5,-0.8,0.2,2,100,0.5277777777777778,5.810142305173463e-7,0.14989230514174742,0.0021822530291018007,NaN,NaN
B_4f,64,0,0,1,3,254,36,15.5,3.5,-0.8,0.2,2,300,0.5277777777777778,5.941171311500113e-7,0.14989053833295862,0.0021753980614998944,NaN,NaN
B_4f,64,0,0,1,3,254,36,15.5,3.5,-0.8,0.2,2,1000,0.5277777777777778,6.107028364550625e-7,0.14988530889168017,0.002166885610422062,NaN,NaN
B_4f,64,0,0,1,3,254,36,15.5,3.5,-0.8,0.2,2,3000,0.5277777777777778,6.135442687349954e-7,0.14988414287801927,0.002165442252549819,NaN,NaN
B_4f,64,0,0,1,3,254,36,15.5,3.5,-0.8,0.2,3,1,0.08333333333333333,0.03147749529086927,0.6501828195308537,0.004030291640708341,NaN,NaN
B_4f,64,0,0,1,3,254,36,15.5,3.5,-0.8,0.2,3,3,0.3888888888888889,0.00029798480292766793,0.20962952180024258,0.003975566249652322,NaN,NaN
B_4f,64,0,0,1,3,254,36,15.5,3.5,-0.8,0.2,3,10,0.5,6.778111980757929e-7,0.04502716033040992,0.0012059838483088933,NaN,NaN
B_4f,64,0,0,1,3,254,36,15.5,3.5,-0.8,0.2,3,30,0.5555555555555556,2.2758118345056645e-13,1.4920078841310934e-8,3.935257883483833e-8,NaN,NaN
B_4f,64,0,0,1,3,254,36,15.5,3.5,-0.8,0.2,3,100,0.5555555555555556,1.5588247275288446e-42,8.211429187427173e-40,3.274559720971789e-36,NaN,NaN
B_4f,64,0,0,1,3,254,36,15.5,3.5,-0.8,0.2,3,300,0.5555555555555556,4.084300798203973e-123,2.1535938975111e-120,8.574273623490222e-117,NaN,NaN
B_4f,64,0,0,1,3,254,36,15.5,3.5,-0.8,0.2,3,1000,0.5555555555555556,0,0,0,NaN,NaN
B_4f,64,0,0,1,3,254,36,15.5,3.5,-0.8,0.2,3,3000,0.5555555555555556,0,0,0,NaN,NaN
B_4f,64,0,0,1,3,254,36,15.5,4,-0.8,0.2,1,1,0.027777777777777776,0.05669358069029414,1.1775582156561417,0.0017729302096267747,NaN,NaN
B_4f,64,0,0,1,3,254,36,15.5,4,-0.8,0.2,1,3,0.25,0.00035772906866688857,0.8438363222267524,0.002503740197629645,NaN,NaN
B_4f,64,0,0,1,3,254,36,15.5,4,-0.8,0.2,1,10,0.2777777777777778,0.0001000724332939876,0.6742347752885091,0.001752674150187983,NaN,NaN
B_4f,64,0,0,1,3,254,36,15.5,4,-0.8,0.2,1,30,0.3888888888888889,0.000052598216783775223,0.5485272216471758,0.0010131892634273434,NaN,NaN
B_4f,64,0,0,1,3,254,36,15.5,4,-0.8,0.2,1,100,0.4444444444444444,0.000030271765547393434,0.4913198203934493,0.0007693767405450106,NaN,NaN
B_4f,64,0,0,1,3,254,36,15.5,4,-0.8,0.2,1,300,0.4444444444444444,0.000029761551489888985,0.4913058638343636,0.0007553728676708635,NaN,NaN
B_4f,64,0,0,1,3,254,36,15.5,4,-0.8,0.2,1,1000,0.4444444444444444,0.000029872414717107797,0.4912424620219447,0.0007348585245108977,NaN,NaN
B_4f,64,0,0,1,3,254,36,15.5,4,-0.8,0.2,1,3000,0.4444444444444444,0.000030203500180683715,0.4911776736717398,0.000724141604041985,NaN,NaN
B_4f,64,0,0,1,3,254,36,15.5,4,-0.8,0.2,2,1,0.05555555555555555,0.03480825357754959,0.8419957316974378,0.005358084789863247,NaN,NaN
B_4f,64,0,0,1,3,254,36,15.5,4,-0.8,0.2,2,3,0.3888888888888889,0.0003579915957833383,0.47021371072705137,0.00578821217329254,NaN,NaN
B_4f,64,0,0,1,3,254,36,15.5,4,-0.8,0.2,2,10,0.4166666666666667,0.000007654741481330325,0.3156806993053592,0.0037037325062606666,NaN,NaN
B_4f,64,0,0,1,3,254,36,15.5,4,-0.8,0.2,2,30,0.5,0.000006876608832572714,0.2273600680108009,0.003698504354623617,NaN,NaN
B_4f,64,0,0,1,3,254,36,15.5,4,-0.8,0.2,2,100,0.5277777777777778,9.227320387204693e-7,0.21564045381787517,0.0036644515249550143,NaN,NaN
B_4f,64,0,0,1,3,254,36,15.5,4,-0.8,0.2,2,300,0.5277777777777778,9.428110498205481e-7,0.21563871764379028,0.00365220010638075,NaN,NaN
B_4f,64,0,0,1,3,254,36,15.5,4,-0.8,0.2,2,1000,0.5277777777777778,9.681507222753444e-7,0.215632836170665,0.003636977960131008,NaN,NaN
B_4f,64,0,0,1,3,254,36,15.5,4,-0.8,0.2,2,3000,0.5277777777777778,9.72407017427574e-7,0.21563152714872721,0.003634442364799354,NaN,NaN
B_4f,64,0,0,1,3,254,36,15.5,4,-0.8,0.2,3,1,0.08333333333333333,0.03451087063274526,0.7128386475836153,0.004418676649443144,NaN,NaN
B_4f,64,0,0,1,3,254,36,15.5,4,-0.8,0.2,3,3,0.3888888888888889,0.00043151750126457084,0.2763177825791972,0.005496788861657134,NaN,NaN
B_4f,64,0,0,1,3,254,36,15.5,4,-0.8,0.2,3,10,0.4722222222222222,0.000001976647372453589,0.10410085427714129,0.003111670041752786,NaN,NaN
B_4f,64,0,0,1,3,254,36,15.5,4,-0.8,0.2,3,30,0.5,8.798801786420556e-7,0.07179063546644271,0.0024996395762372507,NaN,NaN
B_4f,64,0,0,1,3,254,36,15.5,4,-0.8,0.2,3,100,0.5,8.551339751514268e-7,0.07017513903847661,0.0024161156437666016,NaN,NaN
B_4f,64,0,0,1,3,254,36,15.5,4,-0.8,0.2,3,300,0.5,8.534858088628794e-7,0.07017294712993234,0.002415973064669917,NaN,NaN
B_4f,64,0,0,1,3,254,36,15.5,4,-0.8,0.2,3,1000,0.5,8.455581050240833e-7,0.07017316894194348,0.002415780550346718,NaN,NaN
B_4f,64,0,0,1,3,254,36,15.5,4,-0.8,0.2,3,3000,0.5,7.836245083074359e-7,0.07017858949211561,0.002410330354574987,NaN,NaN
B_4f,64,0,0,1,4,317.5,25,9.92,1.8,-0.8,0.2,1,1,0.08,0.03206618898184197,0.602651012732496,0.001908199361932252,NaN,NaN
B_4f,64,0,0,1,4,317.5,25,9.92,1.8,-0.8,0.2,1,3,0.48,0.00004396090399527503,0.1295945774159147,0.000218775279775034,NaN,NaN
B_4f,64,0,0,1,4,317.5,25,9.92,1.8,-0.8,0.2,1,10,0.64,5.0245018560383675e-9,0.0009987734802340852,0.0000010166650343020212,NaN,NaN
B_4f,64,0,0,1,4,317.5,25,9.92,1.8,-0.8,0.2,1,30,0.64,1.5610976573066842e-21,4.0747796314495874e-17,2.6319149276914367e-19,NaN,NaN
B_4f,64,0,0,1,4,317.5,25,9.92,1.8,-0.8,0.2,1,100,0.64,7.139666036395437e-69,1.774655909172786e-64,1.326886776041267e-66,NaN,NaN
B_4f,64,0,0,1,4,317.5,25,9.92,1.8,-0.8,0.2,1,300,0.64,3.4410412565462335e-204,8.552952570371584e-200,6.395184114197176e-202,NaN,NaN
B_4f,64,0,0,1,4,317.5,25,9.92,1.8,-0.8,0.2,1,1000,0.64,0,0,0,NaN,NaN
B_4f,64,0,0,1,4,317.5,25,9.92,1.8,-0.8,0.2,1,3000,0.64,0,0,0,NaN,NaN
B_4f,64,0,0,1,4,317.5,25,9.92,1.8,-0.8,0.2,2,1,0.12,0.01670408760723777,0.5805155193111171,0.0019009433990190708,NaN,NaN
B_4f,64,0,0,1,4,317.5,25,9.92,1.8,-0.8,0.2,2,3,0.4,0.000052720304691874944,0.1420202033458264,0.00010006014708486614,NaN,NaN
B_4f,64,0,0,1,4,317.5,25,9.92,1.8,-0.8,0.2,2,10,0.56,5.214702603759333e-9,0.0009081028339929054,0.000002065442835925721,NaN,NaN
B_4f,64,0,0,1,4,317.5,25,9.92,1.8,-0.8,0.2,2,30,0.56,1.1324090675498906e-21,3.449696990986833e-17,4.243217347833731e-19,NaN,NaN
B_4f,64,0,0,1,4,317.5,25,9.92,1.8,-0.8,0.2,2,100,0.56,5.291567912889012e-69,1.5023443643217368e-64,1.9672974650738126e-66,NaN,NaN
B_4f,64,0,0,1,4,317.5,25,9.92,1.8,-0.8,0.2,2,300,0.56,2.5503590407425295e-204,7.240547522827524e-200,9.48143047356698e-202,NaN,NaN
B_4f,64,0,0,1,4,317.5,25,9.92,1.8,-0.8,0.2,2,1000,0.56,0,0,0,NaN,NaN
B_4f,64,0,0,1,4,317.5,25,9.92,1.8,-0.8,0.2,2,3000,0.56,0,0,0,NaN,NaN
B_4f,64,0,0,1,4,317.5,25,9.92,1.8,-0.8,0.2,3,1,0.04,0.20600963582134757,0.6771200714837289,0.0005885024571141444,NaN,NaN
B_4f,64,0,0,1,4,317.5,25,9.92,1.8,-0.8,0.2,3,3,0.4,0.0006797333458826465,0.12852168562844543,0.00029177033271123617,NaN,NaN
B_4f,64,0,0,1,4,317.5,25,9.92,1.8,-0.8,0.2,3,10,0.52,1.608651683541801e-10,0.000011156318572809447,1.0096368631934901e-7,NaN,NaN
B_4f,64,0,0,1,4,317.5,25,9.92,1.8,-0.8,0.2,3,30,0.52,6.276290598668846e-26,3.9310535367026314e-21,2.4534099850250393e-21,NaN,NaN
B_4f,64,0,0,1,4,317.5,25,9.92,1.8,-0.8,0.2,3,100,0.52,3.3473196571892066e-74,2.2462531274934577e-72,1.3114867395234758e-68,NaN,NaN
B_4f,64,0,0,1,4,317.5,25,9.92,1.8,-0.8,0.2,3,300,0.52,1.5935591354651396e-209,1.0269503432230807e-207,6.321415011981429e-204,NaN,NaN
B_4f,64,0,0,1,4,317.5,25,9.92,1.8,-0.8,0.2,3,1000,0.52,0,0,0,NaN,NaN
B_4f,64,0,0,1,4,317.5,25,9.92,1.8,-0.8,0.2,3,3000,0.52,0,0,0,NaN,NaN
B_4f,64,0,0,1,4,317.5,25,9.92,2.2,-0.8,0.2,1,1,0.08,0.035742949482762666,0.6717519414618017,0.0021269965518885526,NaN,NaN
B_4f,64,0,0,1,4,317.5,25,9.92,2.2,-0.8,0.2,1,3,0.48,0.00007410055686789977,0.19448852308956516,0.00034591560212006087,NaN,NaN
B_4f,64,0,0,1,4,317.5,25,9.92,2.2,-0.8,0.2,1,10,0.6,1.7313165903045727e-7,0.019909876509682806,0.000014021896290433848,NaN,NaN
B_4f,64,0,0,1,4,317.5,25,9.92,2.2,-0.8,0.2,1,30,0.64,3.638755746275673e-16,9.381218173495834e-12,4.976743615205386e-14,NaN,NaN
B_4f,64,0,0,1,4,317.5,25,9.92,2.2,-0.8,0.2,1,100,0.64,2.071716599756148e-57,5.149482954469593e-53,3.8497751464028134e-55,NaN,NaN
B_4f,64,0,0,1,4,317.5,25,9.92,2.2,-0.8,0.2,1,300,0.64,2.687660863566654e-175,6.680372066913786e-171,4.9950246967632594e-173,NaN,NaN
B_4f,64,0,0,1,4,317.5,25,9.92,2.2,-0.8,0.2,1,1000,0.64,0,0,0,NaN,NaN
B_4f,64,0,0,1,4,317.5,25,9.92,2.2,-0.8,0.2,1,3000,0.64,0,0,0,NaN,NaN
B_4f,64,0,0,1,4,317.5,25,9.92,2.2,-0.8,0.2,2,1,0.12,0.01861940500130007,0.6470783569711596,0.002118908608665812,NaN,NaN
B_4f,64,0,0,1,4,317.5,25,9.92,2.2,-0.8,0.2,2,3,0.36,0.00008788277036718662,0.21071401492986616,0.00016904018078868217,NaN,NaN
B_4f,64,0,0,1,4,317.5,25,9.92,2.2,-0.8,0.2,2,10,0.52,1.5214654362216717e-7,0.020956023285462644,0.00003108849734521456,NaN,NaN
B_4f,64,0,0,1,4,317.5,25,9.92,2.2,-0.8,0.2,2,30,0.56,2.1488971425056383e-16,6.33681673677058e-12,7.194791842668455e-14,NaN,NaN
B_4f,64,0,0,1,4,317.5,25,9.92,2.2,-0.8,0.2,2,100,0.56,1.2251871193532314e-57,3.478403634106925e-53,4.5549222629908925e-55,NaN,NaN
B_4f,64,0,0,1,4,317.5,25,9.92,2.2,-0.8,0.2,2,300,0.56,1.5894502871959927e-175,4.512498105468209e-171,5.9090748198544395e-173,NaN,NaN
B_4f,64,0,0,1,4,317.5,25,9.92,2.2,-0.8,0.2,2,1000,0.56,0,0,0,NaN,NaN
B_4f,64,0,0,1,4,317.5,25,9.92,2.2,-0.8,0.2,2,3000,0.56,0,0,0,NaN,NaN
B_4f,64,0,0,1,4,317.5,25,9.92,2.2,-0.8,0.2,3,1,0.04,0.22963103006392227,0.7547597415618218,0.0006559810898334052,NaN,NaN
B_4f,64,0,0,1,4,317.5,25,9.92,2.2,-0.8,0.2,3,3,0.36,0.001261341419833106,0.19771846927002074,0.00044921880740877795,NaN,NaN
B_4f,64,0,0,1,4,317.5,25,9.92,2.2,-0.8,0.2,3,10,0.52,6.480947380545231e-9,0.000491923896244966,0.000003037693628905774,NaN,NaN
B_4f,64,0,0,1,4,317.5,25,9.92,2.2,-0.8,0.2,3,30,0.52,1.7001588236710145e-22,1.0589917143855268e-17,7.210433072895142e-18,NaN,NaN
B_4f,64,0,0,1,4,317.5,25,9.92,2.2,-0.8,0.2,3,100,0.52,1.2372236320411582e-64,8.28942645042869e-63,4.849953806065826e-59,NaN,NaN
B_4f,64,0,0,1,4,317.5,25,9.92,2.2,-0.8,0.2,3,300,0.52,1.5862626314109842e-182,1.0222481974558552e-180,6.292470852185446e-177,NaN,NaN
B_4f,64,0,0,1,4,317.5,25,9.92,2.2,-0.8,0.2,3,1000,0.52,0,0,0,NaN,NaN
B_4f,64,0,0,1,4,317.5,25,9.92,2.2,-0.8,0.2,3,3000,0.52,0,0,0,NaN,NaN
B_4f,64,0,0,1,4,317.5,25,9.92,2.6,-0.8,0.2,1,1,0.04,0.03941970998368338,0.7408528701911076,0.0023457937418448517,NaN,NaN
B_4f,64,0,0,1,4,317.5,25,9.92,2.6,-0.8,0.2,1,3,0.4,0.000115814296152439,0.2700831747937925,0.0005070075542228433,NaN,NaN
B_4f,64,0,0,1,4,317.5,25,9.92,2.6,-0.8,0.2,1,10,0.6,6.258066337924867e-7,0.06321172270264208,0.000043900201395432005,NaN,NaN
B_4f,64,0,0,1,4,317.5,25,9.92,2.6,-0.8,0.2,1,30,0.6,6.468161704822786e-7,0.030603417084013273,0.00002044528310436563,NaN,NaN
B_4f,64,0,0,1,4,317.5,25,9.92,2.6,-0.8,0.2,1,100,0.64,3.4644185570861283e-34,8.615829545579812e-30,6.404764595998377e-32,NaN,NaN
B_4f,64,0,0,1,4,317.5,25,9.92,2.6,-0.8,0.2,1,300,0.64,1.4555949276349039e-137,3.617984630103646e-133,2.705226954251787e-135,NaN,NaN
B_4f,64,0,0,1,4,317.5,25,9.92,2.6,-0.8,0.2,1,1000,0.64,0,0,0,NaN,NaN
B_4f,64,0,0,1,4,317.5,25,9.92,2.6,-0.8,0.2,1,3000,0.64,0,0,0,NaN,NaN
B_4f,64,0,0,1,4,317.5,25,9.92,2.6,-0.8,0.2,2,1,0.04,0.020534722395362387,0.7136411946312021,0.0023368738183125585,NaN,NaN
B_4f,64,0,0,1,4,317.5,25,9.92,2.6,-0.8,0.2,2,3,0.36,0.00013586401790590145,0.28954306769266325,0.0002650168030026008,NaN,NaN
B_4f,64,0,0,1,4,317.5,25,9.92,2.6,-0.8,0.2,2,10,0.52,6.523212135453184e-7,0.07276970050701696,0.00008510548054646699,NaN,NaN
B_4f,64,0,0,1,4,317.5,25,9.92,2.6,-0.8,0.2,2,30,0.52,6.227407984559027e-7,0.03369824205092308,0.000055350873053508953,NaN,NaN
B_4f,64,0,0,1,4,317.5,25,9.92,2.6,-0.8,0.2,2,100,0.56,9.451295388326862e-35,2.684565652180119e-30,3.514153442696502e-32,NaN,NaN
B_4f,64,0,0,1,4,317.5,25,9.92,2.6,-0.8,0.2,2,300,0.56,3.970768623488307e-138,1.1273133884769743e-133,1.4762065273471946e-135,NaN,NaN
B_4f,64,0,0,1,4,317.5,25,9.92,2.6,-0.8,0.2,2,1000,0.56,0,0,0,NaN,NaN
B_4f,64,0,0,1,4,317.5,25,9.92,2.6,-0.8,0.2,2,3000,0.56,0,0,0,NaN,NaN
B_4f,64,0,0,1,4,317.5,25,9.92,2.6,-0.8,0.2,3,1,0,0.2532524243064969,0.8323994116399144,0.0007234597225526656,NaN,NaN
B_4f,64,0,0,1,4,317.5,25,9.92,2.6,-0.8,0.2,3,3,0.28,0.002153856461172472,0.27974765007933644,0.000637477845913942,NaN,NaN
B_4f,64,0,0,1,4,317.5,25,9.92,2.6,-0.8,0.2,3,10,0.52,1.917414647839593e-7,0.014189043157994343,0.00005093124674652105,NaN,NaN
B_4f,64,0,0,1,4,317.5,25,9.92,2.6,-0.8,0.2,3,30,0.52,6.135182872017635e-19,4.2873278865673984e-14,2.2408124004949458e-14,NaN,NaN
B_4f,64,0,0,1,4,317.5,25,9.92,2.6,-0.8,0.2,3,100,0.52,4.769246502972552e-56,3.2112916075222213e-54,1.8668378089718553e-50,NaN,NaN
B_4f,64,0,0,1,4,317.5,25,9.92,2.6,-0.8,0.2,3,300,0.52,1.9764388899274666e-159,1.2736926739655054e-157,7.840242756602102e-154,NaN,NaN
B_4f,64,0,0,1,4,317.5,25,9.92,2.6,-0.8,0.2,3,1000,0.52,0,0,0,NaN,NaN
B_4f,64,0,0,1,4,317.5,25,9.92,2.6,-0.8,0.2,3,3000,0.52,0,0,0,NaN,NaN
B_4f,64,0,0,1,4,317.5,25,9.92,3,-0.8,0.2,1,1,0.04,0.04309647048460408,0.8099537989204126,0.002564590931801143,NaN,NaN
B_4f,64,0,0,1,4,317.5,25,9.92,3,-0.8,0.2,1,3,0.36,0.00017140769144057043,0.3549300598808113,0.0007402682455472046,NaN,NaN
B_4f,64,0,0,1,4,317.5,25,9.92,3,-0.8,0.2,1,10,0.56,0.0000019405003106222947,0.13874260988124687,0.00008655319865427387,NaN,NaN
B_4f,64,0,0,1,4,317.5,25,9.92,3,-0.8,0.2,1,30,0.6,0.0000020409154143607505,0.09131626013084046,0.00006636934928840677,NaN,NaN
B_4f,64,0,0,1,4,317.5,25,9.92,3,-0.8,0.2,1,100,0.6,0.000002039743323454963,0.09122945033253062,0.00006626299373504782,NaN,NaN
B_4f,64,0,0,1,4,317.5,25,9.92,3,-0.8,0.2,1,300,0.6,0.0000020397433221428233,0.09122945027872376,0.00006626299368701024,NaN,NaN
B_4f,64,0,0,1,4,317.5,25,9.92,3,-0.8,0.2,1,1000,0.6,0.0000020397433221428262,0.09122945027872378,0.00006626299368700999,NaN,NaN
B_4f,64,0,0,1,4,317.5,25,9.92,3,-0.8,0.2,1,3000,0.6,0.0000020397433221428144,0.09122945027872374,0.00006626299368701029,NaN,NaN
B_4f,64,0,0,1,4,317.5,25,9.92,3,-0.8,0.2,2,1,0.04,0.022450039789424683,0.7802040322912446,0.002554839027959295,NaN,NaN
B_4f,64,0,0,1,4,317.5,25,9.92,3,-0.8,0.2,2,3,0.36,0.00019897472666069013,0.3768958338482778,0.0003931964103414746,NaN,NaN
B_4f,64,0,0,1,4,317.5,25,9.92,3,-0.8,0.2,2,10,0.44,0.000001055043313078096,0.1703270599990498,0.0001389731901839187,NaN,NaN
B_4f,64,0,0,1,4,317.5,25,9.92,3,-0.8,0.2,2,30,0.52,0.0000020378351277683104,0.10421969262660072,0.00018668025303363676,NaN,NaN
B_4f,64,0,0,1,4,317.5,25,9.92,3,-0.8,0.2,2,100,0.52,0.0000020397433217436344,0.10425006536828829,0.00018679205915737306,NaN,NaN
B_4f,64,0,0,1,4,317.5,25,9.92,3,-0.8,0.2,2,300,0.52,0.0000020397433221428156,0.10425006538699204,0.00018679205919876053,NaN,NaN
B_4f,64,0,0,1,4,317.5,25,9.92,3,-0.8,0.2,2,1000,0.52,0.0000020397433221427707,0.1042500653869921,0.0001867920591987604,NaN,NaN
B_4f,64,0,0,1,4,317.5,25,9.92,3,-0.8,0.2,2,3000,0.52,0.0000020397433221428178,0.10425006538699207,0.00018679205919876015,NaN,NaN
B_4f,64,0,0,1,4,317.5,25,9.92,3,-0.8,0.2,3,1,0,0.2768738185490715,0.9100390817180073,0.0007909383552719227,NaN,NaN
B_4f,64,0,0,1,4,317.5,25,9.92,3,-0.8,0.2,3,3,0.24,0.0034487177128945984,0.37295417275671117,0.0008536452434928842,NaN,NaN
B_4f,64,0,0,1,4,317.5,25,9.92,3,-0.8,0.2,3,10,0.44,0.0000012763270713862127,0.07298104903525267,0.0002325332741477195,NaN,NaN
B_4f,64,0,0,1,4,317.5,25,9.92,3,-0.8,0.2,3,30,0.52,5.758510138664042e-14,5.462147610357889e-9,6.990470511269262e-10,NaN,NaN
B_4f,64,0,0,1,4,317.5,25,9.92,3,-0.8,0.2,3,100,0.52,4.070584734810728e-47,2.845681347028736e-45,1.575735713597837e-41,NaN,NaN
B_4f,64,0,0,1,4,317.5,25,9.92,3,-0.8,0.2,3,300,0.52,4.486275855463498e-138,2.891127431101591e-136,1.779639732806685e-132,NaN,NaN
B_4f,64,0,0,1,4,317.5,25,9.92,3,-0.8,0.2,3,1000,0.52,0,0,0,NaN,NaN
B_4f,64,0,0,1,4,317.5,25,9.92,3,-0.8,0.2,3,3000,0.52,0,0,0,NaN,NaN
B_4f,64,0,0,1,4,317.5,25,9.92,3.5,-0.8,0.2,1,1,0.04,0.04769242111075499,0.896329959832045,0.002838087419246506,NaN,NaN
B_4f,64,0,0,1,4,317.5,25,9.92,3.5,-0.8,0.2,1,3,0.36,0.0002642849701954219,0.47207436440149464,0.0011149418050769558,NaN,NaN
B_4f,64,0,0,1,4,317.5,25,9.92,3.5,-0.8,0.2,1,10,0.48,0.000005220245893308809,0.2751485004340887,0.0001488088921674374,NaN,NaN
B_4f,64,0,0,1,4,317.5,25,9.92,3.5,-0.8,0.2,1,30,0.56,0.000001305569497160779,0.1911573969724999,0.00015967080012099604,NaN,NaN
B_4f,64,0,0,1,4,317.5,25,9.92,3.5,-0.8,0.2,1,100,0.56,0.000001159712968192454,0.18827863631380493,0.00015487766329984662,NaN,NaN
B_4f,64,0,0,1,4,317.5,25,9.92,3.5,-0.8,0.2,1,300,0.56,0.000001431113246723504,0.18884554441773022,0.00015037992527261717,NaN,NaN
B_4f,64,0,0,1,4,317.5,25,9.92,3.5,-0.8,0.2,1,1000,0.56,0.000008317185662767162,0.19901051439808876,0.0001097050744283461,NaN,NaN
B_4f,64,0,0,1,4,317.5,25,9.92,3.5,-0.8,0.2,1,3000,0.56,0.00000836955736035667,0.19881820751664023,0.00011178685957982398,NaN,NaN
B_4f,64,0,0,1,4,317.5,25,9.92,3.5,-0.8,0.2,2,1,0.04,0.024844186532002575,0.863407579366298,0.002827295540017724,NaN,NaN
B_4f,64,0,0,1,4,317.5,25,9.92,3.5,-0.8,0.2,2,3,0.36,0.0003029835853944471,0.49607552503139424,0.000606891462868534,NaN,NaN
B_4f,64,0,0,1,4,317.5,25,9.92,3.5,-0.8,0.2,2,10,0.4,0.000002823729189126887,0.3389273716953722,0.0002620439298001572,NaN,NaN
B_4f,64,0,0,1,4,317.5,25,9.92,3.5,-0.8,0.2,2,30,0.44,0.0000014786641313655654,0.2657806727492878,0.00026740065870309044,NaN,NaN
B_4f,64,0,0,1,4,317.5,25,9.92,3.5,-0.8,0.2,2,100,0.44,0.000001484299647338193,0.2601373129646697,0.0002752137698117173,NaN,NaN
B_4f,64,0,0,1,4,317.5,25,9.92,3.5,-0.8,0.2,2,300,0.44,0.000002130769648622254,0.2626462781203081,0.00031254472962301944,NaN,NaN
B_4f,64,0,0,1,4,317.5,25,9.92,3.5,-0.8,0.2,2,1000,0.44,0.000010531770046540607,0.2858061080810625,0.00044115509056337027,NaN,NaN
B_4f,64,0,0,1,4,317.5,25,9.92,3.5,-0.8,0.2,2,3000,0.44,0.00001049834985284519,0.2857101876490412,0.0004400941173562648,NaN,NaN
B_4f,64,0,0,1,4,317.5,25,9.92,3.5,-0.8,0.2,3,1,0,0.30640056135228977,1.0070886693156234,0.0008752866461709987,NaN,NaN
B_4f,64,0,0,1,4,317.5,25,9.92,3.5,-0.8,0.2,3,3,0.24,0.005779076803555803,0.502866112667319,0.0011591883423476008,NaN,NaN
B_4f,64,0,0,1,4,317.5,25,9.92,3.5,-0.8,0.2,3,10,0.4,0.000004324154195846754,0.195475794549709,0.0006881659049640155,NaN,NaN
B_4f,64,0,0,1,4,317.5,25,9.92,3.5,-0.8,0.2,3,30,0.44,0.000001047150112376178,0.11911746820788247,0.0005339052547671164,NaN,NaN
B_4f,64,0,0,1,4,317.5,25,9.92,3.5,-0.8,0.2,3,100,0.44,0.0000010152466807318174,0.11613253055268859,0.0005278183423525672,NaN,NaN
B_4f,64,0,0,1,4,317.5,25,9.92,3.5,-0.8,0.2,3,300,0.44,0.0000010144076180270435,0.11612898330264271,0.0005277942067892028,NaN,NaN
B_4f,64,0,0,1,4,317.5,25,9.92,3.5,-0.8,0.2,3,1000,0.44,0.0000010091186517390295,0.11613739074699415,0.0005275405972890196,NaN,NaN
B_4f,64,0,0,1,4,317.5,25,9.92,3.5,-0.8,0.2,3,3000,0.44,5.193370037132398e-7,0.12226031515241396,0.0003399656091698225,NaN,NaN
B_4f,64,0,0,1,4,317.5,25,9.92,4,-0.8,0.2,1,1,0.04,0.05228837173690587,0.9827061207436768,0.003111583906691887,NaN,NaN
B_4f,64,0,0,1,4,317.5,25,9.92,4,-0.8,0.2,1,3,0.32,0.00038821951640760416,0.5996080954044242,0.0015901916567420135,NaN,NaN
B_4f,64,0,0,1,4,317.5,25,9.92,4,-0.8,0.2,1,10,0.48,0.000008330776186772838,0.4347218981651033,0.00039684611368771225,NaN,NaN
B_4f,64,0,0,1,4,317.5,25,9.92,4,-0.8,0.2,1,30,0.48,0.000008927504690275743,0.40446411124753906,0.0003059212366596162,NaN,NaN
B_4f,64,0,0,1,4,317.5,25,9.92,4,-0.8,0.2,1,100,0.48,0.000008834071454084037,0.4038804628465255,0.00030372907099275793,NaN,NaN
B_4f,64,0,0,1,4,317.5,25,9.92,4,-0.8,0.2,1,300,0.48,0.00000983267916749031,0.4037908306835575,0.00030256863953451407,NaN,NaN
B_4f,64,0,0,1,4,317.5,25,9.92,4,-0.8,0.2,1,1000,0.48,0.00001747491080442821,0.4144355079200034,0.0002100635977298482,NaN,NaN
B_4f,64,0,0,1,4,317.5,25,9.92,4,-0.8,0.2,1,3000,0.48,0.000015121716569211008,0.4135944990131316,0.00020746498701635645,NaN,NaN
B_4f,64,0,0,1,4,317.5,25,9.92,4,-0.8,0.2,2,1,0.04,0.02723833327458047,0.9466111264413507,0.0030997520520761514,NaN,NaN
B_4f,64,0,0,1,4,317.5,25,9.92,4,-0.8,0.2,2,3,0.32,0.00043992025016087027,0.6244700823266008,0.0008899459713173812,NaN,NaN
B_4f,64,0,0,1,4,317.5,25,9.92,4,-0.8,0.2,2,10,0.36,0.000005245421897966853,0.5268505064078012,0.00043540253787539466,NaN,NaN
B_4f,64,0,0,1,4,317.5,25,9.92,4,-0.8,0.2,2,30,0.4,0.00000432624670942138,0.48868356458452084,0.00047343179869694014,NaN,NaN
B_4f,64,0,0,1,4,317.5,25,9.92,4,-0.8,0.2,2,100,0.4,0.000004567208586228667,0.4884438849280594,0.00047808323789100905,NaN,NaN
B_4f,64,0,0,1,4,317.5,25,9.92,4,-0.8,0.2,2,300,0.4,0.000007760640643653024,0.48984453787129384,0.0005012580670250879,NaN,NaN
B_4f,64,0,0,1,4,317.5,25,9.92,4,-0.8,0.2,2,1000,0.4,0.00001951369400924505,0.5106128274674303,0.0008932366354478168,NaN,NaN
B_4f,64,0,0,1,4,317.5,25,9.92,4,-0.8,0.2,2,3000,0.4,0.00001888248165467996,0.5101707390034327,0.00086782997661506,NaN,NaN
B_4f,64,0,0,1,4,317.5,25,9.92,4,-0.8,0.2,3,1,0,0.3359273041555081,1.104138256913239,0.0009596349370700703,NaN,NaN
B_4f,64,0,0,1,4,317.5,25,9.92,4,-0.8,0.2,3,3,0.16,0.00907366252399874,0.6452799157728241,0.0015002263296895065,NaN,NaN
B_4f,64,0,0,1,4,317.5,25,9.92,4,-0.8,0.2,3,10,0.36,0.000008476458663485269,0.3584020960316406,0.0014041661502713343,NaN,NaN
B_4f,64,0,0,1,4,317.5,25,9.92,4,-0.8,0.2,3,30,0.4,0.0000059621218826542834,0.2848937850200002,0.0011651336221904923,NaN,NaN
B_4f,64,0,0,1,4,317.5,25,9.92,4,-0.8,0.2,3,100,0.4,0.000006342062032758662,0.2847193658228427,0.0016258038074218975,NaN,NaN
B_4f,64,0,0,1,4,317.5,25,9.92,4,-0.8,0.2,3,300,0.4,0.000005932371652845996,0.28581025149786715,0.0033304959794164153,NaN,NaN
B_4f,64,0,0,1,4,317.5,25,9.92,4,-0.8,0.2,3,1000,0.4,0.0000025039839195226217,0.28546926831810526,0.0015962045715638038,NaN,NaN
B_4f,64,0,0,1,4,317.5,25,9.92,4,-0.8,0.2,3,3000,0.4,0.00001564254574355218,0.29135891226140165,0.0010213751917955583,NaN,NaN
B_4f,64,0,0,2,1,190.5,49,27.56,1.8,-0.8,0.2,1,1,0,0.5993531492919792,1.1870600486177576,0.030926057578378314,NaN,NaN
B_4f,64,0,0,2,1,190.5,49,27.56,1.8,-0.8,0.2,1,3,0.02040816326530612,0.05746642567701128,0.551287385537259,0.03151183573199523,NaN,NaN
B_4f,64,0,0,2,1,190.5,49,27.56,1.8,-0.8,0.2,1,10,0.5918367346938775,0.00004618637935682052,0.022783594621985422,0.0005950894004636879,NaN,NaN
B_4f,64,0,0,2,1,190.5,49,27.56,1.8,-0.8,0.2,1,30,0.5918367346938775,1.6710952225238248e-18,1.1446853830136485e-14,9.589878162040903e-16,NaN,NaN
B_4f,64,0,0,2,1,190.5,49,27.56,1.8,-0.8,0.2,1,100,0.5918367346938775,7.305192247228774e-64,4.547230408041739e-60,1.0811970227699605e-60,NaN,NaN
B_4f,64,0,0,2,1,190.5,49,27.56,1.8,-0.8,0.2,1,300,0.5918367346938775,4.581731906688983e-195,1.0672594694322025e-189,6.203211475972865e-190,NaN,NaN
B_4f,64,0,0,2,1,190.5,49,27.56,1.8,-0.8,0.2,1,1000,0.5918367346938775,0,0,0,NaN,NaN
B_4f,64,0,0,2,1,190.5,49,27.56,1.8,-0.8,0.2,1,3000,0.5918367346938775,0,0,0,NaN,NaN
B_4f,64,0,0,2,1,190.5,49,27.56,1.8,-0.8,0.2,2,1,0,0.6300649495677509,1.219275255534612,0.044874662859003066,NaN,NaN
B_4f,64,0,0,2,1,190.5,49,27.56,1.8,-0.8,0.2,2,3,0.02040816326530612,0.0629416826058996,0.5776479608007982,0.03957939694694671,NaN,NaN
B_4f,64,0,0,2,1,190.5,49,27.56,1.8,-0.8,0.2,2,10,0.5102040816326531,0.000010843252435883863,0.0266603499419325,0.000708115070863557,NaN,NaN
B_4f,64,0,0,2,1,190.5,49,27.56,1.8,-0.8,0.2,2,30,0.5102040816326531,1.7639569280589583e-18,1.2906430409333185e-14,9.626453085422064e-16,NaN,NaN
B_4f,64,0,0,2,1,190.5,49,27.56,1.8,-0.8,0.2,2,100,0.5102040816326531,4.988576005574908e-64,4.9470436576208116e-60,9.188407117328274e-61,NaN,NaN
B_4f,64,0,0,2,1,190.5,49,27.56,1.8,-0.8,0.2,2,300,0.5102040816326531,9.999237422321314e-195,1.145797233041747e-189,6.282331526035733e-190,NaN,NaN
B_4f,64,0,0,2,1,190.5,49,27.56,1.8,-0.8,0.2,2,1000,0.5102040816326531,0,0,0,NaN,NaN
B_4f,64,0,0,2,1,190.5,49,27.56,1.8,-0.8,0.2,2,3000,0.5102040816326531,0,0,0,NaN,NaN
B_4f,64,0,0,2,1,190.5,49,27.56,1.8,-0.8,0.2,3,1,0,0.49296400578816424,1.0841452424136881,0.04081880217546969,NaN,NaN
B_4f,64,0,0,2,1,190.5,49,27.56,1.8,-0.8,0.2,3,3,0.061224489795918366,0.025907623195717086,0.44263186569519364,0.03248238340146274,NaN,NaN
B_4f,64,0,0,2,1,190.5,49,27.56,1.8,-0.8,0.2,3,10,0.5102040816326531,0.000001618932477077787,0.017184822236816492,0.0007987278365928283,NaN,NaN
B_4f,64,0,0,2,1,190.5,49,27.56,1.8,-0.8,0.2,3,30,0.5102040816326531,1.3741134479050338e-19,1.0241007839858178e-14,1.1036222787422295e-15,NaN,NaN
B_4f,64,0,0,2,1,190.5,49,27.56,1.8,-0.8,0.2,3,100,0.5102040816326531,2.9977215211970294e-65,4.202606540099499e-60,1.6464140616254795e-60,NaN,NaN
B_4f,64,0,0,2,1,190.5,49,27.56,1.8,-0.8,0.2,3,300,0.5102040816326531,9.737979567097673e-195,1.0636886119807465e-189,7.369464887952082e-190,NaN,NaN
B_4f,64,0,0,2,1,190.5,49,27.56,1.8,-0.8,0.2,3,1000,0.5102040816326531,0,0,0,NaN,NaN
B_4f,64,0,0,2,1,190.5,49,27.56,1.8,-0.8,0.2,3,3000,0.5102040816326531,0,0,0,NaN,NaN
B_4f,64,0,0,2,1,190.5,49,27.56,2.2,-0.8,0.2,1,1,0,0.6680759397260736,1.323170251843039,0.03447208878956373,NaN,NaN
B_4f,64,0,0,2,1,190.5,49,27.56,2.2,-0.8,0.2,1,3,0.02040816326530612,0.09307200820375809,0.7806663085112505,0.04871466120879418,NaN,NaN
B_4f,64,0,0,2,1,190.5,49,27.56,2.2,-0.8,0.2,1,10,0.32653061224489793,0.0005803844979099501,0.18408440915067836,0.004482826888412945,NaN,NaN
B_4f,64,0,0,2,1,190.5,49,27.56,2.2,-0.8,0.2,1,30,0.5918367346938775,3.938353790798632e-12,1.0232606370918007e-7,1.7118936148080125e-8,NaN,NaN
B_4f,64,0,0,2,1,190.5,49,27.56,2.2,-0.8,0.2,1,100,0.5918367346938775,9.919510856090198e-52,5.435784715373975e-47,1.6307859725807596e-47,NaN,NaN
B_4f,64,0,0,2,1,190.5,49,27.56,2.2,-0.8,0.2,1,300,0.5918367346938775,6.002991681978035e-164,3.75814283127826e-159,3.2636954202392103e-159,NaN,NaN
B_4f,64,0,0,2,1,190.5,49,27.56,2.2,-0.8,0.2,1,1000,0.5918367346938775,0,0,0,NaN,NaN
B_4f,64,0,0,2,1,190.5,49,27.56,2.2,-0.8,0.2,1,3000,0.5918367346938775,0,0,0,NaN,NaN
B_4f,64,0,0,2,1,190.5,49,27.56,2.2,-0.8,0.2,2,1,0,0.7023092041281266,1.3590793058955148,0.05002006345480031,NaN,NaN
B_4f,64,0,0,2,1,190.5,49,27.56,2.2,-0.8,0.2,2,3,0.02040816326530612,0.10209395177553637,0.8188569540726618,0.06263277755089286,NaN,NaN
B_4f,64,0,0,2,1,190.5,49,27.56,2.2,-0.8,0.2,2,10,0.22448979591836735,0.00030701019911140876,0.21803098970449064,0.007194071927093348,NaN,NaN
B_4f,64,0,0,2,1,190.5,49,27.56,2.2,-0.8,0.2,2,30,0.5102040816326531,8.826538931975834e-12,2.904004989931179e-7,1.1822168181149001e-8,NaN,NaN
B_4f,64,0,0,2,1,190.5,49,27.56,2.2,-0.8,0.2,2,100,0.5102040816326531,5.579150730519178e-52,1.5127243561103722e-46,2.1672983143574666e-47,NaN,NaN
B_4f,64,0,0,2,1,190.5,49,27.56,2.2,-0.8,0.2,2,300,0.5102040816326531,2.703640850596878e-164,1.0642514262533874e-158,3.972261906436789e-159,NaN,NaN
B_4f,64,0,0,2,1,190.5,49,27.56,2.2,-0.8,0.2,2,1000,0.5102040816326531,0,0,0,NaN,NaN
B_4f,64,0,0,2,1,190.5,49,27.56,2.2,-0.8,0.2,2,3000,0.5102040816326531,0,0,0,NaN,NaN
B_4f,64,0,0,2,1,190.5,49,27.56,2.2,-0.8,0.2,3,1,0,0.549488046917091,1.2084550694038858,0.045499151300170786,NaN,NaN
B_4f,64,0,0,2,1,190.5,49,27.56,2.2,-0.8,0.2,3,3,0.061224489795918366,0.043799156344603775,0.6336459732487549,0.0502313636732312,NaN,NaN
B_4f,64,0,0,2,1,190.5,49,27.56,2.2,-0.8,0.2,3,10,0.32653061224489793,0.000004584582936703318,0.12832047763293566,0.005083906721799823,NaN,NaN
B_4f,64,0,0,2,1,190.5,49,27.56,2.2,-0.8,0.2,3,30,0.5102040816326531,1.599567119690601e-12,4.768871078627965e-8,6.554766992724127e-9,NaN,NaN
B_4f,64,0,0,2,1,190.5,49,27.56,2.2,-0.8,0.2,3,100,0.5102040816326531,2.6091004345402285e-52,2.5275134570184725e-47,2.9139019053280204e-48,NaN,NaN
B_4f,64,0,0,2,1,190.5,49,27.56,2.2,-0.8,0.2,3,300,0.5102040816326531,1.6064696324054591e-164,1.7885248213623976e-159,6.307842284123467e-160,NaN,NaN
B_4f,64,0,0,2,1,190.5,49,27.56,2.2,-0.8,0.2,3,1000,0.5102040816326531,0,0,0,NaN,NaN
B_4f,64,0,0,2,1,190.5,49,27.56,2.2,-0.8,0.2,3,3000,0.5102040816326531,0,0,0,NaN,NaN
B_4f,64,0,0,2,1,190.5,49,27.56,2.6,-0.8,0.2,1,1,0,0.7367987301601672,1.459280455068321,0.03801812000074913,NaN,NaN
B_4f,64,0,0,2,1,190.5,49,27.56,2.6,-0.8,0.2,1,3,0.02040816326530612,0.13801768274371826,1.0348149587464932,0.06995011216998924,NaN,NaN
B_4f,64,0,0,2,1,190.5,49,27.56,2.6,-0.8,0.2,1,10,0.24489795918367346,0.0017273791948514716,0.4976014184188974,0.037494855703619254,NaN,NaN
B_4f,64,0,0,2,1,190.5,49,27.56,2.6,-0.8,0.2,1,30,0.32653061224489793,0.000044801728966739775,0.19688384595975408,0.002657635069146604,NaN,NaN
B_4f,64,0,0,2,1,190.5,49,27.56,2.6,-0.8,0.2,1,100,0.5918367346938775,8.913347603692068e-8,0.005843914180323455,0.0003291131201479665,NaN,NaN
B_4f,64,0,0,2,1,190.5,49,27.56,2.6,-0.8,0.2,1,300,0.5918367346938775,1.1739251871994436e-99,3.257588217197213e-94,1.4930551678557352e-94,NaN,NaN
B_4f,64,0,0,2,1,190.5,49,27.56,2.6,-0.8,0.2,1,1000,0.5918367346938775,0,0,0,NaN,NaN
B_4f,64,0,0,2,1,190.5,49,27.56,2.6,-0.8,0.2,1,3000,0.5918367346938775,0,0,0,NaN,NaN
B_4f,64,0,0,2,1,190.5,49,27.56,2.6,-0.8,0.2,2,1,0,0.7745534586885028,1.4988833562564183,0.055165464050597565,NaN,NaN
B_4f,64,0,0,2,1,190.5,49,27.56,2.6,-0.8,0.2,2,3,0.02040816326530612,0.15136936028579817,1.0859989971993282,0.091147962261709,NaN,NaN
B_4f,64,0,0,2,1,190.5,49,27.56,2.6,-0.8,0.2,2,10,0.1836734693877551,0.0013785621298713169,0.5733589033985803,0.03729764761883332,NaN,NaN
B_4f,64,0,0,2,1,190.5,49,27.56,2.6,-0.8,0.2,2,30,0.24489795918367346,0.00001734729726456598,0.2829780124842226,0.007422260031353907,NaN,NaN
B_4f,64,0,0,2,1,190.5,49,27.56,2.6,-0.8,0.2,2,100,0.4489795918367347,0.000002702440703255465,0.06586088306014441,0.00045157101810737086,NaN,NaN
B_4f,64,0,0,2,1,190.5,49,27.56,2.6,-0.8,0.2,2,300,0.5102040816326531,8.513375263197308e-43,6.520931157222123e-38,2.122769839603314e-38,NaN,NaN
B_4f,64,0,0,2,1,190.5,49,27.56,2.6,-0.8,0.2,2,1000,0.5102040816326531,0,0,0,NaN,NaN
B_4f,64,0,0,2,1,190.5,49,27.56,2.6,-0.8,0.2,2,3000,0.5102040816326531,0,0,0,NaN,NaN
B_4f,64,0,0,2,1,190.5,49,27.56,2.6,-0.8,0.2,3,1,0,0.606012088046018,1.3327648963940835,0.05017950042487181,NaN,NaN
B_4f,64,0,0,2,1,190.5,49,27.56,2.6,-0.8,0.2,3,3,0.061224489795918366,0.0674550223685011,0.8473302892693358,0.07215424146773436,NaN,NaN
B_4f,64,0,0,2,1,190.5,49,27.56,2.6,-0.8,0.2,3,10,0.30612244897959184,0.00003530166772749837,0.3506841601359256,0.04154699530544971,NaN,NaN
B_4f,64,0,0,2,1,190.5,49,27.56,2.6,-0.8,0.2,3,30,0.3469387755102041,0.000003870287857092195,0.14259504993503672,0.0024624463069629443,NaN,NaN
B_4f,64,0,0,2,1,190.5,49,27.56,2.6,-0.8,0.2,3,100,0.5102040816326531,7.432169846431756e-16,3.2336602784049384e-11,4.494411561316614e-12,NaN,NaN
B_4f,64,0,0,2,1,190.5,49,27.56,2.6,-0.8,0.2,3,300,0.5102040816326531,3.463748621109683e-114,6.73501421205734e-109,4.239256987301457e-109,NaN,NaN
B_4f,64,0,0,2,1,190.5,49,27.56,2.6,-0.8,0.2,3,1000,0.5102040816326531,0,0,0,NaN,NaN
B_4f,64,0,0,2,1,190.5,49,27.56,2.6,-0.8,0.2,3,3000,0.5102040816326531,0,0,0,NaN,NaN
B_4f,64,0,0,2,1,190.5,49,27.56,3,-0.8,0.2,1,1,0,0.8055215205942615,1.5953906582936024,0.041564151211934526,NaN,NaN
B_4f,64,0,0,2,1,190.5,49,27.56,3,-0.8,0.2,1,3,0.02040816326530612,0.1919002229558753,1.3088511563797847,0.0952117615069175,NaN,NaN
B_4f,64,0,0,2,1,190.5,49,27.56,3,-0.8,0.2,1,10,0.12244897959183673,0.0033130020974314217,0.9044616587626554,0.22386719526722407,NaN,NaN
B_4f,64,0,0,2,1,190.5,49,27.56,3,-0.8,0.2,1,30,0.2857142857142857,0.002152826566644149,0.77353769684216,0.9269007327730104,NaN,NaN
B_4f,64,0,0,2,1,190.5,49,27.56,3,-0.8,0.2,1,100,0.32653061224489793,0.0016860961198118883,0.7720721051973185,1.4573400721976384,NaN,NaN
B_4f,64,0,0,2,1,190.5,49,27.56,3,-0.8,0.2,1,300,0.32653061224489793,0.001773782464235563,0.8174723512165172,1.7407068192527904,NaN,NaN
B_4f,64,0,0,2,1,190.5,49,27.56,3,-0.8,0.2,1,1000,0.3469387755102041,0.0014691577123801503,0.8471870462171881,1.9027549192734545,NaN,NaN
B_4f,64,0,0,2,1,190.5,49,27.56,3,-0.8,0.2,1,3000,0.3469387755102041,0.0008705652087989625,0.8460802301071353,2.0213489864423595,NaN,NaN
B_4f,64,0,0,2,1,190.5,49,27.56,3,-0.8,0.2,2,1,0,0.8467977132488779,1.638687406617321,0.06031086464639479,NaN,NaN
B_4f,64,0,0,2,1,190.5,49,27.56,3,-0.8,0.2,2,3,0.02040816326530612,0.21022754509015026,1.3739181487732122,0.12487798991222847,NaN,NaN
B_4f,64,0,0,2,1,190.5,49,27.56,3,-0.8,0.2,2,10,0.10204081632653061,0.003430711782729659,1.0218766939101251,0.13531491418671357,NaN,NaN
B_4f,64,0,0,2,1,190.5,49,27.56,3,-0.8,0.2,2,30,0.20408163265306123,0.00009396771215565033,0.8813786619247089,0.3498178974252149,NaN,NaN
B_4f,64,0,0,2,1,190.5,49,27.56,3,-0.8,0.2,2,100,0.2653061224489796,0.00014485851203171508,0.8827285327519091,1.2643840533989437,NaN,NaN
B_4f,64,0,0,2,1,190.5,49,27.56,3,-0.8,0.2,2,300,0.2653061224489796,0.00018971187312201462,0.9150865240658308,1.608680500137112,NaN,NaN
B_4f,64,0,0,2,1,190.5,49,27.56,3,-0.8,0.2,2,1000,0.2653061224489796,0.0003925144497155022,0.9234373451803414,1.8833640331683201,NaN,NaN
B_4f,64,0,0,2,1,190.5,49,27.56,3,-0.8,0.2,2,3000,0.2653061224489796,0.0004346113682926,0.942203735222322,1.914837574480457,NaN,NaN
B_4f,64,0,0,2,1,190.5,49,27.56,3,-0.8,0.2,3,1,0,0.6625361291749442,1.4570747233842811,0.054859849549572945,NaN,NaN
B_4f,64,0,0,2,1,190.5,49,27.56,3,-0.8,0.2,3,3,0.061224489795918366,0.09697643149819692,1.0795609338513297,0.09825006949869418,NaN,NaN
B_4f,64,0,0,2,1,190.5,49,27.56,3,-0.8,0.2,3,10,0.20408163265306123,0.00032169764149702756,0.6656079520459224,0.14625495878126543,NaN,NaN
B_4f,64,0,0,2,1,190.5,49,27.56,3,-0.8,0.2,3,30,0.32653061224489793,0.000028334167419655393,0.540354010384558,0.5586720203897054,NaN,NaN
B_4f,64,0,0,2,1,190.5,49,27.56,3,-0.8,0.2,3,100,0.3877551020408163,0.00003325168315561275,0.5726590213577585,1.444042708868364,NaN,NaN
B_4f,64,0,0,2,1,190.5,49,27.56,3,-0.8,0.2,3,300,0.3877551020408163,0.00003968294336123578,0.6024104494597329,1.827433965392,NaN,NaN
B_4f,64,0,0,2,1,190.5,49,27.56,3,-0.8,0.2,3,1000,0.3877551020408163,0.000029892764211275412,0.60450476934894,2.076209488602005,NaN,NaN
B_4f,64,0,0,2,1,190.5,49,27.56,3,-0.8,0.2,3,3000,0.3877551020408163,0.00005475834039377777,0.6065442686536524,2.0999989948871223,NaN,NaN
B_4f,64,0,0,2,1,190.5,49,27.56,3.5,-0.8,0.2,1,1,0,0.8914250086368792,1.7655284123252037,0.04599669022591634,NaN,NaN
B_4f,64,0,0,2,1,190.5,49,27.56,3.5,-0.8,0.2,1,3,0,0.2709084546831652,1.6736267713290967,0.1323841975353335,NaN,NaN
B_4f,64,0,0,2,1,190.5,49,27.56,3.5,-0.8,0.2,1,10,0.08163265306122448,0.00697699419125067,1.4854632121866094,0.6677896922945282,NaN,NaN
B_4f,64,0,0,2,1,190.5,49,27.56,3.5,-0.8,0.2,1,30,0.22448979591836735,0.0047675666551187535,1.4964960384875157,2.649599335311855,NaN,NaN
B_4f,64,0,0,2,1,190.5,49,27.56,3.5,-0.8,0.2,1,100,0.32653061224489793,0.0049047053109076855,1.4734571837617207,2.8726625537355615,NaN,NaN
B_4f,64,0,0,2,1,190.5,49,27.56,3.5,-0.8,0.2,1,300,0.3469387755102041,0.004949852428947967,1.5690327383157698,3.011243889612642,NaN,NaN
B_4f,64,0,0,2,1,190.5,49,27.56,3.5,-0.8,0.2,1,1000,0.3673469387755102,0.005161657965682695,1.553373438151551,2.9320514862765177,NaN,NaN
B_4f,64,0,0,2,1,190.5,49,27.56,3.5,-0.8,0.2,1,3000,0.3673469387755102,0.005476840226777005,1.5618947726704138,2.963302226195724,NaN,NaN
B_4f,64,0,0,2,1,190.5,49,27.56,3.5,-0.8,0.2,2,1,0,0.9371030314493488,1.813442469568451,0.06674261539114132,NaN,NaN
B_4f,64,0,0,2,1,190.5,49,27.56,3.5,-0.8,0.2,2,3,0,0.296159814954475,1.7570186701567678,0.17390167454120076,NaN,NaN
B_4f,64,0,0,2,1,190.5,49,27.56,3.5,-0.8,0.2,2,10,0.061224489795918366,0.008850536040630479,1.6557297382411684,0.4275317534382008,NaN,NaN
B_4f,64,0,0,2,1,190.5,49,27.56,3.5,-0.8,0.2,2,30,0.2653061224489796,0.004512445053455242,1.6361818236418615,2.3511629438501416,NaN,NaN
B_4f,64,0,0,2,1,190.5,49,27.56,3.5,-0.8,0.2,2,100,0.3469387755102041,0.005845766058278414,1.5712210578709769,2.8603471721550737,NaN,NaN
B_4f,64,0,0,2,1,190.5,49,27.56,3.5,-0.8,0.2,2,300,0.3877551020408163,0.0027686008923489673,1.7021931932691787,2.864706864790393,NaN,NaN
B_4f,64,0,0,2,1,190.5,49,27.56,3.5,-0.8,0.2,2,1000,0.42857142857142855,0.0032162430727960306,1.7149126795608876,2.8688161273168364,NaN,NaN
B_4f,64,0,0,2,1,190.5,49,27.56,3.5,-0.8,0.2,2,3000,0.4489795918367347,0.005512506236233329,1.7127628955244858,3.05738557107189,NaN,NaN
B_4f,64,0,0,2,1,190.5,49,27.56,3.5,-0.8,0.2,3,1,0,0.7331911805861029,1.612462007122029,0.060710285955449306,NaN,NaN
B_4f,64,0,0,2,1,190.5,49,27.56,3.5,-0.8,0.2,3,3,0.061224489795918366,0.14197754732714166,1.3909798093057626,0.13667938050033365,NaN,NaN
B_4f,64,0,0,2,1,190.5,49,27.56,3.5,-0.8,0.2,3,10,0.16326530612244897,0.0012323002126458642,1.15822455673775,0.5283370416487743,NaN,NaN
B_4f,64,0,0,2,1,190.5,49,27.56,3.5,-0.8,0.2,3,30,0.3673469387755102,0.00017558945844284649,1.1285275449659222,2.2277026887767035,NaN,NaN
B_4f,64,0,0,2,1,190.5,49,27.56,3.5,-0.8,0.2,3,100,0.4489795918367347,0.00022118484490632083,1.123255877182428,2.9622408983353474,NaN,NaN
B_4f,64,0,0,2,1,190.5,49,27.56,3.5,-0.8,0.2,3,300,0.5510204081632653,0.0006348285270638101,1.2124335496274241,2.9964068932621863,NaN,NaN
B_4f,64,0,0,2,1,190.5,49,27.56,3.5,-0.8,0.2,3,1000,0.5714285714285714,0.0009546909589454476,1.200715863759557,2.943948593893052,NaN,NaN
B_4f,64,0,0,2,1,190.5,49,27.56,3.5,-0.8,0.2,3,3000,0.5918367346938775,0.0013073601622214284,1.169057315913296,3.06870606198197,NaN,NaN
B_4f,64,0,0,2,1,190.5,49,27.56,4,-0.8,0.2,1,1,0,0.9773284966794966,1.9356661663568058,0.05042922923989807,NaN,NaN
B_4f,64,0,0,2,1,190.5,49,27.56,4,-0.8,0.2,1,3,0,0.36162822642859765,2.05790761357461,0.17564619922558367,NaN,NaN
B_4f,64,0,0,2,1,190.5,49,27.56,4,-0.8,0.2,1,10,0.10204081632653061,0.01739784509838404,2.10173035426137,1.3496945321125366,NaN,NaN
B_4f,64,0,0,2,1,190.5,49,27.56,4,-0.8,0.2,1,30,0.24489795918367346,0.004143210560410947,2.2437474204654424,3.6687167320779386,NaN,NaN
B_4f,64,0,0,2,1,190.5,49,27.56,4,-0.8,0.2,1,100,0.3469387755102041,0.007683567942566855,2.285953896870901,4.040639552398313,NaN,NaN
B_4f,64,0,0,2,1,190.5,49,27.56,4,-0.8,0.2,1,300,0.3469387755102041,0.009231328566721637,2.317867236296934,3.942292153823756,NaN,NaN
B_4f,64,0,0,2,1,190.5,49,27.56,4,-0.8,0.2,1,1000,0.3673469387755102,0.02205361756513456,2.313999286933075,4.084684153329079,NaN,NaN
B_4f,64,0,0,2,1,190.5,49,27.56,4,-0.8,0.2,1,3000,0.3673469387755102,0.027944822461979005,2.329825798124213,3.9896265931357413,NaN,NaN
B_4f,64,0,0,2,1,190.5,49,27.56,4,-0.8,0.2,2,1,0,1.0274083496498179,1.9881975325195789,0.07317436613588779,NaN,NaN
B_4f,64,0,0,2,1,190.5,49,27.56,4,-0.8,0.2,2,3,0,0.3943746372033259,2.1604825065083197,0.22994395418224486,NaN,NaN
B_4f,64,0,0,2,1,190.5,49,27.56,4,-0.8,0.2,2,10,0.1836734693877551,0.02614896515576615,2.322030278456915,0.9871713321440241,NaN,NaN
B_4f,64,0,0,2,1,190.5,49,27.56,4,-0.8,0.2,2,30,0.32653061224489793,0.014211835874184665,2.3686462993764765,3.391331861765437,NaN,NaN
B_4f,64,0,0,2,1,190.5,49,27.56,4,-0.8,0.2,2,100,0.3673469387755102,0.011023880606282371,2.4015947911730704,3.5094356422016353,NaN,NaN
B_4f,64,0,0,2,1,190.5,49,27.56,4,-0.8,0.2,2,300,0.3877551020408163,0.006459992734636557,2.516033549849494,3.517909700590194,NaN,NaN
B_4f,64,0,0,2,1,190.5,49,27.56,4,-0.8,0.2,2,1000,0.4489795918367347,0.006152318486631921,2.453959175138132,3.5497736955885366,NaN,NaN
B_4f,64,0,0,2,1,190.5,49,27.56,4,-0.8,0.2,2,3000,0.4489795918367347,0.005186112863788894,2.4750554191364937,3.656243264314184,NaN,NaN
B_4f,64,0,0,2,1,190.5,49,27.56,4,-0.8,0.2,3,1,0,0.8038462319972608,1.767849290859775,0.06656072236132564,NaN,NaN
B_4f,64,0,0,2,1,190.5,49,27.56,4,-0.8,0.2,3,3,0.04081632653061224,0.19555250913317,1.7213084856638496,0.18144515066528497,NaN,NaN
B_4f,64,0,0,2,1,190.5,49,27.56,4,-0.8,0.2,3,10,0.24489795918367346,0.002967086174929462,1.6997677099963504,1.2812985814870335,NaN,NaN
B_4f,64,0,0,2,1,190.5,49,27.56,4,-0.8,0.2,3,30,0.40816326530612246,0.014709880966013675,1.7767464541481557,3.6863635023891286,NaN,NaN
B_4f,64,0,0,2,1,190.5,49,27.56,4,-0.8,0.2,3,100,0.5102040816326531,0.017195511658685384,1.8866240214409884,3.935789780916653,NaN,NaN
B_4f,64,0,0,2,1,190.5,49,27.56,4,-0.8,0.2,3,300,0.5306122448979592,0.003900437955672305,1.9971966042544884,4.035845498510502,NaN,NaN
B_4f,64,0,0,2,1,190.5,49,27.56,4,-0.8,0.2,3,1000,0.5306122448979592,0.014355010568947092,1.9890186110942067,3.970645268574125,NaN,NaN
B_4f,64,0,0,2,1,190.5,49,27.56,4,-0.8,0.2,3,3000,0.5306122448979592,0.026918985943121285,1.9775444706499496,3.914812807270466,NaN,NaN
B_4f,64,0,0,2,2,254,36,15.5,1.8,-0.8,0.2,1,1,0.027777777777777776,0.15004551488418058,1.099211533243064,0.013007146362854273,NaN,NaN
B_4f,64,0,0,2,2,254,36,15.5,1.8,-0.8,0.2,1,3,0.1388888888888889,0.001360454678111085,0.4626798995113549,0.011093658855496001,NaN,NaN
B_4f,64,0,0,2,2,254,36,15.5,1.8,-0.8,0.2,1,10,0.5555555555555556,0.000004742869830772882,0.02190740168445738,0.00004664548938384395,NaN,NaN
B_4f,64,0,0,2,2,254,36,15.5,1.8,-0.8,0.2,1,30,0.5555555555555556,5.706194858021253e-19,1.628128447333901e-14,8.716236365431698e-17,NaN,NaN
B_4f,64,0,0,2,2,254,36,15.5,1.8,-0.8,0.2,1,100,0.5555555555555556,3.5421570286539095e-65,6.310497847319238e-60,1.2860324370913213e-61,NaN,NaN
B_4f,64,0,0,2,2,254,36,15.5,1.8,-0.8,0.2,1,300,0.5555555555555556,9.103180738831011e-195,1.4580914377876611e-189,6.71115209336593e-191,NaN,NaN
B_4f,64,0,0,2,2,254,36,15.5,1.8,-0.8,0.2,1,1000,0.5555555555555556,0,0,0,NaN,NaN
B_4f,64,0,0,2,2,254,36,15.5,1.8,-0.8,0.2,1,3000,0.5555555555555556,0,0,0,NaN,NaN
B_4f,64,0,0,2,2,254,36,15.5,1.8,-0.8,0.2,2,1,0.05555555555555555,0.13918347746616425,0.9492132914029116,0.0211489340116198,NaN,NaN
B_4f,64,0,0,2,2,254,36,15.5,1.8,-0.8,0.2,2,3,0.3333333333333333,0.0008647341657300289,0.32877580234064324,0.011517054167028275,NaN,NaN
B_4f,64,0,0,2,2,254,36,15.5,1.8,-0.8,0.2,2,10,0.5833333333333334,9.083795901256163e-7,0.01269294684353021,0.00012584334054274393,NaN,NaN
B_4f,64,0,0,2,2,254,36,15.5,1.8,-0.8,0.2,2,30,0.5833333333333334,5.688402986253517e-20,8.327144858423292e-15,3.699320174638388e-16,NaN,NaN
B_4f,64,0,0,2,2,254,36,15.5,1.8,-0.8,0.2,2,100,0.5833333333333334,1.2953350263420358e-65,3.036290680478024e-60,3.5726899809646444e-61,NaN,NaN
B_4f,64,0,0,2,2,254,36,15.5,1.8,-0.8,0.2,2,300,0.5833333333333334,2.006504164377483e-195,6.586466117691314e-190,1.2787962659003732e-190,NaN,NaN
B_4f,64,0,0,2,2,254,36,15.5,1.8,-0.8,0.2,2,1000,0.5833333333333334,0,0,0,NaN,NaN
B_4f,64,0,0,2,2,254,36,15.5,1.8,-0.8,0.2,2,3000,0.5833333333333334,0,0,0,NaN,NaN
B_4f,64,0,0,2,2,254,36,15.5,1.8,-0.8,0.2,3,1,0.08333333333333333,0.14486145493471425,0.9287202984663259,0.010866282556984568,NaN,NaN
B_4f,64,0,0,2,2,254,36,15.5,1.8,-0.8,0.2,3,3,0.3333333333333333,0.0011985509007118858,0.32984683763569606,0.007389256917148182,NaN,NaN
B_4f,64,0,0,2,2,254,36,15.5,1.8,-0.8,0.2,3,10,0.5555555555555556,0.000005954282964704722,0.008777600237978968,0.00012959213465573187,NaN,NaN
B_4f,64,0,0,2,2,254,36,15.5,1.8,-0.8,0.2,3,30,0.5555555555555556,1.0475817839099123e-19,2.3159330673975767e-15,3.788191589539744e-16,NaN,NaN
B_4f,64,0,0,2,2,254,36,15.5,1.8,-0.8,0.2,3,100,0.5555555555555556,5.444014787985943e-66,3.997117784307616e-61,3.969391601641987e-61,NaN,NaN
B_4f,64,0,0,2,2,254,36,15.5,1.8,-0.8,0.2,3,300,0.5555555555555556,2.650119016235494e-196,6.8106776307022775e-192,1.0694291632135371e-190,NaN,NaN
B_4f,64,0,0,2,2,254,36,15.5,1.8,-0.8,0.2,3,1000,0.5555555555555556,0,0,0,NaN,NaN
B_4f,64,0,0,2,2,254,36,15.5,1.8,-0.8,0.2,3,3000,0.5555555555555556,0,0,0,NaN,NaN
B_4f,64,0,0,2,2,254,36,15.5,2.2,-0.8,0.2,1,1,0.027777777777777776,0.1672499735362164,1.225248885230018,0.014498566562607914,NaN,NaN
B_4f,64,0,0,2,2,254,36,15.5,2.2,-0.8,0.2,1,3,0.1111111111111111,0.0021838086283393495,0.6584500802142754,0.017915270885459883,NaN,NaN
B_4f,64,0,0,2,2,254,36,15.5,2.2,-0.8,0.2,1,10,0.2777777777777778,0.000056900449046455904,0.15486664870824013,0.00044445294014573505,NaN,NaN
B_4f,64,0,0,2,2,254,36,15.5,2.2,-0.8,0.2,1,30,0.5555555555555556,9.791601645114548e-13,1.3090549160279092e-7,1.6672220759835e-9,NaN,NaN
B_4f,64,0,0,2,2,254,36,15.5,2.2,-0.8,0.2,1,100,0.5555555555555556,9.330986495454416e-53,6.945874623577729e-47,1.4351417880394738e-48,NaN,NaN
B_4f,64,0,0,2,2,254,36,15.5,2.2,-0.8,0.2,1,300,0.5555555555555556,2.3443958849265814e-164,4.725571170742696e-159,1.9250997543187038e-160,NaN,NaN
B_4f,64,0,0,2,2,254,36,15.5,2.2,-0.8,0.2,1,1000,0.5555555555555556,0,0,0,NaN,NaN
B_4f,64,0,0,2,2,254,36,15.5,2.2,-0.8,0.2,1,3000,0.5555555555555556,0,0,0,NaN,NaN
B_4f,64,0,0,2,2,254,36,15.5,2.2,-0.8,0.2,2,1,0.05555555555555555,0.15514247753998542,1.0580516051406452,0.023573904601499857,NaN,NaN
B_4f,64,0,0,2,2,254,36,15.5,2.2,-0.8,0.2,2,3,0.25,0.0015285385314517505,0.47401174793265627,0.01878976192246335,NaN,NaN
B_4f,64,0,0,2,2,254,36,15.5,2.2,-0.8,0.2,2,10,0.4166666666666667,0.0000028497241184454047,0.09269480879269551,0.0006864795794342894,NaN,NaN
B_4f,64,0,0,2,2,254,36,15.5,2.2,-0.8,0.2,2,30,0.5833333333333334,2.3798879887718107e-13,4.482163927840919e-8,1.2241248372889699e-9,NaN,NaN
B_4f,64,0,0,2,2,254,36,15.5,2.2,-0.8,0.2,2,100,0.5833333333333334,2.25619733465562e-53,2.3671071400673755e-47,9.969366075303225e-49,NaN,NaN
B_4f,64,0,0,2,2,254,36,15.5,2.2,-0.8,0.2,2,300,0.5833333333333334,3.5313359075859233e-165,1.56886878014693e-159,1.4433703310347023e-160,NaN,NaN
B_4f,64,0,0,2,2,254,36,15.5,2.2,-0.8,0.2,2,1000,0.5833333333333334,0,0,0,NaN,NaN
B_4f,64,0,0,2,2,254,36,15.5,2.2,-0.8,0.2,2,3000,0.5833333333333334,0,0,0,NaN,NaN
B_4f,64,0,0,2,2,254,36,15.5,2.2,-0.8,0.2,3,1,0.08333333333333333,0.16147150098388688,1.0352088528666603,0.012112227889621012,NaN,NaN
B_4f,64,0,0,2,2,254,36,15.5,2.2,-0.8,0.2,3,3,0.2222222222222222,0.001959911233709172,0.4736920074497357,0.011843895843699815,NaN,NaN
B_4f,64,0,0,2,2,254,36,15.5,2.2,-0.8,0.2,3,10,0.4722222222222222,0.00007802110941016079,0.08282023714819813,0.000932001928255916,NaN,NaN
B_4f,64,0,0,2,2,254,36,15.5,2.2,-0.8,0.2,3,30,0.5555555555555556,2.195030075907063e-14,1.2432197936073424e-9,1.7339346072078866e-10,NaN,NaN
B_4f,64,0,0,2,2,254,36,15.5,2.2,-0.8,0.2,3,100,0.5555555555555556,3.4665581590828155e-54,2.8651581586086065e-49,2.3433579931412144e-49,NaN,NaN
B_4f,64,0,0,2,2,254,36,15.5,2.2,-0.8,0.2,3,300,0.5555555555555556,4.951482494284846e-167,1.3441946976303188e-162,1.9066859583252863e-161,NaN,NaN
B_4f,64,0,0,2,2,254,36,15.5,2.2,-0.8,0.2,3,1000,0.5555555555555556,0,0,0,NaN,NaN
B_4f,64,0,0,2,2,254,36,15.5,2.2,-0.8,0.2,3,3000,0.5555555555555556,0,0,0,NaN,NaN
B_4f,64,0,0,2,2,254,36,15.5,2.6,-0.8,0.2,1,1,0.027777777777777776,0.18445443218825222,1.3512862372169723,0.015989986762361557,NaN,NaN
B_4f,64,0,0,2,2,254,36,15.5,2.6,-0.8,0.2,1,3,0.027777777777777776,0.0033086505514335275,0.8762465931287451,0.026802895546697396,NaN,NaN
B_4f,64,0,0,2,2,254,36,15.5,2.6,-0.8,0.2,1,10,0.25,0.00012287345768480364,0.4099447523977763,0.0019099834779450905,NaN,NaN
B_4f,64,0,0,2,2,254,36,15.5,2.6,-0.8,0.2,1,30,0.2777777777777778,0.00001820088159906132,0.14384611273544157,0.00028290412398614676,NaN,NaN
B_4f,64,0,0,2,2,254,36,15.5,2.6,-0.8,0.2,1,100,0.5555555555555556,1.0664195730998606e-24,7.071372215850693e-19,4.625086568470119e-21,NaN,NaN
B_4f,64,0,0,2,2,254,36,15.5,2.6,-0.8,0.2,1,300,0.5555555555555556,7.93771337856997e-122,1.4972281689783684e-116,2.7722429656570524e-118,NaN,NaN
B_4f,64,0,0,2,2,254,36,15.5,2.6,-0.8,0.2,1,1000,0.5555555555555556,0,0,0,NaN,NaN
B_4f,64,0,0,2,2,254,36,15.5,2.6,-0.8,0.2,1,3000,0.5555555555555556,0,0,0,NaN,NaN
B_4f,64,0,0,2,2,254,36,15.5,2.6,-0.8,0.2,2,1,0.05555555555555555,0.1711014776138067,1.1668899188783788,0.02599887519137991,NaN,NaN
B_4f,64,0,0,2,2,254,36,15.5,2.6,-0.8,0.2,2,3,0.05555555555555555,0.0024948841337778613,0.6378127197917327,0.02835803248422489,NaN,NaN
B_4f,64,0,0,2,2,254,36,15.5,2.6,-0.8,0.2,2,10,0.3888888888888889,0.00000785188421324281,0.24689877554616715,0.001801339461236729,NaN,NaN
B_4f,64,0,0,2,2,254,36,15.5,2.6,-0.8,0.2,2,30,0.4444444444444444,0.000005774868439219276,0.07926080482842297,0.0013166311848259143,NaN,NaN
B_4f,64,0,0,2,2,254,36,15.5,2.6,-0.8,0.2,2,100,0.5833333333333334,3.7865367417726755e-27,3.579376700146592e-21,1.3352774533210035e-22,NaN,NaN
B_4f,64,0,0,2,2,254,36,15.5,2.6,-0.8,0.2,2,300,0.5833333333333334,8.886853432571758e-125,7.568235423081939e-119,1.0134154457793434e-119,NaN,NaN
B_4f,64,0,0,2,2,254,36,15.5,2.6,-0.8,0.2,2,1000,0.5833333333333334,0,0,0,NaN,NaN
B_4f,64,0,0,2,2,254,36,15.5,2.6,-0.8,0.2,2,3000,0.5833333333333334,0,0,0,NaN,NaN
B_4f,64,0,0,2,2,254,36,15.5,2.6,-0.8,0.2,3,1,0.08333333333333333,0.1780815470330594,1.1416974072669948,0.013358173222257498,NaN,NaN
B_4f,64,0,0,2,2,254,36,15.5,2.6,-0.8,0.2,3,3,0.08333333333333333,0.0030190678313330287,0.6354063960891496,0.017637293283609645,NaN,NaN
B_4f,64,0,0,2,2,254,36,15.5,2.6,-0.8,0.2,3,10,0.3611111111111111,0.0002437278420694625,0.23341520771272867,0.0029209591574691552,NaN,NaN
B_4f,64,0,0,2,2,254,36,15.5,2.6,-0.8,0.2,3,30,0.5277777777777778,0.000004188750394610571,0.04737367177620714,0.0010330517103338118,NaN,NaN
B_4f,64,0,0,2,2,254,36,15.5,2.6,-0.8,0.2,3,100,0.5555555555555556,5.530293983522655e-35,5.088845266964068e-30,2.4080392721178455e-30,NaN,NaN
B_4f,64,0,0,2,2,254,36,15.5,2.6,-0.8,0.2,3,300,0.5555555555555556,2.599051196648412e-133,8.142982052563577e-129,8.574003429100091e-128,NaN,NaN
B_4f,64,0,0,2,2,254,36,15.5,2.6,-0.8,0.2,3,1000,0.5555555555555556,0,0,0,NaN,NaN
B_4f,64,0,0,2,2,254,36,15.5,2.6,-0.8,0.2,3,3000,0.5555555555555556,0,0,0,NaN,NaN
B_4f,64,0,0,2,2,254,36,15.5,3,-0.8,0.2,1,1,0.027777777777777776,0.2016588908402879,1.4773235892039256,0.017481406962115212,NaN,NaN
B_4f,64,0,0,2,2,254,36,15.5,3,-0.8,0.2,1,3,0.027777777777777776,0.004796064195609056,1.1118003544980908,0.037955498336526235,NaN,NaN
B_4f,64,0,0,2,2,254,36,15.5,3,-0.8,0.2,1,10,0.25,0.00039674519866168877,0.7361549109276668,0.014709119753394746,NaN,NaN
B_4f,64,0,0,2,2,254,36,15.5,3,-0.8,0.2,1,30,0.25,0.000057387409562843795,0.6131217798483414,0.0026184577111729077,NaN,NaN
B_4f,64,0,0,2,2,254,36,15.5,3,-0.8,0.2,1,100,0.25,0.000033699147486106787,0.5863096099816087,0.0018899429483439146,NaN,NaN
B_4f,64,0,0,2,2,254,36,15.5,3,-0.8,0.2,1,300,0.25,0.00006165589473824253,0.6316305924462273,0.002409820015478902,NaN,NaN
B_4f,64,0,0,2,2,254,36,15.5,3,-0.8,0.2,1,1000,0.25,0.00009974103905083245,0.7484203890298081,0.0033326954553745073,NaN,NaN
B_4f,64,0,0,2,2,254,36,15.5,3,-0.8,0.2,1,3000,0.25,0.0000856742452399086,0.7877597607214235,0.004378656016798914,NaN,NaN
B_4f,64,0,0,2,2,254,36,15.5,3,-0.8,0.2,2,1,0.05555555555555555,0.18706047768762787,1.2757282326161121,0.028423845781259945,NaN,NaN
B_4f,64,0,0,2,2,254,36,15.5,3,-0.8,0.2,2,3,0.05555555555555555,0.0038318512271050538,0.8169731045334847,0.040452445673637594,NaN,NaN
B_4f,64,0,0,2,2,254,36,15.5,3,-0.8,0.2,2,10,0.3888888888888889,0.000024926499017882668,0.4444311544262805,0.012773611218865982,NaN,NaN
B_4f,64,0,0,2,2,254,36,15.5,3,-0.8,0.2,2,30,0.3888888888888889,0.00001096370159668768,0.37162473217825576,0.004421830532510195,NaN,NaN
B_4f,64,0,0,2,2,254,36,15.5,3,-0.8,0.2,2,100,0.3888888888888889,0.000008815746802529823,0.35869106548455176,0.004296921543000668,NaN,NaN
B_4f,64,0,0,2,2,254,36,15.5,3,-0.8,0.2,2,300,0.3888888888888889,0.000009649801598605317,0.3740002038358303,0.004512832815911513,NaN,NaN
B_4f,64,0,0,2,2,254,36,15.5,3,-0.8,0.2,2,1000,0.3888888888888889,0.00002016672840858593,0.41278770384522306,0.006547219722285603,NaN,NaN
B_4f,64,0,0,2,2,254,36,15.5,3,-0.8,0.2,2,3000,0.3888888888888889,0.000028019780548599256,0.42810758867105747,0.0064298921436564006,NaN,NaN
B_4f,64,0,0,2,2,254,36,15.5,3,-0.8,0.2,3,1,0.08333333333333333,0.19469159308223177,1.2481859616673292,0.014604118554893918,NaN,NaN
B_4f,64,0,0,2,2,254,36,15.5,3,-0.8,0.2,3,3,0.08333333333333333,0.004440398559766486,0.8118480311435231,0.024906199067350483,NaN,NaN
B_4f,64,0,0,2,2,254,36,15.5,3,-0.8,0.2,3,10,0.3611111111111111,0.0004807675571196185,0.425322938566315,0.0073251742635720585,NaN,NaN
B_4f,64,0,0,2,2,254,36,15.5,3,-0.8,0.2,3,30,0.3611111111111111,0.000041951554295356,0.3491192924387757,0.005063040168184115,NaN,NaN
B_4f,64,0,0,2,2,254,36,15.5,3,-0.8,0.2,3,100,0.3611111111111111,0.000040633812714393005,0.3428882170037192,0.004595255574508246,NaN,NaN
B_4f,64,0,0,2,2,254,36,15.5,3,-0.8,0.2,3,300,0.3611111111111111,0.000039715219864633696,0.3429447442168606,0.004559697515173947,NaN,NaN
B_4f,64,0,0,2,2,254,36,15.5,3,-0.8,0.2,3,1000,0.3611111111111111,0.00004157952262299035,0.34367895974600243,0.004385797351513823,NaN,NaN
B_4f,64,0,0,2,2,254,36,15.5,3,-0.8,0.2,3,3000,0.3611111111111111,0.000059147725072666805,0.34570159846919085,0.004218216709657427,NaN,NaN
B_4f,64,0,0,2,2,254,36,15.5,3.5,-0.8,0.2,1,1,0.027777777777777776,0.22316446415533278,1.6348702791876182,0.019345682211807224,NaN,NaN
B_4f,64,0,0,2,2,254,36,15.5,3.5,-0.8,0.2,1,3,0.027777777777777776,0.007257231172642773,1.426132831264223,0.05537668597358874,NaN,NaN
B_4f,64,0,0,2,2,254,36,15.5,3.5,-0.8,0.2,1,10,0.16666666666666666,0.0010474111112428555,1.201733192190749,0.16204492617837843,NaN,NaN
B_4f,64,0,0,2,2,254,36,15.5,3.5,-0.8,0.2,1,30,0.2777777777777778,0.00013830780142731817,1.1181076292994356,0.7189256832142429,NaN,NaN
B_4f,64,0,0,2,2,254,36,15.5,3.5,-0.8,0.2,1,100,0.2777777777777778,0.00020576689880465402,1.2272217149715456,2.0335166893448293,NaN,NaN
B_4f,64,0,0,2,2,254,36,15.5,3.5,-0.8,0.2,1,300,0.2777777777777778,0.00039294159099952103,1.2846945765466045,2.2143820123005575,NaN,NaN
B_4f,64,0,0,2,2,254,36,15.5,3.5,-0.8,0.2,1,1000,0.2777777777777778,0.0005748257551013006,1.3118105531234225,2.2430307274778554,NaN,NaN
B_4f,64,0,0,2,2,254,36,15.5,3.5,-0.8,0.2,1,3000,0.2777777777777778,0.0007779573283341428,1.2876677774777892,2.2605207133860348,NaN,NaN
B_4f,64,0,0,2,2,254,36,15.5,3.5,-0.8,0.2,2,1,0.05555555555555555,0.2070092277799045,1.4117761247882794,0.03145505901861004,NaN,NaN
B_4f,64,0,0,2,2,254,36,15.5,3.5,-0.8,0.2,2,3,0.05555555555555555,0.006126854499859981,1.0585422218416443,0.059448794916321886,NaN,NaN
B_4f,64,0,0,2,2,254,36,15.5,3.5,-0.8,0.2,2,10,0.3611111111111111,0.00007350021560912499,0.7369457704369767,0.16439944218074667,NaN,NaN
B_4f,64,0,0,2,2,254,36,15.5,3.5,-0.8,0.2,2,30,0.4166666666666667,0.000027386867821364607,0.6764351099086356,1.101532510600393,NaN,NaN
B_4f,64,0,0,2,2,254,36,15.5,3.5,-0.8,0.2,2,100,0.4444444444444444,0.00003561211804131922,0.71439947461013,2.1260995796697997,NaN,NaN
B_4f,64,0,0,2,2,254,36,15.5,3.5,-0.8,0.2,2,300,0.4722222222222222,0.00008634599620372672,0.7566460028059618,2.585111776783139,NaN,NaN
B_4f,64,0,0,2,2,254,36,15.5,3.5,-0.8,0.2,2,1000,0.5,0.00007587865417562023,0.7681330220268512,2.660564066718503,NaN,NaN
B_4f,64,0,0,2,2,254,36,15.5,3.5,-0.8,0.2,2,3000,0.5,0.00007443536966679823,0.7700727973684304,2.610890682720794,NaN,NaN
B_4f,64,0,0,2,2,254,36,15.5,3.5,-0.8,0.2,3,1,0.08333333333333333,0.21545415064369774,1.3812966546677479,0.016161550220689536,NaN,NaN
B_4f,64,0,0,2,2,254,36,15.5,3.5,-0.8,0.2,3,3,0.08333333333333333,0.006824291764319176,1.0492435042095754,0.03627292306663772,NaN,NaN
B_4f,64,0,0,2,2,254,36,15.5,3.5,-0.8,0.2,3,10,0.3611111111111111,0.0008615584373619247,0.711872985674279,0.059157918415213,NaN,NaN
B_4f,64,0,0,2,2,254,36,15.5,3.5,-0.8,0.2,3,30,0.3888888888888889,0.00010532998955400411,0.6545415496771028,0.30912932384416425,NaN,NaN
B_4f,64,0,0,2,2,254,36,15.5,3.5,-0.8,0.2,3,100,0.4166666666666667,0.0001160427169992389,0.687918369607261,2.452893407375108,NaN,NaN
B_4f,64,0,0,2,2,254,36,15.5,3.5,-0.8,0.2,3,300,0.4166666666666667,0.00011778835055848253,0.7006498607118561,2.5064581361012386,NaN,NaN
B_4f,64,0,0,2,2,254,36,15.5,3.5,-0.8,0.2,3,1000,0.4166666666666667,0.00014645361768726294,0.7097266048130163,2.5410006121230255,NaN,NaN
B_4f,64,0,0,2,2,254,36,15.5,3.5,-0.8,0.2,3,3000,0.4166666666666667,0.00011507850536338383,0.7075452945165716,2.5538543740552684,NaN,NaN
B_4f,64,0,0,2,2,254,36,15.5,4,-0.8,0.2,1,1,0.027777777777777776,0.24467003747037736,1.792416969171309,0.021209957461499365,NaN,NaN
B_4f,64,0,0,2,2,254,36,15.5,4,-0.8,0.2,1,3,0.027777777777777776,0.01049062769439703,1.7579187644591383,0.07700324712495442,NaN,NaN
B_4f,64,0,0,2,2,254,36,15.5,4,-0.8,0.2,1,10,0.1388888888888889,0.0015926674923492517,1.707330703805009,0.5386693462050383,NaN,NaN
B_4f,64,0,0,2,2,254,36,15.5,4,-0.8,0.2,1,30,0.16666666666666666,0.0002706138086789056,1.6993071161211712,2.256774699653843,NaN,NaN
B_4f,64,0,0,2,2,254,36,15.5,4,-0.8,0.2,1,100,0.16666666666666666,0.0006917069592167759,2.1584082323406397,3.0898444130804856,NaN,NaN
B_4f,64,0,0,2,2,254,36,15.5,4,-0.8,0.2,1,300,0.16666666666666666,0.0007626203367046827,2.2109767394819477,3.0962212018722344,NaN,NaN
B_4f,64,0,0,2,2,254,36,15.5,4,-0.8,0.2,1,1000,0.16666666666666666,0.0006985133835429639,2.20412515549067,3.127998247430492,NaN,NaN
B_4f,64,0,0,2,2,254,36,15.5,4,-0.8,0.2,1,3000,0.16666666666666666,0.001468534993828282,2.1939268055785432,3.0405814684135213,NaN,NaN
B_4f,64,0,0,2,2,254,36,15.5,4,-0.8,0.2,2,1,0.05555555555555555,0.2269579778721809,1.5478240169604456,0.03448627225596008,NaN,NaN
B_4f,64,0,0,2,2,254,36,15.5,4,-0.8,0.2,2,3,0.05555555555555555,0.00923109661756486,1.3159160876510454,0.08310632167562643,NaN,NaN
B_4f,64,0,0,2,2,254,36,15.5,4,-0.8,0.2,2,10,0.3333333333333333,0.0001926827463653454,1.0804569867171978,0.5270679699525065,NaN,NaN
B_4f,64,0,0,2,2,254,36,15.5,4,-0.8,0.2,2,30,0.4166666666666667,0.00008416543639711782,1.0676679235871607,2.46007774179799,NaN,NaN
B_4f,64,0,0,2,2,254,36,15.5,4,-0.8,0.2,2,100,0.4166666666666667,0.00033911285641570927,1.416712725105777,3.594254596228164,NaN,NaN
B_4f,64,0,0,2,2,254,36,15.5,4,-0.8,0.2,2,300,0.4166666666666667,0.0005201446466505715,1.473171674560344,3.5448224063222478,NaN,NaN
B_4f,64,0,0,2,2,254,36,15.5,4,-0.8,0.2,2,1000,0.4166666666666667,0.0003741026216845101,1.471536022448741,3.4500571636764676,NaN,NaN
B_4f,64,0,0,2,2,254,36,15.5,4,-0.8,0.2,2,3000,0.4166666666666667,0.000289279868564602,1.472001456872847,3.4777257558728776,NaN,NaN
B_4f,64,0,0,2,2,254,36,15.5,4,-0.8,0.2,3,1,0.08333333333333333,0.23621670820516308,1.5144073476681648,0.01771898188648507,NaN,NaN
B_4f,64,0,0,2,2,254,36,15.5,4,-0.8,0.2,3,3,0.08333333333333333,0.009994254667320181,1.301716264312619,0.0504111269017113,NaN,NaN
B_4f,64,0,0,2,2,254,36,15.5,4,-0.8,0.2,3,10,0.25,0.0013063670340313282,1.0601128058525184,0.2776286590250304,NaN,NaN
B_4f,64,0,0,2,2,254,36,15.5,4,-0.8,0.2,3,30,0.3888888888888889,0.0012442999981358014,1.0274181065700516,2.628104594159128,NaN,NaN
B_4f,64,0,0,2,2,254,36,15.5,4,-0.8,0.2,3,100,0.4444444444444444,0.001225045571837063,1.3929967031687673,3.4248269417380506,NaN,NaN
B_4f,64,0,0,2,2,254,36,15.5,4,-0.8,0.2,3,300,0.4722222222222222,0.0008878429651924698,1.4493582790208592,3.5620029234370474,NaN,NaN
B_4f,64,0,0,2,2,254,36,15.5,4,-0.8,0.2,3,1000,0.4722222222222222,0.0007927488740308549,1.448750321191114,3.615584347366847,NaN,NaN
B_4f,64,0,0,2,2,254,36,15.5,4,-0.8,0.2,3,3000,0.4722222222222222,0.0006602900254238484,1.4365926514233158,3.5724352396699186,NaN,NaN
B_4f,64,0,0,2,3,317.5,25,9.92,1.8,-0.8,0.2,1,1,0.04,0.13771691624514168,1.0086105242739567,0.0021322212120912466,NaN,NaN
B_4f,64,0,0,2,3,317.5,25,9.92,1.8,-0.8,0.2,1,3,0.36,0.0006484037635182852,0.3753703160225411,0.0010878866219402512,NaN,NaN
B_4f,64,0,0,2,3,317.5,25,9.92,1.8,-0.8,0.2,1,10,0.64,0.0000011828494959825788,0.01476021079502981,0.000011902109518331043,NaN,NaN
B_4f,64,0,0,2,3,317.5,25,9.92,1.8,-0.8,0.2,1,30,0.64,1.0259382510420609e-19,8.872791012764694e-15,3.809031468084333e-17,NaN,NaN
B_4f,64,0,0,2,3,317.5,25,9.92,1.8,-0.8,0.2,1,100,0.64,1.6604019710859057e-65,3.085325083124994e-60,2.140794308865353e-62,NaN,NaN
B_4f,64,0,0,2,3,317.5,25,9.92,1.8,-0.8,0.2,1,300,0.64,5.280110580700798e-196,5.615984913243049e-190,1.3699929694358647e-191,NaN,NaN
B_4f,64,0,0,2,3,317.5,25,9.92,1.8,-0.8,0.2,1,1000,0.64,0,0,0,NaN,NaN
B_4f,64,0,0,2,3,317.5,25,9.92,1.8,-0.8,0.2,1,3000,0.64,0,0,0,NaN,NaN
B_4f,64,0,0,2,3,317.5,25,9.92,1.8,-0.8,0.2,2,1,0.04,0.1377524400509636,0.9752543521576873,0.005480502824653419,NaN,NaN
B_4f,64,0,0,2,3,317.5,25,9.92,1.8,-0.8,0.2,2,3,0.36,0.0006506732785861416,0.33813464988803416,0.001533829356725642,NaN,NaN
B_4f,64,0,0,2,3,317.5,25,9.92,1.8,-0.8,0.2,2,10,0.56,3.119725042328108e-7,0.013302935634690444,0.000012537723965302977,NaN,NaN
B_4f,64,0,0,2,3,317.5,25,9.92,1.8,-0.8,0.2,2,30,0.56,1.963905862570301e-20,9.028043503341693e-15,2.9262536702264224e-17,NaN,NaN
B_4f,64,0,0,2,3,317.5,25,9.92,1.8,-0.8,0.2,2,100,0.56,4.2163622281594093e-66,3.278635922959513e-60,1.8779988920269223e-62,NaN,NaN
B_4f,64,0,0,2,3,317.5,25,9.92,1.8,-0.8,0.2,2,300,0.56,6.4980605089925985e-196,6.037413258916355e-190,1.294031369025489e-191,NaN,NaN
B_4f,64,0,0,2,3,317.5,25,9.92,1.8,-0.8,0.2,2,1000,0.56,0,0,0,NaN,NaN
B_4f,64,0,0,2,3,317.5,25,9.92,1.8,-0.8,0.2,2,3000,0.56,0,0,0,NaN,NaN
B_4f,64,0,0,2,3,317.5,25,9.92,1.8,-0.8,0.2,3,1,0,0.8450344044458825,1.0797194440727467,0.0007212262718559803,NaN,NaN
B_4f,64,0,0,2,3,317.5,25,9.92,1.8,-0.8,0.2,3,3,0.24,0.14781600720454016,0.42573726426485137,0.0004397664695031131,NaN,NaN
B_4f,64,0,0,2,3,317.5,25,9.92,1.8,-0.8,0.2,3,10,0.52,0.000007752022420038434,0.01682042709390345,0.00006324000974991489,NaN,NaN
B_4f,64,0,0,2,3,317.5,25,9.92,1.8,-0.8,0.2,3,30,0.52,1.3754211880780663e-18,6.2305457891969745e-15,2.2449707238490685e-16,NaN,NaN
B_4f,64,0,0,2,3,317.5,25,9.92,1.8,-0.8,0.2,3,100,0.52,1.6078058322075402e-64,1.5337261463460852e-60,8.98382349504524e-62,NaN,NaN
B_4f,64,0,0,2,3,317.5,25,9.92,1.8,-0.8,0.2,3,300,0.52,8.841185651720236e-196,1.0583939289080869e-190,3.1204876509486615e-191,NaN,NaN
B_4f,64,0,0,2,3,317.5,25,9.92,1.8,-0.8,0.2,3,1000,0.52,0,0,0,NaN,NaN
B_4f,64,0,0,2,3,317.5,25,9.92,1.8,-0.8,0.2,3,3000,0.52,0,0,0,NaN,NaN
B_4f,64,0,0,2,3,317.5,25,9.92,2.2,-0.8,0.2,1,1,0.04,0.1535077580644009,1.1242594197059448,0.002376705105586716,NaN,NaN
B_4f,64,0,0,2,3,317.5,25,9.92,2.2,-0.8,0.2,1,3,0.24,0.001157008367711477,0.5388682578722394,0.0017190854506312719,NaN,NaN
B_4f,64,0,0,2,3,317.5,25,9.92,2.2,-0.8,0.2,1,10,0.48,0.00000862217254344874,0.11612605557138697,0.00011829222721959036,NaN,NaN
B_4f,64,0,0,2,3,317.5,25,9.92,2.2,-0.8,0.2,1,30,0.64,5.003983512842656e-12,5.117816517402968e-7,6.850306347074573e-9,NaN,NaN
B_4f,64,0,0,2,3,317.5,25,9.92,2.2,-0.8,0.2,1,100,0.64,1.7743140865260128e-52,2.64561821111728e-46,2.7235599979262814e-48,NaN,NaN
B_4f,64,0,0,2,3,317.5,25,9.92,2.2,-0.8,0.2,1,300,0.64,1.057844179822373e-164,1.71666594630274e-158,4.7052417331901636e-160,NaN,NaN
B_4f,64,0,0,2,3,317.5,25,9.92,2.2,-0.8,0.2,1,1000,0.64,0,0,0,NaN,NaN
B_4f,64,0,0,2,3,317.5,25,9.92,2.2,-0.8,0.2,1,3000,0.64,0,0,0,NaN,NaN
B_4f,64,0,0,2,3,317.5,25,9.92,2.2,-0.8,0.2,2,1,0.04,0.15354735508659925,1.087078575559942,0.006108906041583279,NaN,NaN
B_4f,64,0,0,2,3,317.5,25,9.92,2.2,-0.8,0.2,2,3,0.28,0.0011523778693908026,0.48829773016294503,0.002480467724462159,NaN,NaN
B_4f,64,0,0,2,3,317.5,25,9.92,2.2,-0.8,0.2,2,10,0.4,6.129650666056636e-7,0.09999547826571542,0.000075058970883511,NaN,NaN
B_4f,64,0,0,2,3,317.5,25,9.92,2.2,-0.8,0.2,2,30,0.56,4.321745068999964e-12,5.781801988546657e-7,6.7432360286694484e-9,NaN,NaN
B_4f,64,0,0,2,3,317.5,25,9.92,2.2,-0.8,0.2,2,100,0.56,1.9477193633605093e-52,2.9918537690930126e-46,2.683072887818876e-48,NaN,NaN
B_4f,64,0,0,2,3,317.5,25,9.92,2.2,-0.8,0.2,2,300,0.56,1.2976425615628754e-164,1.9426718395445934e-158,4.6549423389084856e-160,NaN,NaN
B_4f,64,0,0,2,3,317.5,25,9.92,2.2,-0.8,0.2,2,1000,0.56,0,0,0,NaN,NaN
B_4f,64,0,0,2,3,317.5,25,9.92,2.2,-0.8,0.2,2,3000,0.56,0,0,0,NaN,NaN
B_4f,64,0,0,2,3,317.5,25,9.92,2.2,-0.8,0.2,3,1,0,0.9419274004281945,1.2035218019485379,0.0008039232293924043,NaN,NaN
B_4f,64,0,0,2,3,317.5,25,9.92,2.2,-0.8,0.2,3,3,0.16,0.2290834473067936,0.6083783449465335,0.0006275582677878817,NaN,NaN
B_4f,64,0,0,2,3,317.5,25,9.92,2.2,-0.8,0.2,3,10,0.4,0.00005098556440287987,0.13787193063631845,0.0003869166114090678,NaN,NaN
B_4f,64,0,0,2,3,317.5,25,9.92,2.2,-0.8,0.2,3,30,0.52,4.22574742968605e-13,9.483652114281623e-9,3.910410473502915e-10,NaN,NaN
B_4f,64,0,0,2,3,317.5,25,9.92,2.2,-0.8,0.2,3,100,0.52,6.394701121069442e-53,3.327635351547148e-48,2.1057762539877925e-49,NaN,NaN
B_4f,64,0,0,2,3,317.5,25,9.92,2.2,-0.8,0.2,3,300,0.52,3.335260759877304e-166,6.6575842344853576e-161,1.94559597218273e-161,NaN,NaN
B_4f,64,0,0,2,3,317.5,25,9.92,2.2,-0.8,0.2,3,1000,0.52,0,0,0,NaN,NaN
B_4f,64,0,0,2,3,317.5,25,9.92,2.2,-0.8,0.2,3,3000,0.52,0,0,0,NaN,NaN
B_4f,64,0,0,2,3,317.5,25,9.92,2.6,-0.8,0.2,1,1,0.04,0.1692985998836603,1.2399083151379333,0.002621188999082187,NaN,NaN
B_4f,64,0,0,2,3,317.5,25,9.92,2.6,-0.8,0.2,1,3,0.04,0.0019026244116887644,0.7224201467928798,0.002513445509610399,NaN,NaN
B_4f,64,0,0,2,3,317.5,25,9.92,2.6,-0.8,0.2,1,10,0.36,0.000007335319828830965,0.3107952443177324,0.00045016063838844656,NaN,NaN
B_4f,64,0,0,2,3,317.5,25,9.92,2.6,-0.8,0.2,1,30,0.48,0.000005109526549980164,0.11985290740268889,0.0000944356834479811,NaN,NaN
B_4f,64,0,0,2,3,317.5,25,9.92,2.6,-0.8,0.2,1,100,0.64,3.992155362313459e-7,0.008017068508983533,0.000026571515644819754,NaN,NaN
B_4f,64,0,0,2,3,317.5,25,9.92,2.6,-0.8,0.2,1,300,0.64,1.6970496993600126e-94,2.3522056615513398e-88,4.486391285992668e-90,NaN,NaN
B_4f,64,0,0,2,3,317.5,25,9.92,2.6,-0.8,0.2,1,1000,0.64,0,0,0,NaN,NaN
B_4f,64,0,0,2,3,317.5,25,9.92,2.6,-0.8,0.2,1,3000,0.64,0,0,0,NaN,NaN
B_4f,64,0,0,2,3,317.5,25,9.92,2.6,-0.8,0.2,2,1,0.04,0.169342270122235,1.1989027989621963,0.006737309258513113,NaN,NaN
B_4f,64,0,0,2,3,317.5,25,9.92,2.6,-0.8,0.2,2,3,0.04,0.0018823663449439253,0.6576467912518442,0.003719548338484248,NaN,NaN
B_4f,64,0,0,2,3,317.5,25,9.92,2.6,-0.8,0.2,2,10,0.36,0.00000514669341186645,0.2651829209244709,0.0002896015303632229,NaN,NaN
B_4f,64,0,0,2,3,317.5,25,9.92,2.6,-0.8,0.2,2,30,0.4,0.0000026061234992261092,0.10278532572985663,0.00008855693345152736,NaN,NaN
B_4f,64,0,0,2,3,317.5,25,9.92,2.6,-0.8,0.2,2,100,0.56,3.9684353709454764e-7,0.009105047727163737,0.000026415559817752122,NaN,NaN
B_4f,64,0,0,2,3,317.5,25,9.92,2.6,-0.8,0.2,2,300,0.56,1.0526633018955222e-94,1.6672711328588166e-88,2.788147372720811e-90,NaN,NaN
B_4f,64,0,0,2,3,317.5,25,9.92,2.6,-0.8,0.2,2,1000,0.56,0,0,0,NaN,NaN
B_4f,64,0,0,2,3,317.5,25,9.92,2.6,-0.8,0.2,2,3000,0.56,0,0,0,NaN,NaN
B_4f,64,0,0,2,3,317.5,25,9.92,2.6,-0.8,0.2,3,1,0,1.0388203964105072,1.3273241598243288,0.0008866201869288293,NaN,NaN
B_4f,64,0,0,2,3,317.5,25,9.92,2.6,-0.8,0.2,3,3,0,0.32599863789920797,0.8127922164488637,0.00085430089438051,NaN,NaN
B_4f,64,0,0,2,3,317.5,25,9.92,2.6,-0.8,0.2,3,10,0.24,0.0001394509783879819,0.3701175559650579,0.0009717110825020076,NaN,NaN
B_4f,64,0,0,2,3,317.5,25,9.92,2.6,-0.8,0.2,3,30,0.4,0.0000424665864162675,0.14181653287079257,0.0002737108004110766,NaN,NaN
B_4f,64,0,0,2,3,317.5,25,9.92,2.6,-0.8,0.2,3,100,0.52,4.29205876723306e-28,6.696456705086905e-23,3.98382670156394e-24,NaN,NaN
B_4f,64,0,0,2,3,317.5,25,9.92,2.6,-0.8,0.2,3,300,0.52,2.607282207981393e-126,4.40108278272044e-121,9.480134298859456e-122,NaN,NaN
B_4f,64,0,0,2,3,317.5,25,9.92,2.6,-0.8,0.2,3,1000,0.52,0,0,0,NaN,NaN
B_4f,64,0,0,2,3,317.5,25,9.92,2.6,-0.8,0.2,3,3000,0.52,0,0,0,NaN,NaN
B_4f,64,0,0,2,3,317.5,25,9.92,3,-0.8,0.2,1,1,0.04,0.18508944170291958,1.3555572105699214,0.00286567289257766,NaN,NaN
B_4f,64,0,0,2,3,317.5,25,9.92,3,-0.8,0.2,1,3,0.04,0.002939354652322574,0.9223960708728717,0.0034759651125467962,NaN,NaN
B_4f,64,0,0,2,3,317.5,25,9.92,3,-0.8,0.2,1,10,0.36,0.000024563203321845087,0.551400902609258,0.0010002500393101984,NaN,NaN
B_4f,64,0,0,2,3,317.5,25,9.92,3,-0.8,0.2,1,30,0.36,0.000005704821703473285,0.49749766106830096,0.0008422167255597152,NaN,NaN
B_4f,64,0,0,2,3,317.5,25,9.92,3,-0.8,0.2,1,100,0.36,0.000006435180873869822,0.4880599598091053,0.000877179058622164,NaN,NaN
B_4f,64,0,0,2,3,317.5,25,9.92,3,-0.8,0.2,1,300,0.36,0.000014113953267482141,0.5524001927739363,0.0005521005798084872,NaN,NaN
B_4f,64,0,0,2,3,317.5,25,9.92,3,-0.8,0.2,1,1000,0.36,0.000015406378673343917,0.5764242839403539,0.00042413726926761596,NaN,NaN
B_4f,64,0,0,2,3,317.5,25,9.92,3,-0.8,0.2,1,3000,0.36,0.000024190086596368318,0.576095483343243,0.00058027641945094,NaN,NaN
B_4f,64,0,0,2,3,317.5,25,9.92,3,-0.8,0.2,2,1,0.04,0.18513718515787062,1.3107270223644503,0.007365712475442969,NaN,NaN
B_4f,64,0,0,2,3,317.5,25,9.92,3,-0.8,0.2,2,3,0.04,0.00289238840001968,0.8427842706212898,0.005285186975874906,NaN,NaN
B_4f,64,0,0,2,3,317.5,25,9.92,3,-0.8,0.2,2,10,0.36,0.00001301795389023182,0.4681553760900314,0.0007656567372307993,NaN,NaN
B_4f,64,0,0,2,3,317.5,25,9.92,3,-0.8,0.2,2,30,0.36,0.0000018669038983698013,0.4244987681863421,0.000547306935432578,NaN,NaN
B_4f,64,0,0,2,3,317.5,25,9.92,3,-0.8,0.2,2,100,0.36,0.000002783480858350902,0.42293612576077383,0.0006129088379605136,NaN,NaN
B_4f,64,0,0,2,3,317.5,25,9.92,3,-0.8,0.2,2,300,0.36,0.00000864016875330699,0.48089054704238043,0.0004810381839497161,NaN,NaN
B_4f,64,0,0,2,3,317.5,25,9.92,3,-0.8,0.2,2,1000,0.36,0.000014353507908856517,0.5073307520951508,0.0005558279598155062,NaN,NaN
B_4f,64,0,0,2,3,317.5,25,9.92,3,-0.8,0.2,2,3000,0.36,0.000012216246384604874,0.5058723195908744,0.0006194783273992443,NaN,NaN
B_4f,64,0,0,2,3,317.5,25,9.92,3,-0.8,0.2,3,1,0,1.1357133923928189,1.4511265177001198,0.0009693171444652584,NaN,NaN
B_4f,64,0,0,2,3,317.5,25,9.92,3,-0.8,0.2,3,3,0,0.43653529768457994,1.0349949183689953,0.001121843922694098,NaN,NaN
B_4f,64,0,0,2,3,317.5,25,9.92,3,-0.8,0.2,3,10,0.24,0.0005420502288984796,0.6584784809487135,0.0017836817546643664,NaN,NaN
B_4f,64,0,0,2,3,317.5,25,9.92,3,-0.8,0.2,3,30,0.24,0.00015826958858579216,0.5891037006913455,0.0011746073981749692,NaN,NaN
B_4f,64,0,0,2,3,317.5,25,9.92,3,-0.8,0.2,3,100,0.24,0.0001616775597342758,0.5838250186580998,0.0011614621144875974,NaN,NaN
B_4f,64,0,0,2,3,317.5,25,9.92,3,-0.8,0.2,3,300,0.24,0.0001681095101110468,0.6279993123497754,0.001380532989214808,NaN,NaN
B_4f,64,0,0,2,3,317.5,25,9.92,3,-0.8,0.2,3,1000,0.24,0.00018646375592425843,0.6583090459995803,0.0012932738765685282,NaN,NaN
B_4f,64,0,0,2,3,317.5,25,9.92,3,-0.8,0.2,3,3000,0.24,0.00017939951794680993,0.6603012963578057,0.001294980617810406,NaN,NaN
B_4f,64,0,0,2,3,317.5,25,9.92,3.5,-0.8,0.2,1,1,0.04,0.2048279939769938,1.500118329859907,0.003171277759447008,NaN,NaN
B_4f,64,0,0,2,3,317.5,25,9.92,3.5,-0.8,0.2,1,3,0.04,0.004726530499088409,1.191006988253829,0.004923190720377038,NaN,NaN
B_4f,64,0,0,2,3,317.5,25,9.92,3.5,-0.8,0.2,1,10,0.36,0.00005794760377250567,0.8844366735643626,0.0020765277167184917,NaN,NaN
B_4f,64,0,0,2,3,317.5,25,9.92,3.5,-0.8,0.2,1,30,0.36,0.000013356993605627892,0.8823945695456629,0.001980932262494659,NaN,NaN
B_4f,64,0,0,2,3,317.5,25,9.92,3.5,-0.8,0.2,1,100,0.36,0.00001500932434254533,0.8858526946052396,0.002104413954459177,NaN,NaN
B_4f,64,0,0,2,3,317.5,25,9.92,3.5,-0.8,0.2,1,300,0.36,0.000029020117920814552,0.9457857158898679,0.0011017276108219473,NaN,NaN
B_4f,64,0,0,2,3,317.5,25,9.92,3.5,-0.8,0.2,1,1000,0.36,0.00005772145951982724,0.9553479483129032,0.0009253094066145031,NaN,NaN
B_4f,64,0,0,2,3,317.5,25,9.92,3.5,-0.8,0.2,1,3000,0.36,0.00003024822636479725,0.9675623343891888,0.0009903395321124886,NaN,NaN
B_4f,64,0,0,2,3,317.5,25,9.92,3.5,-0.8,0.2,2,1,0.04,0.20488082895241536,1.4505073016172687,0.008151216496605291,NaN,NaN
B_4f,64,0,0,2,3,317.5,25,9.92,3.5,-0.8,0.2,2,3,0.04,0.0046280471911521025,1.0921953362962273,0.007758534469260509,NaN,NaN
B_4f,64,0,0,2,3,317.5,25,9.92,3.5,-0.8,0.2,2,10,0.36,0.000024556803863398816,0.7478165285354416,0.0018825237171203847,NaN,NaN
B_4f,64,0,0,2,3,317.5,25,9.92,3.5,-0.8,0.2,2,30,0.36,0.0000058538596369461965,0.7445661918569276,0.0015165749372708028,NaN,NaN
B_4f,64,0,0,2,3,317.5,25,9.92,3.5,-0.8,0.2,2,100,0.36,0.000007114314812767904,0.7495315443989912,0.0017250373537378721,NaN,NaN
B_4f,64,0,0,2,3,317.5,25,9.92,3.5,-0.8,0.2,2,300,0.36,0.000023705431420002713,0.8025257915691844,0.0010383484726449654,NaN,NaN
B_4f,64,0,0,2,3,317.5,25,9.92,3.5,-0.8,0.2,2,1000,0.36,0.00002007088122805794,0.8234195526515034,0.0012048437506684626,NaN,NaN
B_4f,64,0,0,2,3,317.5,25,9.92,3.5,-0.8,0.2,2,3000,0.36,0.00004508075457856459,0.8198571106440014,0.001300705738608023,NaN,NaN
B_4f,64,0,0,2,3,317.5,25,9.92,3.5,-0.8,0.2,3,1,0,1.2568296373707093,1.6058794650448587,0.0010726883413857827,NaN,NaN
B_4f,64,0,0,2,3,317.5,25,9.92,3.5,-0.8,0.2,3,3,0,0.5909514885149779,1.332897428652396,0.0015155872998648835,NaN,NaN
B_4f,64,0,0,2,3,317.5,25,9.92,3.5,-0.8,0.2,3,10,0.24,0.005990756780549649,1.0563148668941387,0.0031902864362903533,NaN,NaN
B_4f,64,0,0,2,3,317.5,25,9.92,3.5,-0.8,0.2,3,30,0.24,0.000258192066359509,1.0552519361737807,0.003148209708305012,NaN,NaN
B_4f,64,0,0,2,3,317.5,25,9.92,3.5,-0.8,0.2,3,100,0.24,0.0002678615957959827,1.0586656728035002,0.003544190399797513,NaN,NaN
B_4f,64,0,0,2,3,317.5,25,9.92,3.5,-0.8,0.2,3,300,0.24,0.000335008841840126,1.102799967423659,0.0032389998226273085,NaN,NaN
B_4f,64,0,0,2,3,317.5,25,9.92,3.5,-0.8,0.2,3,1000,0.24,0.0003292892199936354,1.1194249846592574,0.002551062194426848,NaN,NaN
B_4f,64,0,0,2,3,317.5,25,9.92,3.5,-0.8,0.2,3,3000,0.24,0.00029687367667172355,1.1195563683348675,0.0020661315491152014,NaN,NaN
B_4f,64,0,0,2,3,317.5,25,9.92,4,-0.8,0.2,1,1,0.04,0.22456654625106778,1.6446794491498924,0.0034768826263163514,NaN,NaN
B_4f,64,0,0,2,3,317.5,25,9.92,4,-0.8,0.2,1,3,0.04,0.007153253534195526,1.4761495328626624,0.006651750311040071,NaN,NaN
B_4f,64,0,0,2,3,317.5,25,9.92,4,-0.8,0.2,1,10,0.36,0.00009750189663013838,1.2578791749244465,0.004075237379947113,NaN,NaN
B_4f,64,0,0,2,3,317.5,25,9.92,4,-0.8,0.2,1,30,0.36,0.000023545068399322517,1.2311141787455002,0.003753483812849811,NaN,NaN
B_4f,64,0,0,2,3,317.5,25,9.92,4,-0.8,0.2,1,100,0.36,0.00002621248929463835,1.232287683586497,0.004161758184281696,NaN,NaN
B_4f,64,0,0,2,3,317.5,25,9.92,4,-0.8,0.2,1,300,0.36,0.00004662930945918738,1.2970990889177325,0.0020079226449602676,NaN,NaN
B_4f,64,0,0,2,3,317.5,25,9.92,4,-0.8,0.2,1,1000,0.36,0.0001100682597012514,1.313882568897483,0.0015851393957282923,NaN,NaN
B_4f,64,0,0,2,3,317.5,25,9.92,4,-0.8,0.2,1,3000,0.36,0.00008822001966007483,1.3140744056867015,0.001342165110591372,NaN,NaN
B_4f,64,0,0,2,3,317.5,25,9.92,4,-0.8,0.2,2,1,0.04,0.22462447274695996,1.5902875808700858,0.008936720517767597,NaN,NaN
B_4f,64,0,0,2,3,317.5,25,9.92,4,-0.8,0.2,2,3,0.04,0.006981449641844253,1.3576114244507722,0.010880997951351539,NaN,NaN
B_4f,64,0,0,2,3,317.5,25,9.92,4,-0.8,0.2,2,10,0.36,0.00004259002620604899,1.0679277633385547,0.004527436362721119,NaN,NaN
B_4f,64,0,0,2,3,317.5,25,9.92,4,-0.8,0.2,2,30,0.36,0.000010999433017162697,1.0330742590139628,0.0030841521548918864,NaN,NaN
B_4f,64,0,0,2,3,317.5,25,9.92,4,-0.8,0.2,2,100,0.36,0.000012194444423160234,1.0361245793877287,0.0036372863092756346,NaN,NaN
B_4f,64,0,0,2,3,317.5,25,9.92,4,-0.8,0.2,2,300,0.36,0.000035771757595743274,1.1036212686144147,0.0017798162197510917,NaN,NaN
B_4f,64,0,0,2,3,317.5,25,9.92,4,-0.8,0.2,2,1000,0.36,0.000037056342787246144,1.1188368372721633,0.0020490125755806194,NaN,NaN
B_4f,64,0,0,2,3,317.5,25,9.92,4,-0.8,0.2,2,3000,0.36,0.000014295723819359787,1.112323800373838,0.0019362513218012633,NaN,NaN
B_4f,64,0,0,2,3,317.5,25,9.92,4,-0.8,0.2,3,1,0,1.377945882348599,1.7606324123895964,0.0011760595383063213,NaN,NaN
B_4f,64,0,0,2,3,317.5,25,9.92,4,-0.8,0.2,3,3,0,0.7603694900456929,1.648636049055847,0.0019769584211509123,NaN,NaN
B_4f,64,0,0,2,3,317.5,25,9.92,4,-0.8,0.2,3,10,0.16,0.04757935847040706,1.4916988919688225,0.0051571796116398165,NaN,NaN
B_4f,64,0,0,2,3,317.5,25,9.92,4,-0.8,0.2,3,30,0.24,0.00037314518636554536,1.480061904872009,0.007985800644638141,NaN,NaN
B_4f,64,0,0,2,3,317.5,25,9.92,4,-0.8,0.2,3,100,0.28,0.00036735205577733836,1.485680732820498,1.0909044614816303,NaN,NaN
B_4f,64,0,0,2,3,317.5,25,9.92,4,-0.8,0.2,3,300,0.28,0.0005671438792265977,1.5157341177623151,3.4783861604756035,NaN,NaN
B_4f,64,0,0,2,3,317.5,25,9.92,4,-0.8,0.2,3,1000,0.28,0.00041873821237441313,1.5557497764865216,3.611240532280399,NaN,NaN
B_4f,64,0,0,2,3,317.5,25,9.92,4,-0.8,0.2,3,3000,0.28,0.00045252486236818727,1.5488935889758009,3.6456286490416017,NaN,NaN
B_4f,64,0,0,2,4,381,16,6.89,1.8,-0.8,0.2,1,1,0,0.5673754774268709,1.039553820518287,0.0020864110727585304,NaN,NaN
B_4f,64,0,0,2,4,381,16,6.89,1.8,-0.8,0.2,1,3,0.125,0.031792118141202426,0.373587236483049,0.001164259329956296,NaN,NaN
B_4f,64,0,0,2,4,381,16,6.89,1.8,-0.8,0.2,1,10,0.5625,2.413609873228479e-7,0.009170378452931088,0.000005902568025944468,NaN,NaN
B_4f,64,0,0,2,4,381,16,6.89,1.8,-0.8,0.2,1,30,0.5625,8.258935591719147e-20,5.629375645938254e-15,4.363505791301167e-18,NaN,NaN
B_4f,64,0,0,2,4,381,16,6.89,1.8,-0.8,0.2,1,100,0.5625,2.9226237258665943e-65,2.186526116257421e-60,3.252795069343557e-63,NaN,NaN
B_4f,64,0,0,2,4,381,16,6.89,1.8,-0.8,0.2,1,300,0.5625,5.339266672165312e-195,3.946133708851558e-190,4.741193799277123e-192,NaN,NaN
B_4f,64,0,0,2,4,381,16,6.89,1.8,-0.8,0.2,1,1000,0.5625,0,0,0,NaN,NaN
B_4f,64,0,0,2,4,381,16,6.89,1.8,-0.8,0.2,1,3000,0.5625,0,0,0,NaN,NaN
B_4f,64,0,0,2,4,381,16,6.89,1.8,-0.8,0.2,2,1,0,0.5606205297226536,1.0258120291022872,0.0018206880383928434,NaN,NaN
B_4f,64,0,0,2,4,381,16,6.89,1.8,-0.8,0.2,2,3,0.125,0.03075698612839638,0.3697319713325938,0.0006386390713292812,NaN,NaN
B_4f,64,0,0,2,4,381,16,6.89,1.8,-0.8,0.2,2,10,0.5,1.9547849598215632e-7,0.010467716076175027,0.0000060123733749794526,NaN,NaN
B_4f,64,0,0,2,4,381,16,6.89,1.8,-0.8,0.2,2,30,0.5,8.842766928205115e-20,6.5978990789489694e-15,4.3200702945158824e-18,NaN,NaN
B_4f,64,0,0,2,4,381,16,6.89,1.8,-0.8,0.2,2,100,0.5,3.0617320111491413e-65,2.563331057232147e-60,3.260150768831016e-63,NaN,NaN
B_4f,64,0,0,2,4,381,16,6.89,1.8,-0.8,0.2,2,300,0.5,5.460874428040158e-195,4.626433419852046e-190,4.873018566605682e-192,NaN,NaN
B_4f,64,0,0,2,4,381,16,6.89,1.8,-0.8,0.2,2,1000,0.5,0,0,0,NaN,NaN
B_4f,64,0,0,2,4,381,16,6.89,1.8,-0.8,0.2,2,3000,0.5,0,0,0,NaN,NaN
B_4f,64,0,0,2,4,381,16,6.89,1.8,-0.8,0.2,3,1,0,0.565840751243924,1.116647039639544,0.0007024729870726418,NaN,NaN
B_4f,64,0,0,2,4,381,16,6.89,1.8,-0.8,0.2,3,3,0.0625,0.031710740283838156,0.4367067501491643,0.0010401860080546288,NaN,NaN
B_4f,64,0,0,2,4,381,16,6.89,1.8,-0.8,0.2,3,10,0.625,0.0000025866421591342544,0.012413413469662123,0.000005847775666437921,NaN,NaN
B_4f,64,0,0,2,4,381,16,6.89,1.8,-0.8,0.2,3,30,0.625,2.895582847063756e-19,7.726941354166384e-15,3.686605451058245e-18,NaN,NaN
B_4f,64,0,0,2,4,381,16,6.89,1.8,-0.8,0.2,3,100,0.625,4.510594932829282e-65,3.0461853428838284e-60,2.7662247820629757e-63,NaN,NaN
B_4f,64,0,0,2,4,381,16,6.89,1.8,-0.8,0.2,3,300,0.625,7.77027900412962e-195,5.730903574106328e-190,4.178722912003439e-192,NaN,NaN
B_4f,64,0,0,2,4,381,16,6.89,1.8,-0.8,0.2,3,1000,0.625,0,0,0,NaN,NaN
B_4f,64,0,0,2,4,381,16,6.89,1.8,-0.8,0.2,3,3000,0.625,0,0,0,NaN,NaN
B_4f,64,0,0,2,4,381,16,6.89,2.2,-0.8,0.2,1,1,0,0.6324316568741835,1.1587507237744623,0.002325642302429956,NaN,NaN
B_4f,64,0,0,2,4,381,16,6.89,2.2,-0.8,0.2,1,3,0.125,0.05392658188380656,0.5378935435457524,0.0017354383033529174,NaN,NaN
B_4f,64,0,0,2,4,381,16,6.89,2.2,-0.8,0.2,1,10,0.4375,4.2312591829365607e-7,0.061646151959122944,0.000045004287070382356,NaN,NaN
B_4f,64,0,0,2,4,381,16,6.89,2.2,-0.8,0.2,1,30,0.5625,8.866538138584774e-14,4.803633281271846e-9,3.884037541440796e-12,NaN,NaN
B_4f,64,0,0,2,4,381,16,6.89,2.2,-0.8,0.2,1,100,0.5625,3.127695234478132e-53,2.3502823426981817e-48,3.112933863922039e-51,NaN,NaN
B_4f,64,0,0,2,4,381,16,6.89,2.2,-0.8,0.2,1,300,0.5625,1.563395638305483e-165,1.1417302619585017e-160,1.32128452291232e-162,NaN,NaN
B_4f,64,0,0,2,4,381,16,6.89,2.2,-0.8,0.2,1,1000,0.5625,0,0,0,NaN,NaN
B_4f,64,0,0,2,4,381,16,6.89,2.2,-0.8,0.2,1,3000,0.5625,0,0,0,NaN,NaN
B_4f,64,0,0,2,4,381,16,6.89,2.2,-0.8,0.2,2,1,0,0.6249021760653706,1.1434332765822537,0.0020294510400658073,NaN,NaN
B_4f,64,0,0,2,4,381,16,6.89,2.2,-0.8,0.2,2,3,0.125,0.05220351762080298,0.5316086427386368,0.0009804795566649646,NaN,NaN
B_4f,64,0,0,2,4,381,16,6.89,2.2,-0.8,0.2,2,10,0.375,2.4234956694777027e-7,0.0689686297992442,0.00002279548255845264,NaN,NaN
B_4f,64,0,0,2,4,381,16,6.89,2.2,-0.8,0.2,2,30,0.5,9.299471537904325e-14,5.474774801519998e-9,3.5879902834355924e-12,NaN,NaN
B_4f,64,0,0,2,4,381,16,6.89,2.2,-0.8,0.2,2,100,0.5,3.193042712331523e-53,2.679493545843953e-48,3.135453483540642e-51,NaN,NaN
B_4f,64,0,0,2,4,381,16,6.89,2.2,-0.8,0.2,2,300,0.5,1.6145209615202553e-165,1.3017199303552298e-160,1.3325731491865931e-162,NaN,NaN
B_4f,64,0,0,2,4,381,16,6.89,2.2,-0.8,0.2,2,1000,0.5,0,0,0,NaN,NaN
B_4f,64,0,0,2,4,381,16,6.89,2.2,-0.8,0.2,2,3000,0.5,0,0,0,NaN,NaN
B_4f,64,0,0,2,4,381,16,6.89,2.2,-0.8,0.2,3,1,0,0.630720956533148,1.244683574668437,0.0007830196629902224,NaN,NaN
B_4f,64,0,0,2,4,381,16,6.89,2.2,-0.8,0.2,3,3,0.0625,0.053742190477866686,0.6262004877917076,0.0015239329912541456,NaN,NaN
B_4f,64,0,0,2,4,381,16,6.89,2.2,-0.8,0.2,3,10,0.4375,0.000004461975315834488,0.08235874707830758,0.000047101697156074543,NaN,NaN
B_4f,64,0,0,2,4,381,16,6.89,2.2,-0.8,0.2,3,30,0.625,1.337058249880315e-13,6.417125668726954e-9,3.2193986220914567e-12,NaN,NaN
B_4f,64,0,0,2,4,381,16,6.89,2.2,-0.8,0.2,3,100,0.625,4.731032566586279e-53,3.187344281663431e-48,2.7698248602067605e-51,NaN,NaN
B_4f,64,0,0,2,4,381,16,6.89,2.2,-0.8,0.2,3,300,0.625,2.192841856950998e-165,1.614007934442072e-160,1.1606008466439494e-162,NaN,NaN
B_4f,64,0,0,2,4,381,16,6.89,2.2,-0.8,0.2,3,1000,0.625,0,0,0,NaN,NaN
B_4f,64,0,0,2,4,381,16,6.89,2.2,-0.8,0.2,3,3000,0.625,0,0,0,NaN,NaN
B_4f,64,0,0,2,4,381,16,6.89,2.6,-0.8,0.2,1,1,0,0.6974878363214961,1.2779476270306382,0.0025648735321013682,NaN,NaN
B_4f,64,0,0,2,4,381,16,6.89,2.6,-0.8,0.2,1,3,0.125,0.08299148216779641,0.7222989706900881,0.002416544676885301,NaN,NaN
B_4f,64,0,0,2,4,381,16,6.89,2.6,-0.8,0.2,1,10,0.4375,0.0000023179277783877035,0.19156524961025806,0.0003823654039928344,NaN,NaN
B_4f,64,0,0,2,4,381,16,6.89,2.6,-0.8,0.2,1,30,0.5,3.7627206851858216e-7,0.055030749319365885,0.000024626974675107562,NaN,NaN
B_4f,64,0,0,2,4,381,16,6.89,2.6,-0.8,0.2,1,100,0.5625,3.0127113166499e-32,2.738040815100408e-27,1.8540841258388565e-30,NaN,NaN
B_4f,64,0,0,2,4,381,16,6.89,2.6,-0.8,0.2,1,300,0.5625,3.776040160496191e-130,4.302767674678029e-125,3.6701425161422153e-127,NaN,NaN
B_4f,64,0,0,2,4,381,16,6.89,2.6,-0.8,0.2,1,1000,0.5625,0,0,0,NaN,NaN
B_4f,64,0,0,2,4,381,16,6.89,2.6,-0.8,0.2,1,3000,0.5625,0,0,0,NaN,NaN
B_4f,64,0,0,2,4,381,16,6.89,2.6,-0.8,0.2,2,1,0,0.6891838224080881,1.2610545240622208,0.002238214041738761,NaN,NaN
B_4f,64,0,0,2,4,381,16,6.89,2.6,-0.8,0.2,2,3,0.125,0.08040139253351712,0.7131918233576843,0.0014022015416889511,NaN,NaN
B_4f,64,0,0,2,4,381,16,6.89,2.6,-0.8,0.2,2,10,0.375,0.0000016155082995995083,0.20673136926670613,0.00017411014336466904,NaN,NaN
B_4f,64,0,0,2,4,381,16,6.89,2.6,-0.8,0.2,2,30,0.4375,3.9333839893021287e-7,0.06035739218221243,0.000023926405720862818,NaN,NaN
B_4f,64,0,0,2,4,381,16,6.89,2.6,-0.8,0.2,2,100,0.5,1.9758663998696437e-32,2.682565716909492e-27,1.2962149351006363e-30,NaN,NaN
B_4f,64,0,0,2,4,381,16,6.89,2.6,-0.8,0.2,2,300,0.5,3.3894848665615442e-130,4.2270568547442355e-125,2.5164665083648074e-127,NaN,NaN
B_4f,64,0,0,2,4,381,16,6.89,2.6,-0.8,0.2,2,1000,0.5,0,0,0,NaN,NaN
B_4f,64,0,0,2,4,381,16,6.89,2.6,-0.8,0.2,2,3000,0.5,0,0,0,NaN,NaN
B_4f,64,0,0,2,4,381,16,6.89,2.6,-0.8,0.2,3,1,0,0.6956011618223723,1.3727201096973303,0.0008635663389078103,NaN,NaN
B_4f,64,0,0,2,4,381,16,6.89,2.6,-0.8,0.2,3,3,0.0625,0.08264346919426616,0.837946369600524,0.0020859217516037637,NaN,NaN
B_4f,64,0,0,2,4,381,16,6.89,2.6,-0.8,0.2,3,10,0.4375,0.000003578313588426851,0.24695664223657482,0.00038505925257156695,NaN,NaN
B_4f,64,0,0,2,4,381,16,6.89,2.6,-0.8,0.2,3,30,0.625,9.037538758789754e-7,0.07298571282603897,0.000024594675932161634,NaN,NaN
B_4f,64,0,0,2,4,381,16,6.89,2.6,-0.8,0.2,3,100,0.625,2.721474604080821e-32,2.2667904700666854e-27,5.98146075924254e-31,NaN,NaN
B_4f,64,0,0,2,4,381,16,6.89,2.6,-0.8,0.2,3,300,0.625,3.649374287671107e-130,3.7230221642197886e-125,1.0237634765840181e-127,NaN,NaN
B_4f,64,0,0,2,4,381,16,6.89,2.6,-0.8,0.2,3,1000,0.625,0,0,0,NaN,NaN
B_4f,64,0,0,2,4,381,16,6.89,2.6,-0.8,0.2,3,3000,0.625,0,0,0,NaN,NaN
B_4f,64,0,0,2,4,381,16,6.89,3,-0.8,0.2,1,1,0,0.7625440157688087,1.3971445302868135,0.0028041047617727902,NaN,NaN
B_4f,64,0,0,2,4,381,16,6.89,3,-0.8,0.2,1,3,0.125,0.11893978523008014,0.9231127134483095,0.0032054993825059988,NaN,NaN
B_4f,64,0,0,2,4,381,16,6.89,3,-0.8,0.2,1,10,0.125,0.0000040422482356918385,0.4256890427994074,0.0013156454882534848,NaN,NaN
B_4f,64,0,0,2,4,381,16,6.89,3,-0.8,0.2,1,30,0.4375,9.123507131829793e-7,0.23049583325042303,0.000026951643839836466,NaN,NaN
B_4f,64,0,0,2,4,381,16,6.89,3,-0.8,0.2,1,100,0.4375,9.514451408436975e-7,0.2243357095765021,0.00002824496429995895,NaN,NaN
B_4f,64,0,0,2,4,381,16,6.89,3,-0.8,0.2,1,300,0.4375,0.0000020497682370268134,0.2271867932838577,0.00006576552945645259,NaN,NaN
B_4f,64,0,0,2,4,381,16,6.89,3,-0.8,0.2,1,1000,0.4375,0.0000029462927482066007,0.23892233959344075,0.0001453845312004271,NaN,NaN
B_4f,64,0,0,2,4,381,16,6.89,3,-0.8,0.2,1,3000,0.4375,0.0000029451804634129003,0.2389225017918482,0.00014540444613211608,NaN,NaN
B_4f,64,0,0,2,4,381,16,6.89,3,-0.8,0.2,2,1,0,0.753465468750805,1.3786757715421873,0.0024469770434117164,NaN,NaN
B_4f,64,0,0,2,4,381,16,6.89,3,-0.8,0.2,2,3,0.125,0.11532009164182389,0.9108878677327986,0.0019055464623160777,NaN,NaN
B_4f,64,0,0,2,4,381,16,6.89,3,-0.8,0.2,2,10,0.125,0.00000529498835068178,0.443981184292345,0.0005984354418264836,NaN,NaN
B_4f,64,0,0,2,4,381,16,6.89,3,-0.8,0.2,2,30,0.375,8.32463451212885e-7,0.2593719027616821,0.00002504295162714622,NaN,NaN
B_4f,64,0,0,2,4,381,16,6.89,3,-0.8,0.2,2,100,0.375,9.097237341432232e-7,0.25355124031864695,0.000028042445076721843,NaN,NaN
B_4f,64,0,0,2,4,381,16,6.89,3,-0.8,0.2,2,300,0.375,0.0000020481205584346987,0.2789537354789716,0.0001028226149617201,NaN,NaN
B_4f,64,0,0,2,4,381,16,6.89,3,-0.8,0.2,2,1000,0.375,0.000004716891629283462,0.28592489206766203,0.00014713815721199508,NaN,NaN
B_4f,64,0,0,2,4,381,16,6.89,3,-0.8,0.2,2,3000,0.375,0.000005136493351508812,0.28576321100390245,0.00014329736280926177,NaN,NaN
B_4f,64,0,0,2,4,381,16,6.89,3,-0.8,0.2,3,1,0,0.7604813671115962,1.5007566447262233,0.000944113014825397,NaN,NaN
B_4f,64,0,0,2,4,381,16,6.89,3,-0.8,0.2,3,3,0.0625,0.11836232983682352,1.0676574942514843,0.002720745832200667,NaN,NaN
B_4f,64,0,0,2,4,381,16,6.89,3,-0.8,0.2,3,10,0.0625,0.000008240026988916133,0.530134892764249,0.0013248215575393802,NaN,NaN
B_4f,64,0,0,2,4,381,16,6.89,3,-0.8,0.2,3,30,0.4375,0.000003318969648196625,0.3091350948689343,0.000024843817304233236,NaN,NaN
B_4f,64,0,0,2,4,381,16,6.89,3,-0.8,0.2,3,100,0.4375,0.0000033845250041068354,0.30280141906102254,0.000025671961513851874,NaN,NaN
B_4f,64,0,0,2,4,381,16,6.89,3,-0.8,0.2,3,300,0.4375,0.000004934329416095581,0.3451677443514326,0.00011205680391607473,NaN,NaN
B_4f,64,0,0,2,4,381,16,6.89,3,-0.8,0.2,3,1000,0.4375,0.000008140997480099778,0.37945401502335724,0.00013959399465985565,NaN,NaN
B_4f,64,0,0,2,4,381,16,6.89,3,-0.8,0.2,3,3000,0.4375,0.000008334721723493264,0.38026694037623526,0.00014394117659516587,NaN,NaN
B_4f,64,0,0,2,4,381,16,6.89,3.5,-0.8,0.2,1,1,0,0.8438642400779499,1.5461406593570333,0.003103143798862067,NaN,NaN
B_4f,64,0,0,2,4,381,16,6.89,3.5,-0.8,0.2,1,3,0.125,0.17312994148559827,1.1927239202219342,0.0043413557369523835,NaN,NaN
B_4f,64,0,0,2,4,381,16,6.89,3.5,-0.8,0.2,1,10,0.125,0.000009764481701357164,0.8030617030685447,0.003328540576081656,NaN,NaN
B_4f,64,0,0,2,4,381,16,6.89,3.5,-0.8,0.2,1,30,0.125,0.000006409564458686685,0.6352626686446802,0.002063193735751509,NaN,NaN
B_4f,64,0,0,2,4,381,16,6.89,3.5,-0.8,0.2,1,100,0.4375,0.0000023597000474503233,0.48168027475392033,0.00033928311696591196,NaN,NaN
B_4f,64,0,0,2,4,381,16,6.89,3.5,-0.8,0.2,1,300,0.4375,0.0000032357074016168948,0.4911415041528778,0.0003659519090686486,NaN,NaN
B_4f,64,0,0,2,4,381,16,6.89,3.5,-0.8,0.2,1,1000,0.4375,0.0000032378600181830556,0.49114171112897814,0.00036561644082754773,NaN,NaN
B_4f,64,0,0,2,4,381,16,6.89,3.5,-0.8,0.2,1,3000,0.4375,0.000003237615656797098,0.4911420222466879,0.0003655935940963434,NaN,NaN
B_4f,64,0,0,2,4,381,16,6.89,3.5,-0.8,0.2,2,1,0,0.8338175266792014,1.5257023308921458,0.0027079307955029065,NaN,NaN
B_4f,64,0,0,2,4,381,16,6.89,3.5,-0.8,0.2,2,3,0.125,0.16802259969416522,1.1763030609233456,0.0026520211446379467,NaN,NaN
B_4f,64,0,0,2,4,381,16,6.89,3.5,-0.8,0.2,2,10,0.125,0.00001726741640503047,0.8201913667090692,0.001491366662646376,NaN,NaN
B_4f,64,0,0,2,4,381,16,6.89,3.5,-0.8,0.2,2,30,0.125,0.000007637464196063288,0.6708833366892085,0.001027266888553825,NaN,NaN
B_4f,64,0,0,2,4,381,16,6.89,3.5,-0.8,0.2,2,100,0.375,0.0000026571739641907295,0.5424948150772244,0.00030760360326083467,NaN,NaN
B_4f,64,0,0,2,4,381,16,6.89,3.5,-0.8,0.2,2,300,0.375,0.0000032384707889387144,0.5524962457606662,0.00036571297976689947,NaN,NaN
B_4f,64,0,0,2,4,381,16,6.89,3.5,-0.8,0.2,2,1000,0.375,0.000003237286162751267,0.5524964705189929,0.0003655627841813699,NaN,NaN
B_4f,64,0,0,2,4,381,16,6.89,3.5,-0.8,0.2,2,3000,0.375,0.0000032365632684184074,0.5524973916834512,0.00036549517387811636,NaN,NaN
B_4f,64,0,0,2,4,381,16,6.89,3.5,-0.8,0.2,3,1,0,0.8415816237231267,1.6608023135123406,0.0010447963597223784,NaN,NaN
B_4f,64,0,0,2,4,381,16,6.89,3.5,-0.8,0.2,3,3,0.0625,0.17217102601431566,1.374922033286282,0.0036105377105370975,NaN,NaN
B_4f,64,0,0,2,4,381,16,6.89,3.5,-0.8,0.2,3,10,0.0625,0.00002279551936604926,0.9796738742099267,0.0034237592918170134,NaN,NaN
B_4f,64,0,0,2,4,381,16,6.89,3.5,-0.8,0.2,3,30,0.0625,0.000029145696318118026,0.7989747430506989,0.0020403864865379687,NaN,NaN
B_4f,64,0,0,2,4,381,16,6.89,3.5,-0.8,0.2,3,100,0.4375,0.000025074310165738732,0.6506051114723999,0.00030762982741036425,NaN,NaN
B_4f,64,0,0,2,4,381,16,6.89,3.5,-0.8,0.2,3,300,0.4375,0.000032608584861351864,0.6656354876314639,0.0003842616988804053,NaN,NaN
B_4f,64,0,0,2,4,381,16,6.89,3.5,-0.8,0.2,3,1000,0.4375,0.000031080854737078066,0.665886901462764,0.0003858256599067522,NaN,NaN
B_4f,64,0,0,2,4,381,16,6.89,3.5,-0.8,0.2,3,3000,0.4375,0.000030020122745122664,0.6659981206466347,0.0003863489034943646,NaN,NaN
B_4f,64,0,0,2,4,381,16,6.89,4,-0.8,0.2,1,1,0,0.9251844643870901,1.6951367884272521,0.003402182835951338,NaN,NaN
B_4f,64,0,0,2,4,381,16,6.89,4,-0.8,0.2,1,3,0.125,0.2368425209956348,1.4788233099400718,0.005642547741542109,NaN,NaN
B_4f,64,0,0,2,4,381,16,6.89,4,-0.8,0.2,1,10,0.125,0.00004772940053676245,1.2125783665114522,0.00660155093167256,NaN,NaN
B_4f,64,0,0,2,4,381,16,6.89,4,-0.8,0.2,1,30,0.125,0.000012697321474304739,1.183857374385125,0.011984038734114555,NaN,NaN
B_4f,64,0,0,2,4,381,16,6.89,4,-0.8,0.2,1,100,0.1875,0.000254649811961793,1.240953051195805,3.110960286642579,NaN,NaN
B_4f,64,0,0,2,4,381,16,6.89,4,-0.8,0.2,1,300,0.1875,0.0003940665000836373,1.262162610496804,3.0922549172432334,NaN,NaN
B_4f,64,0,0,2,4,381,16,6.89,4,-0.8,0.2,1,1000,0.1875,0.0003938014989677331,1.222939202275731,3.1373579330039356,NaN,NaN
B_4f,64,0,0,2,4,381,16,6.89,4,-0.8,0.2,1,3000,0.1875,0.00046360940481467145,1.2405921810549339,2.9799273834508644,NaN,NaN
B_4f,64,0,0,2,4,381,16,6.89,4,-0.8,0.2,2,1,0,0.9141695846075978,1.6727288902421038,0.0029688845475941057,NaN,NaN
B_4f,64,0,0,2,4,381,16,6.89,4,-0.8,0.2,2,3,0.125,0.23005580211272933,1.4579776006763543,0.003531992601259285,NaN,NaN
B_4f,64,0,0,2,4,381,16,6.89,4,-0.8,0.2,2,10,0.125,0.00004852876707902325,1.2262810701062863,0.0028692363494061783,NaN,NaN
B_4f,64,0,0,2,4,381,16,6.89,4,-0.8,0.2,2,30,0.125,0.000025390152331772463,1.2071903931600405,0.003333998217060691,NaN,NaN
B_4f,64,0,0,2,4,381,16,6.89,4,-0.8,0.2,2,100,0.125,0.0000292506926535287,1.2538239649141942,0.0025286395483376536,NaN,NaN
B_4f,64,0,0,2,4,381,16,6.89,4,-0.8,0.2,2,300,0.125,0.0000316876434633016,1.2685649945397504,0.0022660327992168315,NaN,NaN
B_4f,64,0,0,2,4,381,16,6.89,4,-0.8,0.2,2,1000,0.125,0.000022085964348267398,1.2623290178721276,0.0031687758540883525,NaN,NaN
B_4f,64,0,0,2,4,381,16,6.89,4,-0.8,0.2,2,3000,0.125,0.00007209981405541485,1.2350860267404788,0.00277110798677546,NaN,NaN
B_4f,64,0,0,2,4,381,16,6.89,4,-0.8,0.2,3,1,0,0.9226818803346563,1.8208479822984565,0.0011454797046193568,NaN,NaN
B_4f,64,0,0,2,4,381,16,6.89,4,-0.8,0.2,3,3,0.0625,0.23539879921705437,1.6998251744844957,0.004602106606703547,NaN,NaN
B_4f,64,0,0,2,4,381,16,6.89,4,-0.8,0.2,3,10,0.0625,0.00006925287897516901,1.4656709216060335,0.007125024284858512,NaN,NaN
B_4f,64,0,0,2,4,381,16,6.89,4,-0.8,0.2,3,30,0.0625,0.00005635177959425359,1.442950499167932,0.011065504088155199,NaN,NaN
B_4f,64,0,0,2,4,381,16,6.89,4,-0.8,0.2,3,100,0.125,0.00043013738932829956,1.5452563161997972,3.101146168527005,NaN,NaN
B_4f,64,0,0,2,4,381,16,6.89,4,-0.8,0.2,3,300,0.125,0.0004471741463032296,1.5584349656286562,3.0913441203276633,NaN,NaN
B_4f,64,0,0,2,4,381,16,6.89,4,-0.8,0.2,3,1000,0.125,0.00033794696887880286,1.5305443991892411,3.135650069263077,NaN,NaN
B_4f,64,0,0,2,4,381,16,6.89,4,-0.8,0.2,3,3000,0.125,0.00041449429843857047,1.4869782600631511,2.9541081374418128,NaN,NaN
B_4f,64,0,0,3,1,254,25,15.5,1.8,-0.8,0.2,1,1,0,1.12205196234986,1.3298500956123835,0.010450396482770088,NaN,NaN
B_4f,64,0,0,3,1,254,25,15.5,1.8,-0.8,0.2,1,3,0,0.4963140419374796,0.7202269903093843,0.003496282731721211,NaN,NaN
B_4f,64,0,0,3,1,254,25,15.5,1.8,-0.8,0.2,1,10,0.64,0.007780456205343341,0.043699696383971844,0.0004556233135794883,NaN,NaN
B_4f,64,0,0,3,1,254,25,15.5,1.8,-0.8,0.2,1,30,0.64,5.282075826303731e-16,1.8975034357103018e-14,4.160637999783052e-16,NaN,NaN
B_4f,64,0,0,3,1,254,25,15.5,1.8,-0.8,0.2,1,100,0.64,4.580139347687841e-62,7.750425707264789e-60,6.271473718436306e-61,NaN,NaN
B_4f,64,0,0,3,1,254,25,15.5,1.8,-0.8,0.2,1,300,0.64,2.256295682506893e-192,1.8999196023811046e-189,4.2762569216742977e-190,NaN,NaN
B_4f,64,0,0,3,1,254,25,15.5,1.8,-0.8,0.2,1,1000,0.64,0,0,0,NaN,NaN
B_4f,64,0,0,3,1,254,25,15.5,1.8,-0.8,0.2,1,3000,0.64,0,0,0,NaN,NaN
B_4f,64,0,0,3,1,254,25,15.5,1.8,-0.8,0.2,2,1,0,1.0450376428248762,1.3055304258903326,0.013233914724336725,NaN,NaN
B_4f,64,0,0,3,1,254,25,15.5,1.8,-0.8,0.2,2,3,0,0.41137818630109957,0.6915197823159034,0.006809732265152136,NaN,NaN
B_4f,64,0,0,3,1,254,25,15.5,1.8,-0.8,0.2,2,10,0.56,0.0014004061798474788,0.03884178731491329,0.0003558003480798875,NaN,NaN
B_4f,64,0,0,3,1,254,25,15.5,1.8,-0.8,0.2,2,30,0.56,3.5377866762261876e-17,1.565308033274972e-14,6.645505498879287e-16,NaN,NaN
B_4f,64,0,0,3,1,254,25,15.5,1.8,-0.8,0.2,2,100,0.56,8.620287520682754e-64,6.205873928900618e-60,7.966142088087601e-61,NaN,NaN
B_4f,64,0,0,3,1,254,25,15.5,1.8,-0.8,0.2,2,300,0.56,3.1553490154379956e-194,1.5395410057309611e-189,3.518074442134257e-190,NaN,NaN
B_4f,64,0,0,3,1,254,25,15.5,1.8,-0.8,0.2,2,1000,0.56,0,0,0,NaN,NaN
B_4f,64,0,0,3,1,254,25,15.5,1.8,-0.8,0.2,2,3000,0.56,0,0,0,NaN,NaN
B_4f,64,0,0,3,1,254,25,15.5,1.8,-0.8,0.2,3,1,0,1.2397176527142273,1.350350144746796,0.007573389503948266,NaN,NaN
B_4f,64,0,0,3,1,254,25,15.5,1.8,-0.8,0.2,3,3,0,0.6267297285911555,0.7373498639706882,0.004549335999187726,NaN,NaN
B_4f,64,0,0,3,1,254,25,15.5,1.8,-0.8,0.2,3,10,0.52,0.03187636315551898,0.045936588663291235,0.00015910468092832162,NaN,NaN
B_4f,64,0,0,3,1,254,25,15.5,1.8,-0.8,0.2,3,30,0.52,1.0650036812717306e-14,2.1251114745387228e-14,1.23600474795314e-16,NaN,NaN
B_4f,64,0,0,3,1,254,25,15.5,1.8,-0.8,0.2,3,100,0.52,2.202353860583051e-60,9.032631942984915e-60,1.6771951194630714e-61,NaN,NaN
B_4f,64,0,0,3,1,254,25,15.5,1.8,-0.8,0.2,3,300,0.52,8.100339193698777e-191,2.269809323338648e-189,1.378560441967759e-190,NaN,NaN
B_4f,64,0,0,3,1,254,25,15.5,1.8,-0.8,0.2,3,1000,0.52,0,0,0,NaN,NaN
B_4f,64,0,0,3,1,254,25,15.5,1.8,-0.8,0.2,3,3000,0.52,0,0,0,NaN,NaN
B_4f,64,0,0,3,1,254,25,15.5,2.2,-0.8,0.2,1,1,0,1.2507082344589249,1.4823328339403474,0.01164865565315568,NaN,NaN
B_4f,64,0,0,3,1,254,25,15.5,2.2,-0.8,0.2,1,3,0,0.7010515127772216,1.0086478134056152,0.005347833919800856,NaN,NaN
B_4f,64,0,0,3,1,254,25,15.5,2.2,-0.8,0.2,1,10,0.04,0.12403227713505102,0.35096603475556587,0.0012278514693680063,NaN,NaN
B_4f,64,0,0,3,1,254,25,15.5,2.2,-0.8,0.2,1,30,0.64,1.111239571235374e-9,3.5532144745005316e-7,1.4432648015189964e-8,NaN,NaN
B_4f,64,0,0,3,1,254,25,15.5,2.2,-0.8,0.2,1,100,0.64,9.544199902159897e-49,1.8804326271277793e-46,1.6150281684842702e-47,NaN,NaN
B_4f,64,0,0,3,1,254,25,15.5,2.2,-0.8,0.2,1,300,0.64,1.1279826062045566e-161,1.3297808105390328e-158,2.8899678139878e-159,NaN,NaN
B_4f,64,0,0,3,1,254,25,15.5,2.2,-0.8,0.2,1,1000,0.64,0,0,0,NaN,NaN
B_4f,64,0,0,3,1,254,25,15.5,2.2,-0.8,0.2,1,3000,0.64,0,0,0,NaN,NaN
B_4f,64,0,0,3,1,254,25,15.5,2.2,-0.8,0.2,2,1,0,1.1648633299150886,1.4552246320020072,0.014751336547009433,NaN,NaN
B_4f,64,0,0,3,1,254,25,15.5,2.2,-0.8,0.2,2,3,0,0.5880768218394317,0.9702661733948906,0.010133174104920819,NaN,NaN
B_4f,64,0,0,3,1,254,25,15.5,2.2,-0.8,0.2,2,10,0.16,0.04667641247291516,0.31728134510915285,0.0023254326598944382,NaN,NaN
B_4f,64,0,0,3,1,254,25,15.5,2.2,-0.8,0.2,2,30,0.56,1.2154502882202545e-10,2.39145791910748e-7,4.0204054262423214e-9,NaN,NaN
B_4f,64,0,0,3,1,254,25,15.5,2.2,-0.8,0.2,2,100,0.56,9.759896736842479e-51,1.2256147752093155e-46,8.75261634855718e-48,NaN,NaN
B_4f,64,0,0,3,1,254,25,15.5,2.2,-0.8,0.2,2,300,0.56,4.491376255461337e-164,8.553697503118645e-159,9.421669165233378e-160,NaN,NaN
B_4f,64,0,0,3,1,254,25,15.5,2.2,-0.8,0.2,2,1000,0.56,0,0,0,NaN,NaN
B_4f,64,0,0,3,1,254,25,15.5,2.2,-0.8,0.2,2,3000,0.56,0,0,0,NaN,NaN
B_4f,64,0,0,3,1,254,25,15.5,2.2,-0.8,0.2,3,1,0,1.3818656610221354,1.5051834514870845,0.008441766453949165,NaN,NaN
B_4f,64,0,0,3,1,254,25,15.5,2.2,-0.8,0.2,3,3,0,0.8779941052673051,1.033422704242367,0.0065158319197544026,NaN,NaN
B_4f,64,0,0,3,1,254,25,15.5,2.2,-0.8,0.2,3,10,0.04,0.24053937143177961,0.3692090566448254,0.0020820144955345254,NaN,NaN
B_4f,64,0,0,3,1,254,25,15.5,2.2,-0.8,0.2,3,30,0.52,5.57754279238324e-9,6.972169773892048e-7,3.04265487067232e-8,NaN,NaN
B_4f,64,0,0,3,1,254,25,15.5,2.2,-0.8,0.2,3,100,0.52,6.6017833775855686e-49,3.595807135408615e-46,2.548501384298299e-47,NaN,NaN
B_4f,64,0,0,3,1,254,25,15.5,2.2,-0.8,0.2,3,300,0.52,2.0776560865455998e-160,2.4077818289597663e-158,5.66983315969732e-159,NaN,NaN
B_4f,64,0,0,3,1,254,25,15.5,2.2,-0.8,0.2,3,1000,0.52,0,0,0,NaN,NaN
B_4f,64,0,0,3,1,254,25,15.5,2.2,-0.8,0.2,3,3000,0.52,0,0,0,NaN,NaN
B_4f,64,0,0,3,1,254,25,15.5,2.6,-0.8,0.2,1,1,0,1.379364506567989,1.6348155722683113,0.012846914823541299,NaN,NaN
B_4f,64,0,0,3,1,254,25,15.5,2.6,-0.8,0.2,1,3,0,0.9278850819410014,1.3243741590033573,0.008211437295496192,NaN,NaN
B_4f,64,0,0,3,1,254,25,15.5,2.6,-0.8,0.2,1,10,0,0.4088447556642603,0.861088861410401,0.0035009917523438974,NaN,NaN
B_4f,64,0,0,3,1,254,25,15.5,2.6,-0.8,0.2,1,30,0.04,0.0010786395952062907,0.5397318421370759,0.0011521296836307017,NaN,NaN
B_4f,64,0,0,3,1,254,25,15.5,2.6,-0.8,0.2,1,100,0.44,0.000015146732591279,0.1568170518925034,0.00023580937176245949,NaN,NaN
B_4f,64,0,0,3,1,254,25,15.5,2.6,-0.8,0.2,1,300,0.64,3.1672528224714985e-11,1.1897153184487102e-7,1.6503196966817005e-9,NaN,NaN
B_4f,64,0,0,3,1,254,25,15.5,2.6,-0.8,0.2,1,1000,0.64,0,0,0,NaN,NaN
B_4f,64,0,0,3,1,254,25,15.5,2.6,-0.8,0.2,1,3000,0.64,0,0,0,NaN,NaN
B_4f,64,0,0,3,1,254,25,15.5,2.6,-0.8,0.2,2,1,0,1.2846890170053007,1.604918838113683,0.01626875836968216,NaN,NaN
B_4f,64,0,0,3,1,254,25,15.5,2.6,-0.8,0.2,2,3,0,0.7855386403621158,1.2759401563394177,0.014194335644448022,NaN,NaN
B_4f,64,0,0,3,1,254,25,15.5,2.6,-0.8,0.2,2,10,0.04,0.24591189657692503,0.7993710137128522,0.009300191514292339,NaN,NaN
B_4f,64,0,0,3,1,254,25,15.5,2.6,-0.8,0.2,2,30,0.2,0.00024871956632016633,0.46071115983148125,0.0021696507297075643,NaN,NaN
B_4f,64,0,0,3,1,254,25,15.5,2.6,-0.8,0.2,2,100,0.4,0.000004089719656468313,0.1489731479878596,0.00012530122732125668,NaN,NaN
B_4f,64,0,0,3,1,254,25,15.5,2.6,-0.8,0.2,2,300,0.56,0.0000011769860168052535,0.005324901580883695,0.000029866222687871962,NaN,NaN
B_4f,64,0,0,3,1,254,25,15.5,2.6,-0.8,0.2,2,1000,0.56,2.8505493965394124e-183,1.5701457937190644e-179,6.322634439623499e-180,NaN,NaN
B_4f,64,0,0,3,1,254,25,15.5,2.6,-0.8,0.2,2,3000,0.56,0,0,0,NaN,NaN
B_4f,64,0,0,3,1,254,25,15.5,2.6,-0.8,0.2,3,1,0,1.524013669330043,1.6600167582273733,0.009310143403950064,NaN,NaN
B_4f,64,0,0,3,1,254,25,15.5,2.6,-0.8,0.2,3,3,0,1.1544492328545128,1.3575254330320485,0.00879686541469581,NaN,NaN
B_4f,64,0,0,3,1,254,25,15.5,2.6,-0.8,0.2,3,10,0,0.6327172759093407,0.9001324360270183,0.006684498831725515,NaN,NaN
B_4f,64,0,0,3,1,254,25,15.5,2.6,-0.8,0.2,3,30,0.04,0.22945238473941443,0.5785513651101367,0.002317489003199844,NaN,NaN
B_4f,64,0,0,3,1,254,25,15.5,2.6,-0.8,0.2,3,100,0.4,0.000023973363370148907,0.13052933512512482,0.0006513109970773332,NaN,NaN
B_4f,64,0,0,3,1,254,25,15.5,2.6,-0.8,0.2,3,300,0.52,7.21047396266442e-55,3.397997951850514e-50,7.829980465085008e-51,NaN,NaN
B_4f,64,0,0,3,1,254,25,15.5,2.6,-0.8,0.2,3,1000,0.52,0,0,0,NaN,NaN
B_4f,64,0,0,3,1,254,25,15.5,2.6,-0.8,0.2,3,3000,0.52,0,0,0,NaN,NaN
B_4f,64,0,0,3,1,254,25,15.5,3,-0.8,0.2,1,1,0,1.5080207786770523,1.7872983105962752,0.0140451739939269,0.0002059836525056569,0.0005537043150726794
B_4f,64,0,0,3,1,254,25,15.5,3,-0.8,0.2,1,3,0,1.1726599315532886,1.6615150276139263,0.012285817779229493,0.0002059836525056569,0.0005537043150726794
B_4f,64,0,0,3,1,254,25,15.5,3,-0.8,0.2,1,10,0,0.7801891434837561,1.4425037481948404,0.008747619609949485,0.0002059836525056569,0.0005537043150726794
B_4f,64,0,0,3,1,254,25,15.5,3,-0.8,0.2,1,30,0,0.5974064464160177,1.363804143180953,0.007617441550185279,0.0002059836525056569,0.0005537043150726794
B_4f,64,0,0,3,1,254,25,15.5,3,-0.8,0.2,1,100,0,0.6088336844953922,1.3753107046609858,0.007019338609848089,0.0002059836525056569,0.0005537043150726794
B_4f,64,0,0,3,1,254,25,15.5,3,-0.8,0.2,1,300,0,0.6421719384480091,1.380677919087002,0.009760910786677266,0.0002059836525056569,0.0005537043150726794
B_4f,64,0,0,3,1,254,25,15.5,3,-0.8,0.2,1,1000,0,0.591317075289694,1.371937165758226,0.007288516044299875,0.0002059836525056569,0.0005537043150726794
B_4f,64,0,0,3,1,254,25,15.5,3,-0.8,0.2,1,3000,0,0.6231012179830243,1.3735759265785024,0.013250908931672441,0.0002059836525056569,0.0005537043150726794
B_4f,64,0,0,3,1,254,25,15.5,3,-0.8,0.2,2,1,0,1.404514704095512,1.7546130442253567,0.017786180192354853,NaN,NaN
B_4f,64,0,0,3,1,254,25,15.5,3,-0.8,0.2,2,3,0,1.0000505407624256,1.6028149690040208,0.01903680272966942,NaN,NaN
B_4f,64,0,0,3,1,254,25,15.5,3,-0.8,0.2,2,10,0,0.5556250571835819,1.36068808761161,0.024621657390218064,NaN,NaN
B_4f,64,0,0,3,1,254,25,15.5,3,-0.8,0.2,2,30,0,0.26565410963722774,1.2581361792809418,0.02411397738978334,NaN,NaN
B_4f,64,0,0,3,1,254,25,15.5,3,-0.8,0.2,2,100,0.04,0.001101342778622638,1.236250698995377,0.012997450721472702,NaN,NaN
B_4f,64,0,0,3,1,254,25,15.5,3,-0.8,0.2,2,300,0.04,0.0009433138779809384,1.2592086130645828,0.013155384064492006,NaN,NaN
B_4f,64,0,0,3,1,254,25,15.5,3,-0.8,0.2,2,1000,0.04,0.0010449493529025035,1.2783555304305112,0.015264392373302009,NaN,NaN
B_4f,64,0,0,3,1,254,25,15.5,3,-0.8,0.2,2,3000,0.04,0.0008896326627595218,1.2659442625409063,0.017723604607171983,NaN,NaN
B_4f,64,0,0,3,1,254,25,15.5,3,-0.8,0.2,3,1,0,1.6661616776379504,1.8148500649676609,0.010178520353950993,NaN,NaN
B_4f,64,0,0,3,1,254,25,15.5,3,-0.8,0.2,3,3,0,1.4511782846840453,1.7035474058998537,0.011393176882191413,NaN,NaN
B_4f,64,0,0,3,1,254,25,15.5,3,-0.8,0.2,3,10,0,1.1254379520999447,1.5007406758343995,0.014574598257064043,NaN,NaN
B_4f,64,0,0,3,1,254,25,15.5,3,-0.8,0.2,3,30,0,0.9536500848925709,1.426597918301557,0.015302271967639539,NaN,NaN
B_4f,64,0,0,3,1,254,25,15.5,3,-0.8,0.2,3,100,0,0.9447222397264518,1.4316119256617614,0.06282682917904303,NaN,NaN
B_4f,64,0,0,3,1,254,25,15.5,3,-0.8,0.2,3,300,0.08,0.9943595598630353,1.453841439836394,0.6591532299620046,NaN,NaN
B_4f,64,0,0,3,1,254,25,15.5,3,-0.8,0.2,3,1000,0.08,1.0308016449694042,1.4666315195619017,1.8223204516320652,NaN,NaN
B_4f,64,0,0,3,1,254,25,15.5,3,-0.8,0.2,3,3000,0.08,0.974143491097721,1.4604998747441411,2.074923050228353,NaN,NaN
B_4f,64,0,0,3,1,254,25,15.5,3.5,-0.8,0.2,1,1,0,1.6688411188133838,1.9779017335062303,0.015542997956908923,NaN,NaN
B_4f,64,0,0,3,1,254,25,15.5,3.5,-0.8,0.2,1,3,0,1.498947196647727,2.106399396522151,0.018912633332549007,NaN,NaN
B_4f,64,0,0,3,1,254,25,15.5,3.5,-0.8,0.2,1,10,0,1.2949858294285437,2.2025232007205435,0.024328320431127506,NaN,NaN
B_4f,64,0,0,3,1,254,25,15.5,3.5,-0.8,0.2,1,30,0.04,1.2422637702373631,2.2336481890609594,0.4543445411743575,NaN,NaN
B_4f,64,0,0,3,1,254,25,15.5,3.5,-0.8,0.2,1,100,0.24,1.349374638928682,2.2896399830226315,2.643298123922404,NaN,NaN
B_4f,64,0,0,3,1,254,25,15.5,3.5,-0.8,0.2,1,300,0.24,1.367100086604034,2.2844282188728053,2.839989793815593,NaN,NaN
B_4f,64,0,0,3,1,254,25,15.5,3.5,-0.8,0.2,1,1000,0.24,1.365751525376336,2.274785198745529,2.7964040519591555,NaN,NaN
B_4f,64,0,0,3,1,254,25,15.5,3.5,-0.8,0.2,1,3000,0.24,1.3336626662156712,2.3085164874559685,2.8318115962427224,NaN,NaN
B_4f,64,0,0,3,1,254,25,15.5,3.5,-0.8,0.2,2,1,0,1.5542968129582766,1.9417308018649515,0.019682957470695744,NaN,NaN
B_4f,64,0,0,3,1,254,25,15.5,3.5,-0.8,0.2,2,3,0,1.2877331405850299,2.0347239685502365,0.02625895837938196,NaN,NaN
B_4f,64,0,0,3,1,254,25,15.5,3.5,-0.8,0.2,2,10,0,1.0077708651711852,2.1003482123650206,0.07907488306894254,NaN,NaN
B_4f,64,0,0,3,1,254,25,15.5,3.5,-0.8,0.2,2,30,0.16,0.9506940094747132,2.1444405136387603,1.336834417138598,NaN,NaN
B_4f,64,0,0,3,1,254,25,15.5,3.5,-0.8,0.2,2,100,0.24,0.958791940191355,2.2104110253137943,2.4924877936776286,NaN,NaN
B_4f,64,0,0,3,1,254,25,15.5,3.5,-0.8,0.2,2,300,0.28,0.8598654022530954,2.231703113700787,2.6523977422587945,NaN,NaN
B_4f,64,0,0,3,1,254,25,15.5,3.5,-0.8,0.2,2,1000,0.32,0.8866065325885285,2.246886609034316,2.572198629535164,NaN,NaN
B_4f,64,0,0,3,1,254,25,15.5,3.5,-0.8,0.2,2,3000,0.32,0.9797810720686579,2.235966946758185,2.7554515542790603,NaN,NaN
B_4f,64,0,0,3,1,254,25,15.5,3.5,-0.8,0.2,3,1,0,1.8438466880228352,2.008391698393022,0.011263991541452112,NaN,NaN
B_4f,64,0,0,3,1,254,25,15.5,3.5,-0.8,0.2,3,3,0,1.8448956687283595,2.1600077944650775,0.015973448753429802,NaN,NaN
B_4f,64,0,0,3,1,254,25,15.5,3.5,-0.8,0.2,3,10,0,1.8011737942900663,2.2834684825954636,0.042656969839387805,NaN,NaN
B_4f,64,0,0,3,1,254,25,15.5,3.5,-0.8,0.2,3,30,0.08,1.7769488398087947,2.338467079346457,0.7311150705606955,NaN,NaN
B_4f,64,0,0,3,1,254,25,15.5,3.5,-0.8,0.2,3,100,0.24,1.9033083530628663,2.399461990310278,3.0263024119133792,NaN,NaN
B_4f,64,0,0,3,1,254,25,15.5,3.5,-0.8,0.2,3,300,0.32,1.915143509760402,2.4141474549107653,3.1079024395291324,NaN,NaN
B_4f,64,0,0,3,1,254,25,15.5,3.5,-0.8,0.2,3,1000,0.32,1.847630491966549,2.390469671637754,3.086082728861027,NaN,NaN
B_4f,64,0,0,3,1,254,25,15.5,3.5,-0.8,0.2,3,3000,0.32,1.8898463899625975,2.418027311868991,3.0104138300390053,NaN,NaN
B_4f,64,0,0,3,1,254,25,15.5,4,-0.8,0.2,1,1,0,1.8296614589497129,2.1685051564161832,0.0170408219198909,NaN,NaN
B_4f,64,0,0,3,1,254,25,15.5,4,-0.8,0.2,1,3,0,1.8433149954901888,2.571510154893335,0.027437566850254592,NaN,NaN
B_4f,64,0,0,3,1,254,25,15.5,4,-0.8,0.2,1,10,0,1.83401419165712,2.975373972957927,0.0854762393889286,NaN,NaN
B_4f,64,0,0,3,1,254,25,15.5,4,-0.8,0.2,1,30,0.24,1.8341301973571749,3.0407766244177385,2.7429026293670957,NaN,NaN
B_4f,64,0,0,3,1,254,25,15.5,4,-0.8,0.2,1,100,0.28,2.0851949838728085,3.133816004346863,3.861929927044701,NaN,NaN
B_4f,64,0,0,3,1,254,25,15.5,4,-0.8,0.2,1,300,0.28,2.0233239687969764,3.0859952808010256,3.7384429183635097,NaN,NaN
B_4f,64,0,0,3,1,254,25,15.5,4,-0.8,0.2,1,1000,0.28,1.8356987033250016,3.085219733203746,3.8140812166316036,NaN,NaN
B_4f,64,0,0,3,1,254,25,15.5,4,-0.8,0.2,1,3000,0.32,1.9671515598633817,3.0712506279082206,3.775424309816416,NaN,NaN
B_4f,64,0,0,3,1,254,25,15.5,4,-0.8,0.2,2,1,0,1.704078921821041,2.128848559504544,0.021579734749036638,NaN,NaN
B_4f,64,0,0,3,1,254,25,15.5,4,-0.8,0.2,2,3,0,1.5930421618869621,2.4868188958931294,0.03597679438395613,NaN,NaN
B_4f,64,0,0,3,1,254,25,15.5,4,-0.8,0.2,2,10,0,1.4961901234114776,2.857067072366547,0.24280391382337857,NaN,NaN
B_4f,64,0,0,3,1,254,25,15.5,4,-0.8,0.2,2,30,0.28,1.5256222509393582,2.9554051754306454,2.8908061389903383,NaN,NaN
B_4f,64,0,0,3,1,254,25,15.5,4,-0.8,0.2,2,100,0.4,1.4400388749098028,3.0530013733730144,3.55401443989122,NaN,NaN
B_4f,64,0,0,3,1,254,25,15.5,4,-0.8,0.2,2,300,0.4,1.5288737319425263,3.0776091677336455,3.5842140460807546,NaN,NaN
B_4f,64,0,0,3,1,254,25,15.5,4,-0.8,0.2,2,1000,0.4,1.5953764381461153,3.0645913335777046,3.549107957088369,NaN,NaN
B_4f,64,0,0,3,1,254,25,15.5,4,-0.8,0.2,2,3000,0.4,1.582802885338761,3.049330945601959,3.669143636898585,NaN,NaN
B_4f,64,0,0,3,1,254,25,15.5,4,-0.8,0.2,3,1,0,2.02153169840772,2.2019333318183807,0.012349462728953228,NaN,NaN
B_4f,64,0,0,3,1,254,25,15.5,4,-0.8,0.2,3,3,0,2.2588086745187126,2.6370337762716165,0.022203485428434817,NaN,NaN
B_4f,64,0,0,3,1,254,25,15.5,4,-0.8,0.2,3,10,0,2.5048903439753047,3.0796031577571434,0.12523377747780415,NaN,NaN
B_4f,64,0,0,3,1,254,25,15.5,4,-0.8,0.2,3,30,0.32,2.59438181514705,3.148919034330527,2.6321152782241297,NaN,NaN
B_4f,64,0,0,3,1,254,25,15.5,4,-0.8,0.2,3,100,0.4,2.6587987922753364,3.236944424608197,3.992738106887979,NaN,NaN
B_4f,64,0,0,3,1,254,25,15.5,4,-0.8,0.2,3,300,0.4,2.561835672537617,3.230873062283912,4.015227793964638,NaN,NaN
B_4f,64,0,0,3,1,254,25,15.5,4,-0.8,0.2,3,1000,0.4,2.675920024622165,3.2103368737558453,3.9867668472048376,NaN,NaN
B_4f,64,0,0,3,1,254,25,15.5,4,-0.8,0.2,3,3000,0.44,2.5471726296304675,3.245317858601236,3.9712607755684743,NaN,NaN
B_4f,64,0,0,3,2,317.5,16,9.92,1.8,-0.8,0.2,1,1,0,1.1975517786252377,1.291284371129957,0.00279194057072271,NaN,NaN
B_4f,64,0,0,3,2,317.5,16,9.92,1.8,-0.8,0.2,1,3,0,0.5570380875556883,0.6686541556632302,0.0016779243739878185,NaN,NaN
B_4f,64,0,0,3,2,317.5,16,9.92,1.8,-0.8,0.2,1,10,0.5625,0.016345892436050856,0.03729099239446418,0.00010836294758614515,NaN,NaN
B_4f,64,0,0,3,2,317.5,16,9.92,1.8,-0.8,0.2,1,30,0.5625,1.949726213705331e-15,1.5752896922517758e-14,6.063460763893335e-16,NaN,NaN
B_4f,64,0,0,3,2,317.5,16,9.92,1.8,-0.8,0.2,1,100,0.5625,1.0278450029426799e-61,5.611877594145527e-60,7.665988376830173e-61,NaN,NaN
B_4f,64,0,0,3,2,317.5,16,9.92,1.8,-0.8,0.2,1,300,0.5625,6.558386352291778e-193,9.641052258877045e-190,3.868919697378795e-190,NaN,NaN
B_4f,64,0,0,3,2,317.5,16,9.92,1.8,-0.8,0.2,1,1000,0.5625,0,0,0,NaN,NaN
B_4f,64,0,0,3,2,317.5,16,9.92,1.8,-0.8,0.2,1,3000,0.5625,0,0,0,NaN,NaN
B_4f,64,0,0,3,2,317.5,16,9.92,1.8,-0.8,0.2,2,1,0,1.201895125876841,1.2934736110777592,0.001781295032264091,NaN,NaN
B_4f,64,0,0,3,2,317.5,16,9.92,1.8,-0.8,0.2,2,3,0,0.5658071774173046,0.6729089760794684,0.0012465909627606302,NaN,NaN
B_4f,64,0,0,3,2,317.5,16,9.92,1.8,-0.8,0.2,2,10,0.5,0.016927921267797276,0.03668826301022659,0.00008333413561671432,NaN,NaN
B_4f,64,0,0,3,2,317.5,16,9.92,1.8,-0.8,0.2,2,30,0.5,1.9938424081857403e-15,1.453149457370553e-14,3.489319247872395e-16,NaN,NaN
B_4f,64,0,0,3,2,317.5,16,9.92,1.8,-0.8,0.2,2,100,0.5,1.0092154994218318e-61,5.165580461088127e-60,3.851761940648372e-61,NaN,NaN
B_4f,64,0,0,3,2,317.5,16,9.92,1.8,-0.8,0.2,2,300,0.5,2.9451654002884355e-193,9.038597601708987e-190,1.574676031586836e-190,NaN,NaN
B_4f,64,0,0,3,2,317.5,16,9.92,1.8,-0.8,0.2,2,1000,0.5,0,0,0,NaN,NaN
B_4f,64,0,0,3,2,317.5,16,9.92,1.8,-0.8,0.2,2,3000,0.5,0,0,0,NaN,NaN
B_4f,64,0,0,3,2,317.5,16,9.92,1.8,-0.8,0.2,3,1,0,1.1971943482699101,1.3122086278837402,0.0025848844240489726,NaN,NaN
B_4f,64,0,0,3,2,317.5,16,9.92,1.8,-0.8,0.2,3,3,0,0.5565341261664222,0.6935942174122921,0.000942643526779824,NaN,NaN
B_4f,64,0,0,3,2,317.5,16,9.92,1.8,-0.8,0.2,3,10,0.625,0.01640299311817053,0.04168981413194996,0.00008185211617352406,NaN,NaN
B_4f,64,0,0,3,2,317.5,16,9.92,1.8,-0.8,0.2,3,30,0.625,2.054455808846649e-15,1.8679151894641694e-14,5.310578036686796e-16,NaN,NaN
B_4f,64,0,0,3,2,317.5,16,9.92,1.8,-0.8,0.2,3,100,0.625,1.1970373488422453e-61,6.985247737754323e-60,7.07264777439735e-61,NaN,NaN
B_4f,64,0,0,3,2,317.5,16,9.92,1.8,-0.8,0.2,3,300,0.625,4.446184651259935e-193,1.3044747728571885e-189,3.630330515784282e-190,NaN,NaN
B_4f,64,0,0,3,2,317.5,16,9.92,1.8,-0.8,0.2,3,1000,0.625,0,0,0,NaN,NaN
B_4f,64,0,0,3,2,317.5,16,9.92,1.8,-0.8,0.2,3,3000,0.625,0,0,0,NaN,NaN
B_4f,64,0,0,3,2,317.5,16,9.92,2.2,-0.8,0.2,1,1,0,1.3348649803889376,1.4393451018240648,0.0031120689407377463,NaN,NaN
B_4f,64,0,0,3,2,317.5,16,9.92,2.2,-0.8,0.2,1,3,0,0.784246739582137,0.9385621259857655,0.0025601358860241146,NaN,NaN
B_4f,64,0,0,3,2,317.5,16,9.92,2.2,-0.8,0.2,1,10,0.125,0.17042055099954048,0.28517860651562715,0.0007852442652015496,NaN,NaN
B_4f,64,0,0,3,2,317.5,16,9.92,2.2,-0.8,0.2,1,30,0.5625,2.9535799919830594e-10,5.575356626007564e-8,1.3394860056235157e-9,NaN,NaN
B_4f,64,0,0,3,2,317.5,16,9.92,2.2,-0.8,0.2,1,100,0.5625,4.826342529746727e-50,2.7204587889205483e-47,1.996188779375296e-48,NaN,NaN
B_4f,64,0,0,3,2,317.5,16,9.92,2.2,-0.8,0.2,1,300,0.5625,2.867161454469807e-163,1.5325114426054945e-159,1.800877152211852e-160,NaN,NaN
B_4f,64,0,0,3,2,317.5,16,9.92,2.2,-0.8,0.2,1,1000,0.5625,0,0,0,NaN,NaN
B_4f,64,0,0,3,2,317.5,16,9.92,2.2,-0.8,0.2,1,3000,0.5625,0,0,0,NaN,NaN
B_4f,64,0,0,3,2,317.5,16,9.92,2.2,-0.8,0.2,2,1,0,1.3397063427812101,1.4417853635247686,0.0019855411688668384,NaN,NaN
B_4f,64,0,0,3,2,317.5,16,9.92,2.2,-0.8,0.2,2,3,0,0.7956047359474415,0.9439678819168351,0.0018361367466544541,NaN,NaN
B_4f,64,0,0,3,2,317.5,16,9.92,2.2,-0.8,0.2,2,10,0.125,0.175540820731844,0.2884314334105279,0.0005732627654783137,NaN,NaN
B_4f,64,0,0,3,2,317.5,16,9.92,2.2,-0.8,0.2,2,30,0.5,2.768757549780579e-10,5.1483501139997714e-8,7.76436899286075e-10,NaN,NaN
B_4f,64,0,0,3,2,317.5,16,9.92,2.2,-0.8,0.2,2,100,0.5,3.5801007657100015e-50,2.55727753517726e-47,9.861046740706753e-49,NaN,NaN
B_4f,64,0,0,3,2,317.5,16,9.92,2.2,-0.8,0.2,2,300,0.5,7.684774872335043e-164,1.4877780426766162e-159,6.8090262925964136e-161,NaN,NaN
B_4f,64,0,0,3,2,317.5,16,9.92,2.2,-0.8,0.2,2,1000,0.5,0,0,0,NaN,NaN
B_4f,64,0,0,3,2,317.5,16,9.92,2.2,-0.8,0.2,2,3000,0.5,0,0,0,NaN,NaN
B_4f,64,0,0,3,2,317.5,16,9.92,2.2,-0.8,0.2,3,1,0,1.334466566497556,1.4626685673140964,0.0028812714052137835,NaN,NaN
B_4f,64,0,0,3,2,317.5,16,9.92,2.2,-0.8,0.2,3,3,0,0.783589701605686,0.9728404347074386,0.0015245654016306117,NaN,NaN
B_4f,64,0,0,3,2,317.5,16,9.92,2.2,-0.8,0.2,3,10,0.0625,0.17038894829414578,0.3128016535830322,0.0005679026089111329,NaN,NaN
B_4f,64,0,0,3,2,317.5,16,9.92,2.2,-0.8,0.2,3,30,0.625,8.908597353678333e-10,1.0890745990736309e-7,9.067006911213025e-10,NaN,NaN
B_4f,64,0,0,3,2,317.5,16,9.92,2.2,-0.8,0.2,3,100,0.625,2.290141562900682e-49,5.356355718116436e-47,1.2548331516247342e-48,NaN,NaN
B_4f,64,0,0,3,2,317.5,16,9.92,2.2,-0.8,0.2,3,300,0.625,7.154753369959409e-163,3.356147753349739e-159,1.0287177504186926e-160,NaN,NaN
B_4f,64,0,0,3,2,317.5,16,9.92,2.2,-0.8,0.2,3,1000,0.625,0,0,0,NaN,NaN
B_4f,64,0,0,3,2,317.5,16,9.92,2.2,-0.8,0.2,3,3000,0.625,0,0,0,NaN,NaN
B_4f,64,0,0,3,2,317.5,16,9.92,2.6,-0.8,0.2,1,1,0,1.4721781821526392,1.5874058325181726,0.0034321973107527912,NaN,NaN
B_4f,64,0,0,3,2,317.5,16,9.92,2.6,-0.8,0.2,1,3,0,1.035376042669072,1.2349811009975495,0.003660548277347104,NaN,NaN
B_4f,64,0,0,3,2,317.5,16,9.92,2.6,-0.8,0.2,1,10,0,0.483944207788555,0.7110865633944256,0.00203650063517487,NaN,NaN
B_4f,64,0,0,3,2,317.5,16,9.92,2.6,-0.8,0.2,1,30,0.125,0.10154555194934199,0.3544012713435608,0.001381931361057201,NaN,NaN
B_4f,64,0,0,3,2,317.5,16,9.92,2.6,-0.8,0.2,1,100,0.5625,0.0000010045040591638321,0.0286911299802626,0.00003242600978639509,NaN,NaN
B_4f,64,0,0,3,2,317.5,16,9.92,2.6,-0.8,0.2,1,300,0.5625,3.6848521625198885e-87,1.6393026613292891e-83,1.2965606606002594e-84,NaN,NaN
B_4f,64,0,0,3,2,317.5,16,9.92,2.6,-0.8,0.2,1,1000,0.5625,0,0,0,NaN,NaN
B_4f,64,0,0,3,2,317.5,16,9.92,2.6,-0.8,0.2,1,3000,0.5625,0,0,0,NaN,NaN
B_4f,64,0,0,3,2,317.5,16,9.92,2.6,-0.8,0.2,2,1,0,1.4775175596855796,1.590097115971779,0.002189787305469592,NaN,NaN
B_4f,64,0,0,3,2,317.5,16,9.92,2.6,-0.8,0.2,2,3,0,1.0494118931191434,1.2415482062453733,0.0025491303955367107,NaN,NaN
B_4f,64,0,0,3,2,317.5,16,9.92,2.6,-0.8,0.2,2,10,0,0.4952936128093001,0.7230083965178555,0.0014915316144812946,NaN,NaN
B_4f,64,0,0,3,2,317.5,16,9.92,2.6,-0.8,0.2,2,30,0.125,0.09192874650688906,0.36202805085295947,0.0008900964364845529,NaN,NaN
B_4f,64,0,0,3,2,317.5,16,9.92,2.6,-0.8,0.2,2,100,0.5,0.0000010550554678601116,0.03095107098379274,0.00003191909865309955,NaN,NaN
B_4f,64,0,0,3,2,317.5,16,9.92,2.6,-0.8,0.2,2,300,0.5,7.983021097746284e-87,1.0205037455644428e-81,6.733823633211316e-83,NaN,NaN
B_4f,64,0,0,3,2,317.5,16,9.92,2.6,-0.8,0.2,2,1000,0.5,0,0,0,NaN,NaN
B_4f,64,0,0,3,2,317.5,16,9.92,2.6,-0.8,0.2,2,3000,0.5,0,0,0,NaN,NaN
B_4f,64,0,0,3,2,317.5,16,9.92,2.6,-0.8,0.2,3,1,0,1.4717387847252008,1.613128506744453,0.003177658386378593,NaN,NaN
B_4f,64,0,0,3,2,317.5,16,9.92,2.6,-0.8,0.2,3,3,0,1.0345594462397552,1.2791173663108424,0.0022769821810489452,NaN,NaN
B_4f,64,0,0,3,2,317.5,16,9.92,2.6,-0.8,0.2,3,10,0,0.48354250496538614,0.7675177678277303,0.0014430518992453484,NaN,NaN
B_4f,64,0,0,3,2,317.5,16,9.92,2.6,-0.8,0.2,3,30,0.0625,0.10522065607900145,0.4218948759601391,0.0012291987060386853,NaN,NaN
B_4f,64,0,0,3,2,317.5,16,9.92,2.6,-0.8,0.2,3,100,0.5625,0.0000015054087640886653,0.06204237978801681,0.000040962847148770104,NaN,NaN
B_4f,64,0,0,3,2,317.5,16,9.92,2.6,-0.8,0.2,3,300,0.625,2.8708371214300543e-77,2.2474497446593548e-73,2.91144106793082e-76,NaN,NaN
B_4f,64,0,0,3,2,317.5,16,9.92,2.6,-0.8,0.2,3,1000,0.625,0,0,0,NaN,NaN
B_4f,64,0,0,3,2,317.5,16,9.92,2.6,-0.8,0.2,3,3000,0.625,0,0,0,NaN,NaN
B_4f,64,0,0,3,2,317.5,16,9.92,3,-0.8,0.2,1,1,0,1.609491383916339,1.73546656321228,0.003752325680767827,0.0004227386022906469,0.0007935474345653744
B_4f,64,0,0,3,2,317.5,16,9.92,3,-0.8,0.2,1,3,0,1.3057811748301882,1.552294212617201,0.004989360859170299,0.0004227386022906469,0.0007935474345653744
B_4f,64,0,0,3,2,317.5,16,9.92,3,-0.8,0.2,1,10,0,0.8801604493179249,1.21673790471127,0.004119230736716044,0.0004227386022906469,0.0007935474345653744
B_4f,64,0,0,3,2,317.5,16,9.92,3,-0.8,0.2,1,30,0,0.7480657691504901,1.1175173219242533,0.0032906471767974203,0.0004227386022906469,0.0007935474345653744
B_4f,64,0,0,3,2,317.5,16,9.92,3,-0.8,0.2,1,100,0,0.746858577414422,1.1159101155193745,0.003848809967555923,0.0004227386022906469,0.0007935474345653744
B_4f,64,0,0,3,2,317.5,16,9.92,3,-0.8,0.2,1,300,0,0.7842693650714776,1.2026311735983775,0.005044968078495092,0.0004227386022906469,0.0007935474345653744
B_4f,64,0,0,3,2,317.5,16,9.92,3,-0.8,0.2,1,1000,0,0.7609948018747413,1.1755356175773484,0.005162623066601037,0.0004227386022906469,0.0007935474345653744
B_4f,64,0,0,3,2,317.5,16,9.92,3,-0.8,0.2,1,3000,0,0.7520846159739878,1.1870364548521377,0.0031243478154368304,0.0004227386022906469,0.0007935474345653744
B_4f,64,0,0,3,2,317.5,16,9.92,3,-0.8,0.2,2,1,0,1.615328776589947,1.7384088684187884,0.0023940334420723425,0.0017994655167505188,0.0008328354116455018
B_4f,64,0,0,3,2,317.5,16,9.92,3,-0.8,0.2,2,3,0,1.3225739277617354,1.560036276567163,0.0033886476424419246,0.0017994655167505188,0.0008328354116455018
B_4f,64,0,0,3,2,317.5,16,9.92,3,-0.8,0.2,2,10,0,0.8983925673495394,1.2366810641220247,0.0030261153133428415,0.0017994655167505188,0.0008328354116455018
B_4f,64,0,0,3,2,317.5,16,9.92,3,-0.8,0.2,2,30,0,0.7567278804680985,1.1445147377805565,0.0023841330297605205,0.0017994655167505188,0.0008328354116455018
B_4f,64,0,0,3,2,317.5,16,9.92,3,-0.8,0.2,2,100,0,0.7478462790207338,1.1523604734456983,0.002770667921187787,0.0017994655167505188,0.0008328354116455018
B_4f,64,0,0,3,2,317.5,16,9.92,3,-0.8,0.2,2,300,0,0.7638490325429332,1.1981504036510444,0.0028072858403620842,0.0017994655167505188,0.0008328354116455018
B_4f,64,0,0,3,2,317.5,16,9.92,3,-0.8,0.2,2,1000,0,0.749788719237563,1.1864101057652463,0.00343653564805166,0.0017994655167505188,0.0008328354116455018
B_4f,64,0,0,3,2,317.5,16,9.92,3,-0.8,0.2,2,3000,0,0.7649506440414963,1.2116863773661972,0.0025478396670058807,0.0017994655167505188,0.0008328354116455018
B_4f,64,0,0,3,2,317.5,16,9.92,3,-0.8,0.2,3,1,0,1.6090110029528455,1.7635884461748088,0.0034740453675434053,0.000409464969569825,0.0009208801501072514
B_4f,64,0,0,3,2,317.5,16,9.92,3,-0.8,0.2,3,3,0,1.30479800719952,1.6066076811009053,0.003207439587407965,0.000409464969569825,0.0009208801501072514
B_4f,64,0,0,3,2,317.5,16,9.92,3,-0.8,0.2,3,10,0,0.8794472296813695,1.3004768370129818,0.0027721183154664924,0.000409464969569825,0.0009208801501072514
B_4f,64,0,0,3,2,317.5,16,9.92,3,-0.8,0.2,3,30,0,0.748046648945422,1.2178816953388327,0.002653006867789706,0.000409464969569825,0.0009208801501072514
B_4f,64,0,0,3,2,317.5,16,9.92,3,-0.8,0.2,3,100,0,0.7533799293476947,1.215494302811909,0.0035539784139309912,0.000409464969569825,0.0009208801501072514
B_4f,64,0,0,3,2,317.5,16,9.92,3,-0.8,0.2,3,300,0,0.7971500968354074,1.3032965823018732,0.004240812570179311,0.000409464969569825,0.0009208801501072514
B_4f,64,0,0,3,2,317.5,16,9.92,3,-0.8,0.2,3,1000,0,0.7716719771325967,1.2681678738381577,0.002995464814922373,0.000409464969569825,0.0009208801501072514
B_4f,64,0,0,3,2,317.5,16,9.92,3,-0.8,0.2,3,3000,0,0.7753572652001592,1.2497311951082808,0.00439579098972806,0.000409464969569825,0.0009208801501072514
B_4f,64,0,0,3,2,317.5,16,9.92,3.5,-0.8,0.2,1,1,0,1.781132886120965,1.9205424765799155,0.004152486143286631,NaN,NaN
B_4f,64,0,0,3,2,317.5,16,9.92,3.5,-0.8,0.2,1,3,0,1.6654062039759012,1.9718737640882509,0.006986833011228206,NaN,NaN
B_4f,64,0,0,3,2,317.5,16,9.92,3.5,-0.8,0.2,1,10,0,1.4309806444092823,1.8937970126724726,0.009846807658421643,NaN,NaN
B_4f,64,0,0,3,2,317.5,16,9.92,3.5,-0.8,0.2,1,30,0,1.4116766730945658,1.9363982827239792,0.008408552782660396,NaN,NaN
B_4f,64,0,0,3,2,317.5,16,9.92,3.5,-0.8,0.2,1,100,0,1.4238175105522919,2.022210950944069,0.011253471874611632,NaN,NaN
B_4f,64,0,0,3,2,317.5,16,9.92,3.5,-0.8,0.2,1,300,0.0625,1.5207184226717574,2.1031314114289756,1.594827111743587,NaN,NaN
B_4f,64,0,0,3,2,317.5,16,9.92,3.5,-0.8,0.2,1,1000,0.125,1.4432266823814393,2.0731750789200483,2.819238046549756,NaN,NaN
B_4f,64,0,0,3,2,317.5,16,9.92,3.5,-0.8,0.2,1,3000,0.125,1.4854565915364737,2.053968175200257,2.6984643629983287,NaN,NaN
B_4f,64,0,0,3,2,317.5,16,9.92,3.5,-0.8,0.2,2,1,0,1.7875927977204087,1.923798558977551,0.002649341112825774,NaN,NaN
B_4f,64,0,0,3,2,317.5,16,9.92,3.5,-0.8,0.2,2,3,0,1.6857511178516524,1.981110761028218,0.00462091104312658,NaN,NaN
B_4f,64,0,0,3,2,317.5,16,9.92,3.5,-0.8,0.2,2,10,0,1.4582424759537913,1.9219234678789596,0.00687218346701974,NaN,NaN
B_4f,64,0,0,3,2,317.5,16,9.92,3.5,-0.8,0.2,2,30,0,1.439785553366519,1.9635265644417892,0.006200941532328711,NaN,NaN
B_4f,64,0,0,3,2,317.5,16,9.92,3.5,-0.8,0.2,2,100,0,1.443125876493688,2.041217589829903,0.008123946356643305,NaN,NaN
B_4f,64,0,0,3,2,317.5,16,9.92,3.5,-0.8,0.2,2,300,0,1.470632705309126,2.048660186373589,0.007942535990232568,NaN,NaN
B_4f,64,0,0,3,2,317.5,16,9.92,3.5,-0.8,0.2,2,1000,0.0625,1.4580514009021277,2.0866369353194,2.748838822351633,NaN,NaN
B_4f,64,0,0,3,2,317.5,16,9.92,3.5,-0.8,0.2,2,3000,0.0625,1.4540884471544102,2.0408510540918208,2.71212793944922,NaN,NaN
B_4f,64,0,0,3,2,317.5,16,9.92,3.5,-0.8,0.2,3,1,0,1.780601275737403,1.951663370462755,0.003844529093999418,NaN,NaN
B_4f,64,0,0,3,2,317.5,16,9.92,3.5,-0.8,0.2,3,3,0,1.6642040616841376,2.039164665185038,0.004630826233640203,NaN,NaN
B_4f,64,0,0,3,2,317.5,16,9.92,3.5,-0.8,0.2,3,10,0,1.429932216522877,2.0078713134985327,0.005772926218771257,NaN,NaN
B_4f,64,0,0,3,2,317.5,16,9.92,3.5,-0.8,0.2,3,30,0,1.4100375444105397,2.0659166134765354,0.005429780198580778,NaN,NaN
B_4f,64,0,0,3,2,317.5,16,9.92,3.5,-0.8,0.2,3,100,0,1.438205453853367,2.166045615048688,0.007064182909076179,NaN,NaN
B_4f,64,0,0,3,2,317.5,16,9.92,3.5,-0.8,0.2,3,300,0.0625,1.5165190225343068,2.20340179936726,0.577976961021602,NaN,NaN
B_4f,64,0,0,3,2,317.5,16,9.92,3.5,-0.8,0.2,3,1000,0.0625,1.4688480157993502,2.21855082045821,2.8752846696526175,NaN,NaN
B_4f,64,0,0,3,2,317.5,16,9.92,3.5,-0.8,0.2,3,3000,0.0625,1.50355341708597,2.2205700360194394,2.747046292891254,NaN,NaN
B_4f,64,0,0,3,2,317.5,16,9.92,4,-0.8,0.2,1,1,0,1.9527743883255892,2.1056183899475496,0.004552646605805416,NaN,NaN
B_4f,64,0,0,3,2,317.5,16,9.92,4,-0.8,0.2,1,3,0,2.0440410825816517,2.4112213712159374,0.00937742139484415,NaN,NaN
B_4f,64,0,0,3,2,317.5,16,9.92,4,-0.8,0.2,1,10,0,2.012641455446983,2.5894758683532975,0.02881356878762772,NaN,NaN
B_4f,64,0,0,3,2,317.5,16,9.92,4,-0.8,0.2,1,30,0.0625,2.054697355836608,2.7272247887162155,1.0448388728343239,NaN,NaN
B_4f,64,0,0,3,2,317.5,16,9.92,4,-0.8,0.2,1,100,0.125,2.0937414276475255,2.8667879476491924,3.789541085898787,NaN,NaN
B_4f,64,0,0,3,2,317.5,16,9.92,4,-0.8,0.2,1,300,0.1875,2.1701528041572926,2.9110763378166045,3.833504251661712,NaN,NaN
B_4f,64,0,0,3,2,317.5,16,9.92,4,-0.8,0.2,1,1000,0.3125,2.142554230476973,2.9002532540484216,3.749687950045145,NaN,NaN
B_4f,64,0,0,3,2,317.5,16,9.92,4,-0.8,0.2,1,3000,0.3125,2.134088233368862,2.896219966336668,3.773126126704547,NaN,NaN
B_4f,64,0,0,3,2,317.5,16,9.92,4,-0.8,0.2,2,1,0,1.959856818850869,2.1091882495363135,0.002904648783579216,NaN,NaN
B_4f,64,0,0,3,2,317.5,16,9.92,4,-0.8,0.2,2,3,0,2.0680538934997714,2.4219894138342792,0.006063141986502874,NaN,NaN
B_4f,64,0,0,3,2,317.5,16,9.92,4,-0.8,0.2,2,10,0,2.0491851213691437,2.624346821283808,0.01699125244970391,NaN,NaN
B_4f,64,0,0,3,2,317.5,16,9.92,4,-0.8,0.2,2,30,0.0625,2.1023683265703252,2.7468576666860733,0.48505373316164274,NaN,NaN
B_4f,64,0,0,3,2,317.5,16,9.92,4,-0.8,0.2,2,100,0.125,2.128703865006618,2.88696811596355,3.598283553579225,NaN,NaN
B_4f,64,0,0,3,2,317.5,16,9.92,4,-0.8,0.2,2,300,0.3125,2.1256475117379794,2.8984168903960796,3.771755932262184,NaN,NaN
B_4f,64,0,0,3,2,317.5,16,9.92,4,-0.8,0.2,2,1000,0.375,2.150040842017056,2.895812762089462,3.7716049213583127,NaN,NaN
B_4f,64,0,0,3,2,317.5,16,9.92,4,-0.8,0.2,2,3000,0.375,2.1780442296259346,2.892449178751659,3.6915159514043836,NaN,NaN
B_4f,64,0,0,3,2,317.5,16,9.92,4,-0.8,0.2,3,1,0,1.9521915485219585,2.1397382947506993,0.004215012820455433,NaN,NaN
B_4f,64,0,0,3,2,317.5,16,9.92,4,-0.8,0.2,3,3,0,2.042607454397997,2.491633820038844,0.006355520233405786,NaN,NaN
B_4f,64,0,0,3,2,317.5,16,9.92,4,-0.8,0.2,3,10,0,2.0111912762289417,2.729879802676977,0.012835074769716771,NaN,NaN
B_4f,64,0,0,3,2,317.5,16,9.92,4,-0.8,0.2,3,30,0,2.050177470869583,2.8588710868969436,0.019056008260277993,NaN,NaN
B_4f,64,0,0,3,2,317.5,16,9.92,4,-0.8,0.2,3,100,0.1875,2.096683287624698,3.0274741626807606,3.6090599827363214,NaN,NaN
B_4f,64,0,0,3,2,317.5,16,9.92,4,-0.8,0.2,3,300,0.1875,2.1624781047355333,3.0422780660365976,3.821220565481094,NaN,NaN
B_4f,64,0,0,3,2,317.5,16,9.92,4,-0.8,0.2,3,1000,0.1875,2.176279718655657,3.0324140542095486,3.7917946899099473,NaN,NaN
B_4f,64,0,0,3,2,317.5,16,9.92,4,-0.8,0.2,3,3000,0.1875,2.121585196518662,3.073026460655533,3.5712720642587765,NaN,NaN
B_4f,64,0,0,3,3,381,16,6.89,1.8,-0.8,0.2,1,1,0,0.5905031267121469,1.1749716689347738,0.004718486973697861,NaN,NaN
B_4f,64,0,0,3,3,381,16,6.89,1.8,-0.8,0.2,1,3,0.125,0.06939027261937884,0.5505966269807954,0.00249385384551985,NaN,NaN
B_4f,64,0,0,3,3,381,16,6.89,1.8,-0.8,0.2,1,10,0.5625,4.6828189512609e-7,0.021266439571075435,0.00006391659857956734,NaN,NaN
B_4f,64,0,0,3,3,381,16,6.89,1.8,-0.8,0.2,1,30,0.5625,7.489055701985601e-20,5.5654726687189976e-15,1.715236568073851e-16,NaN,NaN
B_4f,64,0,0,3,3,381,16,6.89,1.8,-0.8,0.2,1,100,0.5625,1.3679115022487828e-65,1.6857520319624394e-60,1.0865569140972438e-61,NaN,NaN
B_4f,64,0,0,3,3,381,16,6.89,1.8,-0.8,0.2,1,300,0.5625,2.1159573155024873e-195,3.7724168542793166e-190,1.58758578878409e-191,NaN,NaN
B_4f,64,0,0,3,3,381,16,6.89,1.8,-0.8,0.2,1,1000,0.5625,0,0,0,NaN,NaN
B_4f,64,0,0,3,3,381,16,6.89,1.8,-0.8,0.2,1,3000,0.5625,0,0,0,NaN,NaN
B_4f,64,0,0,3,3,381,16,6.89,1.8,-0.8,0.2,2,1,0,0.5860944503337548,1.162988839335937,0.007619611651276402,NaN,NaN
B_4f,64,0,0,3,3,381,16,6.89,1.8,-0.8,0.2,2,3,0.125,0.06667351018739791,0.5414555656354354,0.0025464544404260226,NaN,NaN
B_4f,64,0,0,3,3,381,16,6.89,1.8,-0.8,0.2,2,10,0.5,4.2947668804056045e-7,0.02183459069312853,0.000041670442249199514,NaN,NaN
B_4f,64,0,0,3,3,381,16,6.89,1.8,-0.8,0.2,2,30,0.5,2.2921044965482055e-19,5.971932588296921e-15,1.0528310895324803e-16,NaN,NaN
B_4f,64,0,0,3,3,381,16,6.89,1.8,-0.8,0.2,2,100,0.5,3.7339905826127087e-65,1.805340943576263e-60,7.133247458265641e-62,NaN,NaN
B_4f,64,0,0,3,3,381,16,6.89,1.8,-0.8,0.2,2,300,0.5,3.432551783233321e-195,4.0148899943990013e-190,1.570593032648791e-191,NaN,NaN
B_4f,64,0,0,3,3,381,16,6.89,1.8,-0.8,0.2,2,1000,0.5,0,0,0,NaN,NaN
B_4f,64,0,0,3,3,381,16,6.89,1.8,-0.8,0.2,2,3000,0.5,0,0,0,NaN,NaN
B_4f,64,0,0,3,3,381,16,6.89,1.8,-0.8,0.2,3,1,0,0.8861157671030423,1.2642968062888675,0.00127470052246018,NaN,NaN
B_4f,64,0,0,3,3,381,16,6.89,1.8,-0.8,0.2,3,3,0.0625,0.23153141739680397,0.6320489546050257,0.0011396260618705535,NaN,NaN
B_4f,64,0,0,3,3,381,16,6.89,1.8,-0.8,0.2,3,10,0.625,0.00003123892143999569,0.027189800296252665,0.000061858104943805,NaN,NaN
B_4f,64,0,0,3,3,381,16,6.89,1.8,-0.8,0.2,3,30,0.625,1.6565371307120603e-18,7.75163090093566e-15,1.6703552851711496e-16,NaN,NaN
B_4f,64,0,0,3,3,381,16,6.89,1.8,-0.8,0.2,3,100,0.625,7.1872637034051246e-65,2.3452621645191083e-60,1.1246281540794151e-61,NaN,NaN
B_4f,64,0,0,3,3,381,16,6.89,1.8,-0.8,0.2,3,300,0.625,2.613616912878264e-195,5.339728047323145e-190,1.6988873013342208e-191,NaN,NaN
B_4f,64,0,0,3,3,381,16,6.89,1.8,-0.8,0.2,3,1000,0.625,0,0,0,NaN,NaN
B_4f,64,0,0,3,3,381,16,6.89,1.8,-0.8,0.2,3,3000,0.625,0,0,0,NaN,NaN
B_4f,64,0,0,3,3,381,16,6.89,2.2,-0.8,0.2,1,1,0,0.6582111594064856,1.3096957992168785,0.005259516234731195,NaN,NaN
B_4f,64,0,0,3,3,381,16,6.89,2.2,-0.8,0.2,1,3,0.0625,0.10984211058783969,0.7773566073099182,0.003753849744590254,NaN,NaN
B_4f,64,0,0,3,3,381,16,6.89,2.2,-0.8,0.2,1,10,0.375,0.000008906343895690983,0.20674552823277514,0.0005412008617284103,NaN,NaN
B_4f,64,0,0,3,3,381,16,6.89,2.2,-0.8,0.2,1,30,0.5625,7.440504898668962e-13,4.2142911801292795e-8,8.901867596930256e-11,NaN,NaN
B_4f,64,0,0,3,3,381,16,6.89,2.2,-0.8,0.2,1,100,0.5625,4.571929361126525e-53,2.230465973258064e-47,1.134887201954101e-49,NaN,NaN
B_4f,64,0,0,3,3,381,16,6.89,2.2,-0.8,0.2,1,300,0.5625,1.2153317105061217e-164,1.426621987616065e-159,4.668727061855921e-161,NaN,NaN
B_4f,64,0,0,3,3,381,16,6.89,2.2,-0.8,0.2,1,1000,0.5625,0,0,0,NaN,NaN
B_4f,64,0,0,3,3,381,16,6.89,2.2,-0.8,0.2,1,3000,0.5625,0,0,0,NaN,NaN
B_4f,64,0,0,3,3,381,16,6.89,2.2,-0.8,0.2,2,1,0,0.6532969771452901,1.2963389992162824,0.008493288506596888,NaN,NaN
B_4f,64,0,0,3,3,381,16,6.89,2.2,-0.8,0.2,2,3,0.0625,0.10623066507072718,0.7647125338505628,0.004063288543673238,NaN,NaN
B_4f,64,0,0,3,3,381,16,6.89,2.2,-0.8,0.2,2,10,0.375,0.0000043710376316986124,0.20727741753447704,0.00033173320444794053,NaN,NaN
B_4f,64,0,0,3,3,381,16,6.89,2.2,-0.8,0.2,2,30,0.5,1.5082118411192534e-12,4.421802180990545e-8,1.3390635895450326e-10,NaN,NaN
B_4f,64,0,0,3,3,381,16,6.89,2.2,-0.8,0.2,2,100,0.5,1.1841391787334171e-52,2.3121527858329723e-47,1.550374855837613e-49,NaN,NaN
B_4f,64,0,0,3,3,381,16,6.89,2.2,-0.8,0.2,2,300,0.5,2.1523571460122035e-164,1.479579573813406e-159,5.616384018887693e-161,NaN,NaN
B_4f,64,0,0,3,3,381,16,6.89,2.2,-0.8,0.2,2,1000,0.5,0,0,0,NaN,NaN
B_4f,64,0,0,3,3,381,16,6.89,2.2,-0.8,0.2,2,3000,0.5,0,0,0,NaN,NaN
B_4f,64,0,0,3,3,381,16,6.89,2.2,-0.8,0.2,3,1,0,0.9877192178147082,1.4092630996465048,0.0014208597225490534,NaN,NaN
B_4f,64,0,0,3,3,381,16,6.89,2.2,-0.8,0.2,3,3,0,0.3428491948880774,0.8895221644728484,0.0016288535086914887,NaN,NaN
B_4f,64,0,0,3,3,381,16,6.89,2.2,-0.8,0.2,3,10,0.375,0.0005358789109575941,0.25365171041716733,0.0005347932451346915,NaN,NaN
B_4f,64,0,0,3,3,381,16,6.89,2.2,-0.8,0.2,3,30,0.625,2.6313193305177045e-11,5.6600448256910984e-8,9.278204973514454e-11,NaN,NaN
B_4f,64,0,0,3,3,381,16,6.89,2.2,-0.8,0.2,3,100,0.625,9.910982721711592e-53,2.8114328762806845e-47,1.0988388049411173e-49,NaN,NaN
B_4f,64,0,0,3,3,381,16,6.89,2.2,-0.8,0.2,3,300,0.625,3.575336373461176e-164,1.8421972865062805e-159,5.086131410429578e-161,NaN,NaN
B_4f,64,0,0,3,3,381,16,6.89,2.2,-0.8,0.2,3,1000,0.625,0,0,0,NaN,NaN
B_4f,64,0,0,3,3,381,16,6.89,2.2,-0.8,0.2,3,3000,0.625,0,0,0,NaN,NaN
B_4f,64,0,0,3,3,381,16,6.89,2.6,-0.8,0.2,1,1,0,0.7259191921008245,1.4444199294989835,0.005800545495764529,NaN,NaN
B_4f,64,0,0,3,3,381,16,6.89,2.6,-0.8,0.2,1,3,0.0625,0.1594821204676256,1.0276055237010118,0.005295353917551519,NaN,NaN
B_4f,64,0,0,3,3,381,16,6.89,2.6,-0.8,0.2,1,10,0.125,0.00004781472210697209,0.559815512951785,0.0016711840569454866,NaN,NaN
B_4f,64,0,0,3,3,381,16,6.89,2.6,-0.8,0.2,1,30,0.375,0.000013837176384422105,0.23262785883109563,0.0004362195884462011,NaN,NaN
B_4f,64,0,0,3,3,381,16,6.89,2.6,-0.8,0.2,1,100,0.5625,7.708298745910323e-7,0.01840941898315651,0.00001978886944909324,NaN,NaN
B_4f,64,0,0,3,3,381,16,6.89,2.6,-0.8,0.2,1,300,0.5625,7.5233378452211e-96,4.288928397947489e-90,2.458934895123904e-91,NaN,NaN
B_4f,64,0,0,3,3,381,16,6.89,2.6,-0.8,0.2,1,1000,0.5625,0,0,0,NaN,NaN
B_4f,64,0,0,3,3,381,16,6.89,2.6,-0.8,0.2,1,3000,0.5625,0,0,0,NaN,NaN
B_4f,64,0,0,3,3,381,16,6.89,2.6,-0.8,0.2,2,1,0,0.720499503956825,1.4296891590966283,0.009366965361917372,NaN,NaN
B_4f,64,0,0,3,3,381,16,6.89,2.6,-0.8,0.2,2,3,0.0625,0.15505431146232437,1.0112198578195581,0.006025430254939597,NaN,NaN
B_4f,64,0,0,3,3,381,16,6.89,2.6,-0.8,0.2,2,10,0.125,0.000027584182846715334,0.5543796561352982,0.0010427585576412712,NaN,NaN
B_4f,64,0,0,3,3,381,16,6.89,2.6,-0.8,0.2,2,30,0.3125,0.000006664731050607475,0.24699616877145145,0.0003726955175374434,NaN,NaN
B_4f,64,0,0,3,3,381,16,6.89,2.6,-0.8,0.2,2,100,0.5,0.000001047711559121131,0.017938170676132403,0.00001440486196758179,NaN,NaN
B_4f,64,0,0,3,3,381,16,6.89,2.6,-0.8,0.2,2,300,0.5,6.191466028514352e-99,2.4906627084415225e-93,1.1673821446861222e-94,NaN,NaN
B_4f,64,0,0,3,3,381,16,6.89,2.6,-0.8,0.2,2,1000,0.5,0,0,0,NaN,NaN
B_4f,64,0,0,3,3,381,16,6.89,2.6,-0.8,0.2,2,3000,0.5,0,0,0,NaN,NaN
B_4f,64,0,0,3,3,381,16,6.89,2.6,-0.8,0.2,3,1,0,1.0893226685263737,1.5542293930041413,0.0015670189226379236,NaN,NaN
B_4f,64,0,0,3,3,381,16,6.89,2.6,-0.8,0.2,3,3,0,0.47066764274381306,1.1726549416512284,0.002192196194428571,NaN,NaN
B_4f,64,0,0,3,3,381,16,6.89,2.6,-0.8,0.2,3,10,0.0625,0.009662889970900987,0.6743774285805437,0.001612424368175335,NaN,NaN
B_4f,64,0,0,3,3,381,16,6.89,2.6,-0.8,0.2,3,30,0.375,0.00004731780612836933,0.3093474401556329,0.0004179266356252119,NaN,NaN
B_4f,64,0,0,3,3,381,16,6.89,2.6,-0.8,0.2,3,100,0.625,9.105039907453704e-7,0.027386725111388576,0.000020045443220961006,NaN,NaN
B_4f,64,0,0,3,3,381,16,6.89,2.6,-0.8,0.2,3,300,0.625,9.392063900627226e-94,6.916314350388448e-89,3.953196541831569e-90,NaN,NaN
B_4f,64,0,0,3,3,381,16,6.89,2.6,-0.8,0.2,3,1000,0.625,0,0,0,NaN,NaN
B_4f,64,0,0,3,3,381,16,6.89,2.6,-0.8,0.2,3,3000,0.625,0,0,0,NaN,NaN
B_4f,64,0,0,3,3,381,16,6.89,3,-0.8,0.2,1,1,0,0.7936272247951629,1.5791440597810875,0.006341574756797856,NaN,NaN
B_4f,64,0,0,3,3,381,16,6.89,3,-0.8,0.2,1,3,0.0625,0.21759323154869098,1.296621722908232,0.007130870984069131,NaN,NaN
B_4f,64,0,0,3,3,381,16,6.89,3,-0.8,0.2,1,10,0.125,0.00026645092780053816,0.990960468200318,0.0038882458020166977,NaN,NaN
B_4f,64,0,0,3,3,381,16,6.89,3,-0.8,0.2,1,30,0.125,0.00003875294014017728,0.8669048739894635,0.0027905481637545003,NaN,NaN
B_4f,64,0,0,3,3,381,16,6.89,3,-0.8,0.2,1,100,0.125,0.00007195797135269202,0.8234037243120066,0.0020928823475547128,NaN,NaN
B_4f,64,0,0,3,3,381,16,6.89,3,-0.8,0.2,1,300,0.125,0.00004345997034204693,0.8193560523276248,0.0020095189644121006,NaN,NaN
B_4f,64,0,0,3,3,381,16,6.89,3,-0.8,0.2,1,1000,0.125,0.000057737602532231045,0.8280296394276424,0.0019996278922756877,NaN,NaN
B_4f,64,0,0,3,3,381,16,6.89,3,-0.8,0.2,1,3000,0.125,0.00004608529248167236,0.8275483597405686,0.002116258154641895,NaN,NaN
B_4f,64,0,0,3,3,381,16,6.89,3,-0.8,0.2,2,1,0,0.7877020307683601,1.5630393189769736,0.010240642217237866,NaN,NaN
B_4f,64,0,0,3,3,381,16,6.89,3,-0.8,0.2,2,3,0.0625,0.21248345102544616,1.2763308915975256,0.008473033718578705,NaN,NaN
B_4f,64,0,0,3,3,381,16,6.89,3,-0.8,0.2,2,10,0.125,0.0001777677586568179,0.9756270814855902,0.002451744022078617,NaN,NaN
B_4f,64,0,0,3,3,381,16,6.89,3,-0.8,0.2,2,30,0.125,0.000014453320508823622,0.8647438277979805,0.0015086154832791336,NaN,NaN
B_4f,64,0,0,3,3,381,16,6.89,3,-0.8,0.2,2,100,0.125,0.00001376219498379808,0.8375416956388715,0.0014078012104428049,NaN,NaN
B_4f,64,0,0,3,3,381,16,6.89,3,-0.8,0.2,2,300,0.125,0.00001384007470948158,0.8434403928741334,0.0020169600105821336,NaN,NaN
B_4f,64,0,0,3,3,381,16,6.89,3,-0.8,0.2,2,1000,0.125,0.000016595208594036534,0.8482168052859133,0.0014495886618080861,NaN,NaN
B_4f,64,0,0,3,3,381,16,6.89,3,-0.8,0.2,2,3000,0.125,0.000027340823200099405,0.846903244289877,0.0019870328862662645,NaN,NaN
B_4f,64,0,0,3,3,381,16,6.89,3,-0.8,0.2,3,1,0,1.1909261192380383,1.6991956863617772,0.0017131781227267984,NaN,NaN
B_4f,64,0,0,3,3,381,16,6.89,3,-0.8,0.2,3,3,0,0.6123902046978537,1.476093383557389,0.002826619328218326,NaN,NaN
B_4f,64,0,0,3,3,381,16,6.89,3,-0.8,0.2,3,10,0.0625,0.07554740490174526,1.180748945683352,0.0032666656194764044,NaN,NaN
B_4f,64,0,0,3,3,381,16,6.89,3,-0.8,0.2,3,30,0.0625,0.00012188182642296181,1.0546864085658856,0.0027258537983956108,NaN,NaN
B_4f,64,0,0,3,3,381,16,6.89,3,-0.8,0.2,3,100,0.0625,0.00008634363770174344,1.0197995782843852,0.002100946788772382,NaN,NaN
B_4f,64,0,0,3,3,381,16,6.89,3,-0.8,0.2,3,300,0.0625,0.00010763547611393785,1.0150324099334331,0.002020130412189869,NaN,NaN
B_4f,64,0,0,3,3,381,16,6.89,3,-0.8,0.2,3,1000,0.0625,0.00009906591676979822,1.0263566182542283,0.001502019983329848,NaN,NaN
B_4f,64,0,0,3,3,381,16,6.89,3,-0.8,0.2,3,3000,0.0625,0.00008010329565540108,1.0246661064767637,0.0018728959290483088,NaN,NaN
B_4f,64,0,0,3,3,381,16,6.89,3.5,-0.8,0.2,1,1,0,0.8782622656630866,1.7475492226337197,0.007017861333089542,NaN,NaN
B_4f,64,0,0,3,3,381,16,6.89,3.5,-0.8,0.2,1,3,0,0.3009436821053478,1.6538188479939893,0.009861166852166035,NaN,NaN
B_4f,64,0,0,3,3,381,16,6.89,3.5,-0.8,0.2,1,10,0.0625,0.0031870148157307565,1.5754770551433959,0.01082204093034345,NaN,NaN
B_4f,64,0,0,3,3,381,16,6.89,3.5,-0.8,0.2,1,30,0.125,0.00009710716138296852,1.5389618990180864,0.010912965568593093,NaN,NaN
B_4f,64,0,0,3,3,381,16,6.89,3.5,-0.8,0.2,1,100,0.125,0.00012624013365745203,1.5496054227620466,0.008506932121800474,NaN,NaN
B_4f,64,0,0,3,3,381,16,6.89,3.5,-0.8,0.2,1,300,0.125,0.00016054414885419136,1.558751236113146,0.0066872918785822015,NaN,NaN
B_4f,64,0,0,3,3,381,16,6.89,3.5,-0.8,0.2,1,1000,0.125,0.00016775579652269221,1.557388112333119,0.006405793711299178,NaN,NaN
B_4f,64,0,0,3,3,381,16,6.89,3.5,-0.8,0.2,1,3000,0.125,0.0002009705457387366,1.5644306727736343,0.005866891877209186,NaN,NaN
B_4f,64,0,0,3,3,381,16,6.89,3.5,-0.8,0.2,2,1,0,0.8717051892827794,1.729727018827406,0.011332738286388493,NaN,NaN
B_4f,64,0,0,3,3,381,16,6.89,3.5,-0.8,0.2,2,3,0,0.2952304206347294,1.6284933206230068,0.012276230586520633,NaN,NaN
B_4f,64,0,0,3,3,381,16,6.89,3.5,-0.8,0.2,2,10,0.0625,0.0025598666292418427,1.5480120157769681,0.007419922861093987,NaN,NaN
B_4f,64,0,0,3,3,381,16,6.89,3.5,-0.8,0.2,2,30,0.125,0.00004976244522769107,1.514819203282133,0.006062861495958716,NaN,NaN
B_4f,64,0,0,3,3,381,16,6.89,3.5,-0.8,0.2,2,100,0.125,0.000057267655994658095,1.526280310489133,0.005582640812662236,NaN,NaN
B_4f,64,0,0,3,3,381,16,6.89,3.5,-0.8,0.2,2,300,0.125,0.00006697355765104359,1.537060819584358,0.00561171759907941,NaN,NaN
B_4f,64,0,0,3,3,381,16,6.89,3.5,-0.8,0.2,2,1000,0.125,0.00009369330101548032,1.5377085521961054,0.0030870314106866315,NaN,NaN
B_4f,64,0,0,3,3,381,16,6.89,3.5,-0.8,0.2,2,3000,0.125,0.00009420542100961166,1.5325455780473947,0.00507556888838394,NaN,NaN
B_4f,64,0,0,3,3,381,16,6.89,3.5,-0.8,0.2,3,1,0,1.3179304326276204,1.880403553058823,0.0018958771228378853,NaN,NaN
B_4f,64,0,0,3,3,381,16,6.89,3.5,-0.8,0.2,3,3,0,0.8058045667690024,1.8778154546116774,0.0037169508807520335,NaN,NaN
B_4f,64,0,0,3,3,381,16,6.89,3.5,-0.8,0.2,3,10,0,0.2791224157012142,1.8601297010495066,0.006568100050829109,NaN,NaN
B_4f,64,0,0,3,3,381,16,6.89,3.5,-0.8,0.2,3,30,0.0625,0.00036131569428092265,1.8346398598335623,0.0075644570207000815,NaN,NaN
B_4f,64,0,0,3,3,381,16,6.89,3.5,-0.8,0.2,3,100,0.0625,0.0002521535067460406,1.8533277058319153,0.007707776590002005,NaN,NaN
B_4f,64,0,0,3,3,381,16,6.89,3.5,-0.8,0.2,3,300,0.0625,0.0003720970149509735,1.866521212264578,0.006949629036493856,NaN,NaN
B_4f,64,0,0,3,3,381,16,6.89,3.5,-0.8,0.2,3,1000,0.0625,0.0001876563237422978,1.8602437575532549,0.005410543316913078,NaN,NaN
B_4f,64,0,0,3,3,381,16,6.89,3.5,-0.8,0.2,3,3000,0.0625,0.00042166236575303084,1.864968928072886,0.006905439679097158,NaN,NaN
B_4f,64,0,0,3,3,381,16,6.89,4,-0.8,0.2,1,1,0,0.9628973065310097,1.915954385486349,0.0076941479093812,NaN,NaN
B_4f,64,0,0,3,3,381,16,6.89,4,-0.8,0.2,1,3,0,0.3947963891514648,2.0293683817315173,0.013106444946171953,NaN,NaN
B_4f,64,0,0,3,3,381,16,6.89,4,-0.8,0.2,1,10,0.0625,0.031052228959609227,2.180841521228932,0.035347516550377746,NaN,NaN
B_4f,64,0,0,3,3,381,16,6.89,4,-0.8,0.2,1,30,0.125,0.00017382233414948308,2.2189911151335653,1.7932978599766496,NaN,NaN
B_4f,64,0,0,3,3,381,16,6.89,4,-0.8,0.2,1,100,0.125,0.00020846860149761716,2.320541795468229,3.623407844835418,NaN,NaN
B_4f,64,0,0,3,3,381,16,6.89,4,-0.8,0.2,1,300,0.125,0.00028607430249933237,2.334979325062138,3.6515176876456383,NaN,NaN
B_4f,64,0,0,3,3,381,16,6.89,4,-0.8,0.2,1,1000,0.125,0.00026624406724108993,2.3438836765675086,3.6620855245568205,NaN,NaN
B_4f,64,0,0,3,3,381,16,6.89,4,-0.8,0.2,1,3000,0.125,0.00023237171601954995,2.341409012309967,3.609116642304322,NaN,NaN
B_4f,64,0,0,3,3,381,16,6.89,4,-0.8,0.2,2,1,0,0.9557083477971982,1.8964147186778375,0.012424834355539104,NaN,NaN
B_4f,64,0,0,3,3,381,16,6.89,4,-0.8,0.2,2,3,0,0.3888046790130009,1.9988988125891918,0.016979157204844015,NaN,NaN
B_4f,64,0,0,3,3,381,16,6.89,4,-0.8,0.2,2,10,0.0625,0.028949369047880178,2.1425699458831557,0.03000670323277794,NaN,NaN
B_4f,64,0,0,3,3,381,16,6.89,4,-0.8,0.2,2,30,0.125,0.00018880185243066885,2.1721133459881337,1.2200799075654405,NaN,NaN
B_4f,64,0,0,3,3,381,16,6.89,4,-0.8,0.2,2,100,0.1875,0.00027984294782807805,2.31237310486231,3.3858905580671443,NaN,NaN
B_4f,64,0,0,3,3,381,16,6.89,4,-0.8,0.2,2,300,0.1875,0.00028787257528264574,2.3310459435316453,3.663581968088459,NaN,NaN
B_4f,64,0,0,3,3,381,16,6.89,4,-0.8,0.2,2,1000,0.1875,0.00028285497782609416,2.3274313612743165,3.6633967068062696,NaN,NaN
B_4f,64,0,0,3,3,381,16,6.89,4,-0.8,0.2,2,3000,0.1875,0.0002660413006830615,2.324400629573711,3.6564498205174143,NaN,NaN
B_4f,64,0,0,3,3,381,16,6.89,4,-0.8,0.2,3,1,0,1.4449347460172013,2.061611419755869,0.002078576122948967,NaN,NaN
B_4f,64,0,0,3,3,381,16,6.89,4,-0.8,0.2,3,3,0,1.0141216639999056,2.299010992005727,0.004714128701157541,NaN,NaN
B_4f,64,0,0,3,3,381,16,6.89,4,-0.8,0.2,3,10,0,0.5593475049531207,2.5570241683178,0.01300826600500493,NaN,NaN
B_4f,64,0,0,3,3,381,16,6.89,4,-0.8,0.2,3,30,0.0625,0.4742139429433921,2.5935326476588196,0.551392231300494,NaN,NaN
B_4f,64,0,0,3,3,381,16,6.89,4,-0.8,0.2,3,100,0.0625,1.3666982353038077,2.7141164433962937,3.6120850694384297,NaN,NaN
B_4f,64,0,0,3,3,381,16,6.89,4,-0.8,0.2,3,300,0.0625,1.3678836540489583,2.71544837622252,3.6346308943677283,NaN,NaN
B_4f,64,0,0,3,3,381,16,6.89,4,-0.8,0.2,3,1000,0.0625,1.3730253564896862,2.717763404800425,3.5879198067880407,NaN,NaN
B_4f,64,0,0,3,3,381,16,6.89,4,-0.8,0.2,3,3000,0.0625,1.3681996365798401,2.724883451419582,3.5764831734873335,NaN,NaN
B_4f,64,0,0,3,4,444.5,9,5.06,1.8,-0.8,0.2,1,1,0,1.2029785729460125,1.2784924855379425,0.0005733559987208578,NaN,NaN
B_4f,64,0,0,3,4,444.5,9,5.06,1.8,-0.8,0.2,1,3,0,0.5716502579350132,0.6515064562660166,0.00034229121131291974,NaN,NaN
B_4f,64,0,0,3,4,444.5,9,5.06,1.8,-0.8,0.2,1,10,0.3333333333333333,0.0170909106279251,0.03450022268621315,0.000030175138902193094,NaN,NaN
B_4f,64,0,0,3,4,444.5,9,5.06,1.8,-0.8,0.2,1,30,0.3333333333333333,1.7739778974691268e-15,1.4444786721299436e-14,5.1231345483163346e-17,NaN,NaN
B_4f,64,0,0,3,4,444.5,9,5.06,1.8,-0.8,0.2,1,100,0.3333333333333333,5.1757179186000895e-62,4.827853795069312e-60,6.084617889043091e-62,NaN,NaN
B_4f,64,0,0,3,4,444.5,9,5.06,1.8,-0.8,0.2,1,300,0.3333333333333333,4.545084134077052e-195,7.38214415617247e-190,4.471890800029971e-191,NaN,NaN
B_4f,64,0,0,3,4,444.5,9,5.06,1.8,-0.8,0.2,1,1000,0.3333333333333333,0,0,0,NaN,NaN
B_4f,64,0,0,3,4,444.5,9,5.06,1.8,-0.8,0.2,1,3000,0.3333333333333333,0,0,0,NaN,NaN
B_4f,64,0,0,3,4,444.5,9,5.06,1.8,-0.8,0.2,2,1,0,1.2244626791729365,1.2708427806849452,0.0003593511611385379,NaN,NaN
B_4f,64,0,0,3,4,444.5,9,5.06,1.8,-0.8,0.2,2,3,0,0.5984733737582526,0.645362252135043,0.0001615847054427718,NaN,NaN
B_4f,64,0,0,3,4,444.5,9,5.06,1.8,-0.8,0.2,2,10,0.4444444444444444,0.02620221760492671,0.03475655435422775,0.000028139106477546062,NaN,NaN
B_4f,64,0,0,3,4,444.5,9,5.06,1.8,-0.8,0.2,2,30,0.4444444444444444,5.8993201456218825e-15,1.33108099004971e-14,9.842228437378731e-17,NaN,NaN
B_4f,64,0,0,3,4,444.5,9,5.06,1.8,-0.8,0.2,2,100,0.4444444444444444,6.277486569918679e-61,3.922379276366356e-60,1.0740212568367452e-61,NaN,NaN
B_4f,64,0,0,3,4,444.5,9,5.06,1.8,-0.8,0.2,2,300,0.4444444444444444,2.784249431786496e-192,5.588896590029971e-190,4.9995850775521345e-191,NaN,NaN
B_4f,64,0,0,3,4,444.5,9,5.06,1.8,-0.8,0.2,2,1000,0.4444444444444444,0,0,0,NaN,NaN
B_4f,64,0,0,3,4,444.5,9,5.06,1.8,-0.8,0.2,2,3000,0.4444444444444444,0,0,0,NaN,NaN
B_4f,64,0,0,3,4,444.5,9,5.06,1.8,-0.8,0.2,3,1,0,1.2018363945139954,1.2731876970561984,0.0009155933684342474,NaN,NaN
B_4f,64,0,0,3,4,444.5,9,5.06,1.8,-0.8,0.2,3,3,0,0.5722450567733252,0.6482968761201015,0.0004526683418679969,NaN,NaN
B_4f,64,0,0,3,4,444.5,9,5.06,1.8,-0.8,0.2,3,10,0.7777777777777778,0.01724321589297957,0.03461707292589204,0.0000441730642636378,NaN,NaN
B_4f,64,0,0,3,4,444.5,9,5.06,1.8,-0.8,0.2,3,30,0.7777777777777778,1.8117135438613694e-15,1.3696426463233903e-14,1.8135958880995e-16,NaN,NaN
B_4f,64,0,0,3,4,444.5,9,5.06,1.8,-0.8,0.2,3,100,0.7777777777777778,5.3280466333869825e-62,4.2893826296724646e-60,1.9925651151921333e-61,NaN,NaN
B_4f,64,0,0,3,4,444.5,9,5.06,1.8,-0.8,0.2,3,300,0.7777777777777778,6.2291390580785295e-195,6.368248778853763e-190,9.999922292911602e-191,NaN,NaN
B_4f,64,0,0,3,4,444.5,9,5.06,1.8,-0.8,0.2,3,1000,0.7777777777777778,0,0,0,NaN,NaN
B_4f,64,0,0,3,4,444.5,9,5.06,1.8,-0.8,0.2,3,3000,0.7777777777777778,0,0,0,NaN,NaN
B_4f,64,0,0,3,4,444.5,9,5.06,2.2,-0.8,0.2,1,1,0,1.3409140196237113,1.4250864781764723,0.0006390979143022992,NaN,NaN
B_4f,64,0,0,3,4,444.5,9,5.06,2.2,-0.8,0.2,1,3,0,0.8027347160493595,0.9147579464546011,0.0005154734532784459,NaN,NaN
B_4f,64,0,0,3,4,444.5,9,5.06,2.2,-0.8,0.2,1,10,0.1111111111111111,0.17765396963233654,0.2616151294002462,0.00012296376707185457,NaN,NaN
B_4f,64,0,0,3,4,444.5,9,5.06,2.2,-0.8,0.2,1,30,0.3333333333333333,1.8583788949748575e-10,5.1028503086512e-8,1.1571521564953643e-10,NaN,NaN
B_4f,64,0,0,3,4,444.5,9,5.06,2.2,-0.8,0.2,1,100,0.3333333333333333,5.413016564824609e-51,2.4024021537967965e-47,2.4626860376166557e-49,NaN,NaN
B_4f,64,0,0,3,4,444.5,9,5.06,2.2,-0.8,0.2,1,300,0.3333333333333333,2.1655712307822772e-165,1.0436966021102175e-159,6.09188272847628e-161,NaN,NaN
B_4f,64,0,0,3,4,444.5,9,5.06,2.2,-0.8,0.2,1,1000,0.3333333333333333,0,0,0,NaN,NaN
B_4f,64,0,0,3,4,444.5,9,5.06,2.2,-0.8,0.2,1,3000,0.3333333333333333,0,0,0,NaN,NaN
B_4f,64,0,0,3,4,444.5,9,5.06,2.2,-0.8,0.2,2,1,0,1.3648615278226461,1.4165596459335275,0.0004005549398595548,NaN,NaN
B_4f,64,0,0,3,4,444.5,9,5.06,2.2,-0.8,0.2,2,3,0,0.8405601964387803,0.9061059525186353,0.00022710988101971126,NaN,NaN
B_4f,64,0,0,3,4,444.5,9,5.06,2.2,-0.8,0.2,2,10,0.2222222222222222,0.20947756356929753,0.25678956610251535,0.00011653942268004884,NaN,NaN
B_4f,64,0,0,3,4,444.5,9,5.06,2.2,-0.8,0.2,2,30,0.4444444444444444,1.4484615184236985e-9,3.8006289317993916e-8,1.7445968976884303e-10,NaN,NaN
B_4f,64,0,0,3,4,444.5,9,5.06,2.2,-0.8,0.2,2,100,0.4444444444444444,1.8396630010914407e-49,1.7683772014160582e-47,3.528605026820787e-49,NaN,NaN
B_4f,64,0,0,3,4,444.5,9,5.06,2.2,-0.8,0.2,2,300,0.4444444444444444,1.9413276945913935e-163,7.685619743467777e-160,6.494024242711137e-161,NaN,NaN
B_4f,64,0,0,3,4,444.5,9,5.06,2.2,-0.8,0.2,2,1000,0.4444444444444444,0,0,0,NaN,NaN
B_4f,64,0,0,3,4,444.5,9,5.06,2.2,-0.8,0.2,2,3000,0.4444444444444444,0,0,0,NaN,NaN
B_4f,64,0,0,3,4,444.5,9,5.06,2.2,-0.8,0.2,3,1,0,1.3396408771863915,1.4191734341653148,0.0010205767680477877,NaN,NaN
B_4f,64,0,0,3,4,444.5,9,5.06,2.2,-0.8,0.2,3,3,0,0.8031155803807882,0.9100147254562311,0.0006658498406809443,NaN,NaN
B_4f,64,0,0,3,4,444.5,9,5.06,2.2,-0.8,0.2,3,10,0.3333333333333333,0.1784603887681844,0.25927136262293243,0.0001838490000414944,NaN,NaN
B_4f,64,0,0,3,4,444.5,9,5.06,2.2,-0.8,0.2,3,30,0.7777777777777778,1.9155428139574402e-10,4.2836301507200146e-8,3.440152760802997e-10,NaN,NaN
B_4f,64,0,0,3,4,444.5,9,5.06,2.2,-0.8,0.2,3,100,0.7777777777777778,4.525570494821424e-51,2.0106140811498582e-47,7.031878490328078e-49,NaN,NaN
B_4f,64,0,0,3,4,444.5,9,5.06,2.2,-0.8,0.2,3,300,0.7777777777777778,6.295253304224971e-165,8.769855819612903e-160,1.2891969230317395e-160,NaN,NaN
B_4f,64,0,0,3,4,444.5,9,5.06,2.2,-0.8,0.2,3,1000,0.7777777777777778,0,0,0,NaN,NaN
B_4f,64,0,0,3,4,444.5,9,5.06,2.2,-0.8,0.2,3,3000,0.7777777777777778,0,0,0,NaN,NaN
B_4f,64,0,0,3,4,444.5,9,5.06,2.6,-0.8,0.2,1,1,0,1.4788494663014098,1.5716804708150025,0.0007048398298837414,NaN,NaN
B_4f,64,0,0,3,4,444.5,9,5.06,2.6,-0.8,0.2,1,3,0,1.057766664019291,1.2040754864618384,0.0007264950464022511,NaN,NaN
B_4f,64,0,0,3,4,444.5,9,5.06,2.6,-0.8,0.2,1,10,0,0.5017110903725336,0.6606970013033737,0.00021350322292128314,NaN,NaN
B_4f,64,0,0,3,4,444.5,9,5.06,2.6,-0.8,0.2,1,30,0.1111111111111111,0.08304774260821496,0.2684422544493345,0.00013870854303953793,NaN,NaN
B_4f,64,0,0,3,4,444.5,9,5.06,2.6,-0.8,0.2,1,100,0.3333333333333333,8.237478317986391e-18,2.1692304019006998e-12,4.92103898637178e-15,NaN,NaN
B_4f,64,0,0,3,4,444.5,9,5.06,2.6,-0.8,0.2,1,300,0.3333333333333333,4.270356737595417e-116,2.678674570642789e-110,1.088530073617317e-111,NaN,NaN
B_4f,64,0,0,3,4,444.5,9,5.06,2.6,-0.8,0.2,1,1000,0.3333333333333333,0,0,0,NaN,NaN
B_4f,64,0,0,3,4,444.5,9,5.06,2.6,-0.8,0.2,1,3000,0.3333333333333333,0,0,0,NaN,NaN
B_4f,64,0,0,3,4,444.5,9,5.06,2.6,-0.8,0.2,2,1,0,1.5052603764723564,1.5622765111821106,0.00044175871858057373,NaN,NaN
B_4f,64,0,0,3,4,444.5,9,5.06,2.6,-0.8,0.2,2,3,0,1.1070063202104903,1.192762585995101,0.0003045647888777742,NaN,NaN
B_4f,64,0,0,3,4,444.5,9,5.06,2.6,-0.8,0.2,2,10,0,0.54954829385105,0.6452387552048403,0.00023017656857397123,NaN,NaN
B_4f,64,0,0,3,4,444.5,9,5.06,2.6,-0.8,0.2,2,30,0.2222222222222222,0.17038910180029543,0.2659259624179128,0.0001422343517685607,NaN,NaN
B_4f,64,0,0,3,4,444.5,9,5.06,2.6,-0.8,0.2,2,100,0.4444444444444444,3.331794263447411e-17,6.076477353634479e-12,1.7643897331425786e-14,NaN,NaN
B_4f,64,0,0,3,4,444.5,9,5.06,2.6,-0.8,0.2,2,300,0.4444444444444444,1.2689695408765207e-114,7.486333602464878e-110,4.042245839406263e-111,NaN,NaN
B_4f,64,0,0,3,4,444.5,9,5.06,2.6,-0.8,0.2,2,1000,0.4444444444444444,0,0,0,NaN,NaN
B_4f,64,0,0,3,4,444.5,9,5.06,2.6,-0.8,0.2,2,3000,0.4444444444444444,0,0,0,NaN,NaN
B_4f,64,0,0,3,4,444.5,9,5.06,2.6,-0.8,0.2,3,1,0,1.4774453598587876,1.5651591712744322,0.0011255601676613278,NaN,NaN
B_4f,64,0,0,3,4,444.5,9,5.06,2.6,-0.8,0.2,3,3,0,1.0578780057541186,1.1976850438497082,0.0009228697602465275,NaN,NaN
B_4f,64,0,0,3,4,444.5,9,5.06,2.6,-0.8,0.2,3,10,0,0.5027760690016005,0.6528727162949979,0.0003883643974864072,NaN,NaN
B_4f,64,0,0,3,4,444.5,9,5.06,2.6,-0.8,0.2,3,30,0.3333333333333333,0.08491376787293013,0.26970742203079096,0.0002417078936324319,NaN,NaN
B_4f,64,0,0,3,4,444.5,9,5.06,2.6,-0.8,0.2,3,100,0.7777777777777778,7.114402214711443e-17,7.792037560193355e-12,4.028024046899041e-14,NaN,NaN
B_4f,64,0,0,3,4,444.5,9,5.06,2.6,-0.8,0.2,3,300,0.7777777777777778,4.670336701458816e-115,9.572307512222601e-110,8.900909932654079e-111,NaN,NaN
B_4f,64,0,0,3,4,444.5,9,5.06,2.6,-0.8,0.2,3,1000,0.7777777777777778,0,0,0,NaN,NaN
B_4f,64,0,0,3,4,444.5,9,5.06,2.6,-0.8,0.2,3,3000,0.7777777777777778,0,0,0,NaN,NaN
B_4f,64,0,0,3,4,444.5,9,5.06,3,-0.8,0.2,1,1,0,1.6167849129791076,1.7182744634535319,0.0007705817454651818,-0.0007447232371054894,0.00004809866282772108
B_4f,64,0,0,3,4,444.5,9,5.06,3,-0.8,0.2,1,3,0,1.3321138494038216,1.513980318533745,0.0009750051592614787,-0.0007447232371054894,0.00004809866282772108
B_4f,64,0,0,3,4,444.5,9,5.06,3,-0.8,0.2,1,10,0,0.9082115018916679,1.1454714025396926,0.0003769381207145667,-0.0007447232371054894,0.00004809866282772108
B_4f,64,0,0,3,4,444.5,9,5.06,3,-0.8,0.2,1,30,0,0.7602164801159829,1.0185066202377189,0.0002272621616253112,-0.0007447232371054894,0.00004809866282772108
B_4f,64,0,0,3,4,444.5,9,5.06,3,-0.8,0.2,1,100,0,0.7465464519340635,1.026319228091086,0.0002744657312377273,-0.0007447232371054894,0.00004809866282772108
B_4f,64,0,0,3,4,444.5,9,5.06,3,-0.8,0.2,1,300,0,0.7481574924657698,1.0788139501823746,0.0002691299770213191,-0.0007447232371054894,0.00004809866282772108
B_4f,64,0,0,3,4,444.5,9,5.06,3,-0.8,0.2,1,1000,0,0.744471010382434,1.1218959512833584,0.0003281663564791064,-0.0007447232371054894,0.00004809866282772108
B_4f,64,0,0,3,4,444.5,9,5.06,3,-0.8,0.2,1,3000,0,0.7482262166595116,1.1275812104360463,0.00035503129115845456,-0.0007447232371054894,0.00004809866282772108
B_4f,64,0,0,3,4,444.5,9,5.06,3,-0.8,0.2,2,1,0,1.6456592251220652,1.7079933764306932,0.00048296249730159127,0.0000747109410025464,0.000055727558698544924
B_4f,64,0,0,3,4,444.5,9,5.06,3,-0.8,0.2,2,3,0,1.393194597038482,1.4999084701672734,0.00039401133802950694,0.0000747109410025464,0.000055727558698544924
B_4f,64,0,0,3,4,444.5,9,5.06,3,-0.8,0.2,2,10,0,0.9771027019020474,1.1219418765303395,0.00042303951846260623,0.0000747109410025464,0.000055727558698544924
B_4f,64,0,0,3,4,444.5,9,5.06,3,-0.8,0.2,2,30,0,0.8110111844665062,0.9812010759315677,0.0002150976870664299,0.0000747109410025464,0.000055727558698544924
B_4f,64,0,0,3,4,444.5,9,5.06,3,-0.8,0.2,2,100,0,0.7878310283531452,0.9779893089361955,0.00022043289697520866,0.0000747109410025464,0.000055727558698544924
B_4f,64,0,0,3,4,444.5,9,5.06,3,-0.8,0.2,2,300,0,0.7881838217905925,1.0210778001631273,0.00016555534772934202,0.0000747109410025464,0.000055727558698544924
B_4f,64,0,0,3,4,444.5,9,5.06,3,-0.8,0.2,2,1000,0,0.780598738126788,1.048556806307975,0.00021595319742981516,0.0000747109410025464,0.000055727558698544924
B_4f,64,0,0,3,4,444.5,9,5.06,3,-0.8,0.2,2,3000,0,0.7790287872769286,1.0485267638034046,0.0002578573409724444,0.0000747109410025464,0.000055727558698544924
B_4f,64,0,0,3,4,444.5,9,5.06,3,-0.8,0.2,3,1,0,1.615249842531184,1.7111449083835482,0.0012305435672748683,0.000042362972171208104,0.0000606669450677043
B_4f,64,0,0,3,4,444.5,9,5.06,3,-0.8,0.2,3,3,0,1.3319313503434675,1.505874781719896,0.0012233698396587433,0.000042362972171208104,0.0000606669450677043
B_4f,64,0,0,3,4,444.5,9,5.06,3,-0.8,0.2,3,10,0,0.9090205240246194,1.133408483307907,0.0007846563979486674,0.000042362972171208104,0.0000606669450677043
B_4f,64,0,0,3,4,444.5,9,5.06,3,-0.8,0.2,3,30,0,0.7602872467032467,0.9999587382643502,0.0004167286267524777,0.000042362972171208104,0.0000606669450677043
B_4f,64,0,0,3,4,444.5,9,5.06,3,-0.8,0.2,3,100,0,0.7472236888292978,1.0025338359791005,0.00045146376838294883,0.000042362972171208104,0.0000606669450677043
B_4f,64,0,0,3,4,444.5,9,5.06,3,-0.8,0.2,3,300,0,0.7500801636393893,1.051774885080777,0.00034029875753898044,0.000042362972171208104,0.0000606669450677043
B_4f,64,0,0,3,4,444.5,9,5.06,3,-0.8,0.2,3,1000,0,0.7437633335357176,1.077144847198379,0.0004070268528417279,0.000042362972171208104,0.0000606669450677043
B_4f,64,0,0,3,4,444.5,9,5.06,3,-0.8,0.2,3,3000,0,0.7482774196808442,1.082107219442058,0.0005387281631824058,0.000042362972171208104,0.0000606669450677043
B_4f,64,0,0,3,4,444.5,9,5.06,3.5,-0.8,0.2,1,1,0,1.7892042213262311,1.9015169542516948,0.0008527591399419846,0.00014108608571766648,0.000023557935288577487
B_4f,64,0,0,3,4,444.5,9,5.06,3.5,-0.8,0.2,1,3,0,1.696747889751003,1.9240072551848113,0.001337736819430408,0.00014108608571766648,0.000023557935288577487
B_4f,64,0,0,3,4,444.5,9,5.06,3.5,-0.8,0.2,1,10,0,1.4702397022887057,1.8053160505696118,0.0008027891673260457,0.00014108608571766648,0.000023557935288577487
B_4f,64,0,0,3,4,444.5,9,5.06,3.5,-0.8,0.2,1,30,0,1.449363280920987,1.8129117501959964,0.0006258588026712921,0.00014108608571766648,0.000023557935288577487
B_4f,64,0,0,3,4,444.5,9,5.06,3.5,-0.8,0.2,1,100,0,1.4502751405368204,1.892222970839714,0.0007441294092008918,0.00014108608571766648,0.000023557935288577487
B_4f,64,0,0,3,4,444.5,9,5.06,3.5,-0.8,0.2,1,300,0,1.4526305121440677,1.9047080346329812,0.000515656564613079,0.00014108608571766648,0.000023557935288577487
B_4f,64,0,0,3,4,444.5,9,5.06,3.5,-0.8,0.2,1,1000,0,1.4512031170852044,1.925193217745762,0.0007566511129826564,0.00014108608571766648,0.000023557935288577487
B_4f,64,0,0,3,4,444.5,9,5.06,3.5,-0.8,0.2,1,3000,0,1.4522950324501673,1.9256765785293366,0.000687720595223877,0.00014108608571766648,0.000023557935288577487
B_4f,64,0,0,3,4,444.5,9,5.06,3.5,-0.8,0.2,2,1,0,1.8211577859342027,1.890139457991422,0.0005344672207028633,0.0007014833137230315,0.00012556636866045966
B_4f,64,0,0,3,4,444.5,9,5.06,3.5,-0.8,0.2,2,3,0,1.772924787861056,1.906396993001286,0.0005225319425470112,0.0007014833137230315,0.00012556636866045966
B_4f,64,0,0,3,4,444.5,9,5.06,3.5,-0.8,0.2,2,10,0,1.5752231610696832,1.7764517373822175,0.0008023625314082644,0.0007014833137230315,0.00012556636866045966
B_4f,64,0,0,3,4,444.5,9,5.06,3.5,-0.8,0.2,2,30,0,1.543523654304764,1.7725943563777475,0.00047280746490613995,0.0007014833137230315,0.00012556636866045966
B_4f,64,0,0,3,4,444.5,9,5.06,3.5,-0.8,0.2,2,100,0,1.5462611436323583,1.8316285406087913,0.000455580272390936,0.0007014833137230315,0.00012556636866045966
B_4f,64,0,0,3,4,444.5,9,5.06,3.5,-0.8,0.2,2,300,0,1.557109142918569,1.8436018186104617,0.0003951411737518316,0.0007014833137230315,0.00012556636866045966
B_4f,64,0,0,3,4,444.5,9,5.06,3.5,-0.8,0.2,2,1000,0,1.5808400743955215,1.8919736188894878,0.0008276906468195794,0.0007014833137230315,0.00012556636866045966
B_4f,64,0,0,3,4,444.5,9,5.06,3.5,-0.8,0.2,2,3000,0,1.5559687481704616,1.876828931924997,0.0003537127668279987,0.0007014833137230315,0.00012556636866045966
B_4f,64,0,0,3,4,444.5,9,5.06,3.5,-0.8,0.2,3,1,0,1.78750544587168,1.8936270797699453,0.001361772816791793,0.00010899356742012151,0.00010585050614561126
B_4f,64,0,0,3,4,444.5,9,5.06,3.5,-0.8,0.2,3,3,0,1.696197646070212,1.913704614864732,0.0016592901615575999,0.00010899356742012151,0.00010585050614561126
B_4f,64,0,0,3,4,444.5,9,5.06,3.5,-0.8,0.2,3,10,0,1.4705448708667646,1.790343298480236,0.0016448325463622971,0.00010899356742012151,0.00010585050614561126
B_4f,64,0,0,3,4,444.5,9,5.06,3.5,-0.8,0.2,3,30,0,1.4478024278153687,1.7919145681255024,0.0010300796100771595,0.00010899356742012151,0.00010585050614561126
B_4f,64,0,0,3,4,444.5,9,5.06,3.5,-0.8,0.2,3,100,0,1.4498571700643792,1.8588326412725975,0.001042348461784901,0.00010899356742012151,0.00010585050614561126
B_4f,64,0,0,3,4,444.5,9,5.06,3.5,-0.8,0.2,3,300,0,1.4545041447632134,1.8732248830416762,0.0006782788048545735,0.00010899356742012151,0.00010585050614561126
B_4f,64,0,0,3,4,444.5,9,5.06,3.5,-0.8,0.2,3,1000,0,1.4547841822557257,1.921930955268896,0.0017371724166853704,0.00010899356742012151,0.00010585050614561126
B_4f,64,0,0,3,4,444.5,9,5.06,3.5,-0.8,0.2,3,3000,0,1.4542556268659848,1.9040498211826138,0.0010575162033757927,0.00010899356742012151,0.00010585050614561126
B_4f,64,0,0,3,4,444.5,9,5.06,4,-0.8,0.2,1,1,0,1.961623529673353,2.0847594450498566,0.0009349365344187848,-2.3957191164470453e-7,0.00002122596421169671
B_4f,64,0,0,3,4,444.5,9,5.06,4,-0.8,0.2,1,3,0,2.0805083029005287,2.353585664279429,0.0017578120901014967,-2.3957191164470453e-7,0.00002122596421169671
B_4f,64,0,0,3,4,444.5,9,5.06,4,-0.8,0.2,1,10,0,2.060627779735214,2.4858964118051214,0.0015508690235341543,-2.3957191164470453e-7,0.00002122596421169671
B_4f,64,0,0,3,4,444.5,9,5.06,4,-0.8,0.2,1,30,0,2.104994709233683,2.542649591018171,0.0014484583301411157,-2.3957191164470453e-7,0.00002122596421169671
B_4f,64,0,0,3,4,444.5,9,5.06,4,-0.8,0.2,1,100,0,2.1076289512057875,2.6513171902890744,0.0014946576700020488,-2.3957191164470453e-7,0.00002122596421169671
B_4f,64,0,0,3,4,444.5,9,5.06,4,-0.8,0.2,1,300,0,2.1094143656761912,2.6576393525450013,0.0010386201018186512,-2.3957191164470453e-7,0.00002122596421169671
B_4f,64,0,0,3,4,444.5,9,5.06,4,-0.8,0.2,1,1000,0,2.1099910945009466,2.650134048322974,0.0012110791319562034,-2.3957191164470453e-7,0.00002122596421169671
B_4f,64,0,0,3,4,444.5,9,5.06,4,-0.8,0.2,1,3000,0,2.108856620977364,2.6842632720537325,0.0013024950547127377,-2.3957191164470453e-7,0.00002122596421169671
B_4f,64,0,0,3,4,444.5,9,5.06,4,-0.8,0.2,2,1,0,1.9966563467463385,2.0722855395521496,0.0005859719441041378,-0.00026675882309068716,0.00004851193719483839
B_4f,64,0,0,3,4,444.5,9,5.06,4,-0.8,0.2,2,3,0,2.1718725782342565,2.3323684274660295,0.0006693231086534717,-0.00026675882309068716,0.00004851193719483839
B_4f,64,0,0,3,4,444.5,9,5.06,4,-0.8,0.2,2,10,0,2.2059808567349815,2.4552574677740004,0.0013334965641154392,-0.00026675882309068716,0.00004851193719483839
B_4f,64,0,0,3,4,444.5,9,5.06,4,-0.8,0.2,2,30,0,2.2368696166605777,2.5024576252265147,0.0009393010294705639,-0.00026675882309068716,0.00004851193719483839
B_4f,64,0,0,3,4,444.5,9,5.06,4,-0.8,0.2,2,100,0,2.2528174192299533,2.590136372684751,0.0009467826134058263,-0.00026675882309068716,0.00004851193719483839
B_4f,64,0,0,3,4,444.5,9,5.06,4,-0.8,0.2,2,300,0,2.3035136944825805,2.6165925635492107,0.0009625666499024131,-0.00026675882309068716,0.00004851193719483839
B_4f,64,0,0,3,4,444.5,9,5.06,4,-0.8,0.2,2,1000,0,2.3003930046519705,2.6359965702293637,0.001281207550828832,-0.00026675882309068716,0.00004851193719483839
B_4f,64,0,0,3,4,444.5,9,5.06,4,-0.8,0.2,2,3000,0,2.297707743130181,2.6342294190437947,0.0011979725839375466,-0.00026675882309068716,0.00004851193719483839
B_4f,64,0,0,3,4,444.5,9,5.06,4,-0.8,0.2,3,1,0,1.9597610492121735,2.07610925115634,0.0014930020663087194,-0.0002291608304110506,0.00006918781976076349
B_4f,64,0,0,3,4,444.5,9,5.06,4,-0.8,0.2,3,3,0,2.0796160387110127,2.3410554641149743,0.002161268258061363,-0.0002291608304110506,0.00006918781976076349
B_4f,64,0,0,3,4,444.5,9,5.06,4,-0.8,0.2,3,10,0,2.060634446848126,2.469931027300477,0.003008212857391059,-0.0002291608304110506,0.00006918781976076349
B_4f,64,0,0,3,4,444.5,9,5.06,4,-0.8,0.2,3,30,0,2.1029979132270373,2.5215641974385647,0.0023041704123209737,-0.0002291608304110506,0.00006918781976076349
B_4f,64,0,0,3,4,444.5,9,5.06,4,-0.8,0.2,3,100,0,2.1075821416748544,2.6144185833581446,0.002301744123979736,-0.0002291608304110506,0.00006918781976076349
B_4f,64,0,0,3,4,444.5,9,5.06,4,-0.8,0.2,3,300,0,2.110743783070993,2.6372276925189704,0.001725600381152051,-0.0002291608304110506,0.00006918781976076349
B_4f,64,0,0,3,4,444.5,9,5.06,4,-0.8,0.2,3,1000,0,2.112289336600519,2.658885181836451,0.0026629092748603213,-0.0002291608304110506,0.00006918781976076349
B_4f,64,0,0,3,4,444.5,9,5.06,4,-0.8,0.2,3,3000,0,2.0995121676254653,2.6544763994183973,0.002901532589527929,-0.0002291608304110506,0.00006918781976076349
B_4f,64,0,0,4,1,317.5,16,9.92,1.8,-0.8,0.2,1,1,0,1.1548245661434395,1.3287713995855608,0.011204414937801494,NaN,NaN
B_4f,64,0,0,4,1,317.5,16,9.92,1.8,-0.8,0.2,1,3,0,0.5600236820431927,0.7048410693009542,0.00725824748826709,NaN,NaN
B_4f,64,0,0,4,1,317.5,16,9.92,1.8,-0.8,0.2,1,10,0.5625,0.030554538178801854,0.04562421659130608,0.0002243497818854833,NaN,NaN
B_4f,64,0,0,4,1,317.5,16,9.92,1.8,-0.8,0.2,1,30,0.5625,1.5015070754843784e-14,2.7553182869528195e-14,5.429531311804873e-16,NaN,NaN
B_4f,64,0,0,4,1,317.5,16,9.92,1.8,-0.8,0.2,1,100,0.5625,4.7119662096493957e-60,1.1647190878341897e-59,7.408338440649568e-61,NaN,NaN
B_4f,64,0,0,4,1,317.5,16,9.92,1.8,-0.8,0.2,1,300,0.5625,3.7498902574752293e-190,2.8948578657264443e-189,6.053010128906164e-190,NaN,NaN
B_4f,64,0,0,4,1,317.5,16,9.92,1.8,-0.8,0.2,1,1000,0.5625,0,0,0,NaN,NaN
B_4f,64,0,0,4,1,317.5,16,9.92,1.8,-0.8,0.2,1,3000,0.5625,0,0,0,NaN,NaN
B_4f,64,0,0,4,1,317.5,16,9.92,1.8,-0.8,0.2,2,1,0,1.157841726825315,1.3344808202065632,0.010081549809733146,NaN,NaN
B_4f,64,0,0,4,1,317.5,16,9.92,1.8,-0.8,0.2,2,3,0,0.5581310255466272,0.7078747125991123,0.006701128281852377,NaN,NaN
B_4f,64,0,0,4,1,317.5,16,9.92,1.8,-0.8,0.2,2,10,0.5,0.028959551857377277,0.04510961398062794,0.0001924039434044082,NaN,NaN
B_4f,64,0,0,4,1,317.5,16,9.92,1.8,-0.8,0.2,2,30,0.5,1.2488578210506585e-14,2.5929710098497086e-14,3.162186688683919e-16,NaN,NaN
B_4f,64,0,0,4,1,317.5,16,9.92,1.8,-0.8,0.2,2,100,0.5,3.4404539802178034e-60,1.0940682464310096e-59,3.8628803669014764e-61,NaN,NaN
B_4f,64,0,0,4,1,317.5,16,9.92,1.8,-0.8,0.2,2,300,0.5,2.8407988077386283e-190,2.7284911128244795e-189,2.854300634309411e-190,NaN,NaN
B_4f,64,0,0,4,1,317.5,16,9.92,1.8,-0.8,0.2,2,1000,0.5,0,0,0,NaN,NaN
B_4f,64,0,0,4,1,317.5,16,9.92,1.8,-0.8,0.2,2,3000,0.5,0,0,0,NaN,NaN
B_4f,64,0,0,4,1,317.5,16,9.92,1.8,-0.8,0.2,3,1,0,1.2121155376081518,1.3685799467515947,0.010830344032497002,NaN,NaN
B_4f,64,0,0,4,1,317.5,16,9.92,1.8,-0.8,0.2,3,3,0,0.5959430289653332,0.7411160205537833,0.007214356168131396,NaN,NaN
B_4f,64,0,0,4,1,317.5,16,9.92,1.8,-0.8,0.2,3,10,0.625,0.03682310608906428,0.049270559411490215,0.00012336885604582586,NaN,NaN
B_4f,64,0,0,4,1,317.5,16,9.92,1.8,-0.8,0.2,3,30,0.625,2.1795340801577522e-14,2.8019141708413675e-14,4.928266574780449e-16,NaN,NaN
B_4f,64,0,0,4,1,317.5,16,9.92,1.8,-0.8,0.2,3,100,0.625,9.598725317290977e-60,1.2094566250902402e-59,5.6676225109289394e-61,NaN,NaN
B_4f,64,0,0,4,1,317.5,16,9.92,1.8,-0.8,0.2,3,300,0.625,1.6822762637822621e-189,3.1530617578463827e-189,4.102947917574519e-190,NaN,NaN
B_4f,64,0,0,4,1,317.5,16,9.92,1.8,-0.8,0.2,3,1000,0.625,0,0,0,NaN,NaN
B_4f,64,0,0,4,1,317.5,16,9.92,1.8,-0.8,0.2,3,3000,0.625,0,0,0,NaN,NaN
B_4f,64,0,0,4,1,317.5,16,9.92,2.2,-0.8,0.2,1,1,0,1.287238597405261,1.4811304529023068,0.012489131069879483,NaN,NaN
B_4f,64,0,0,4,1,317.5,16,9.92,2.2,-0.8,0.2,1,3,0,0.784272573300444,0.9899439519673666,0.011414515859984707,NaN,NaN
B_4f,64,0,0,4,1,317.5,16,9.92,2.2,-0.8,0.2,1,10,0.125,0.21008497228157683,0.3427430345826308,0.0011080825896670862,NaN,NaN
B_4f,64,0,0,4,1,317.5,16,9.92,2.2,-0.8,0.2,1,30,0.5625,1.462130722635979e-8,6.593788760742933e-7,2.8016523730634016e-8,NaN,NaN
B_4f,64,0,0,4,1,317.5,16,9.92,2.2,-0.8,0.2,1,100,0.5625,7.104184634164133e-48,3.4178802687074613e-46,3.051966957784897e-47,NaN,NaN
B_4f,64,0,0,4,1,317.5,16,9.92,2.2,-0.8,0.2,1,300,0.5625,2.145124643931516e-160,2.34648552904744e-158,4.649851238562814e-159,NaN,NaN
B_4f,64,0,0,4,1,317.5,16,9.92,2.2,-0.8,0.2,1,1000,0.5625,0,0,0,NaN,NaN
B_4f,64,0,0,4,1,317.5,16,9.92,2.2,-0.8,0.2,1,3000,0.5625,0,0,0,NaN,NaN
B_4f,64,0,0,4,1,317.5,16,9.92,2.2,-0.8,0.2,2,1,0,1.2906017105552117,1.4874945248207971,0.0112375164308206,NaN,NaN
B_4f,64,0,0,4,1,317.5,16,9.92,2.2,-0.8,0.2,2,3,0,0.7831069835160531,0.9951171149101268,0.010587297533841264,NaN,NaN
B_4f,64,0,0,4,1,317.5,16,9.92,2.2,-0.8,0.2,2,10,0.125,0.20380866276315537,0.3446859837352735,0.0009236384735249804,NaN,NaN
B_4f,64,0,0,4,1,317.5,16,9.92,2.2,-0.8,0.2,2,30,0.5,8.427162419945785e-9,8.145022693437724e-7,4.054599912327001e-8,NaN,NaN
B_4f,64,0,0,4,1,317.5,16,9.92,2.2,-0.8,0.2,2,100,0.5,3.4178643888325253e-48,4.204122680807917e-46,4.777107128056157e-47,NaN,NaN
B_4f,64,0,0,4,1,317.5,16,9.92,2.2,-0.8,0.2,2,300,0.5,1.0263625912883592e-160,2.885808124913528e-158,7.07273047576682e-159,NaN,NaN
B_4f,64,0,0,4,1,317.5,16,9.92,2.2,-0.8,0.2,2,1000,0.5,0,0,0,NaN,NaN
B_4f,64,0,0,4,1,317.5,16,9.92,2.2,-0.8,0.2,2,3000,0.5,0,0,0,NaN,NaN
B_4f,64,0,0,4,1,317.5,16,9.92,2.2,-0.8,0.2,3,1,0,1.3510986432635685,1.5255035117383116,0.012072168596451785,NaN,NaN
B_4f,64,0,0,4,1,317.5,16,9.92,2.2,-0.8,0.2,3,3,0,0.8376220287824864,1.0408007125005987,0.011358235909157964,NaN,NaN
B_4f,64,0,0,4,1,317.5,16,9.92,2.2,-0.8,0.2,3,10,0.0625,0.2457874006557908,0.37998630419935814,0.0007330107044654407,NaN,NaN
B_4f,64,0,0,4,1,317.5,16,9.92,2.2,-0.8,0.2,3,30,0.625,6.544885009091852e-8,7.240126737356465e-7,3.219063368645331e-8,NaN,NaN
B_4f,64,0,0,4,1,317.5,16,9.92,2.2,-0.8,0.2,3,100,0.625,2.560014837191083e-47,3.811397732920282e-46,3.2424636496728075e-47,NaN,NaN
B_4f,64,0,0,4,1,317.5,16,9.92,2.2,-0.8,0.2,3,300,0.625,9.526222826991197e-160,2.6965063018290507e-158,4.623889627557241e-159,NaN,NaN
B_4f,64,0,0,4,1,317.5,16,9.92,2.2,-0.8,0.2,3,1000,0.625,0,0,0,NaN,NaN
B_4f,64,0,0,4,1,317.5,16,9.92,2.2,-0.8,0.2,3,3000,0.625,0,0,0,NaN,NaN
B_4f,64,0,0,4,1,317.5,16,9.92,2.6,-0.8,0.2,1,1,0,1.4196526286670836,1.6334895062190542,0.013773847201957524,NaN,NaN
B_4f,64,0,0,4,1,317.5,16,9.92,2.6,-0.8,0.2,1,3,0,1.0310355470891535,1.302316258278269,0.016651465091473906,NaN,NaN
B_4f,64,0,0,4,1,317.5,16,9.92,2.6,-0.8,0.2,1,10,0,0.5368231194128088,0.8435164837136914,0.005471395293017059,NaN,NaN
B_4f,64,0,0,4,1,317.5,16,9.92,2.6,-0.8,0.2,1,30,0.125,0.1937754027668597,0.4853931286005328,0.001358149559677275,NaN,NaN
B_4f,64,0,0,4,1,317.5,16,9.92,2.6,-0.8,0.2,1,100,0.4375,0.000022431901944121104,0.08288185375288687,0.00028448980236548364,NaN,NaN
B_4f,64,0,0,4,1,317.5,16,9.92,2.6,-0.8,0.2,1,300,0.5625,1.4873979208001957e-45,7.592103538477969e-42,1.995133227513814e-43,NaN,NaN
B_4f,64,0,0,4,1,317.5,16,9.92,2.6,-0.8,0.2,1,1000,0.5625,0,0,0,NaN,NaN
B_4f,64,0,0,4,1,317.5,16,9.92,2.6,-0.8,0.2,1,3000,0.5625,0,0,0,NaN,NaN
B_4f,64,0,0,4,1,317.5,16,9.92,2.6,-0.8,0.2,2,1,0,1.4233616942851082,1.640508229435031,0.012393483051908063,NaN,NaN
B_4f,64,0,0,4,1,317.5,16,9.92,2.6,-0.8,0.2,2,3,0,1.0310727414447374,1.3099137327049006,0.015549918714043827,NaN,NaN
B_4f,64,0,0,4,1,317.5,16,9.92,2.6,-0.8,0.2,2,10,0,0.5270274916335645,0.8484788907638839,0.004434041814052994,NaN,NaN
B_4f,64,0,0,4,1,317.5,16,9.92,2.6,-0.8,0.2,2,30,0.125,0.17674656104127998,0.490219923221858,0.0013182683446284359,NaN,NaN
B_4f,64,0,0,4,1,317.5,16,9.92,2.6,-0.8,0.2,2,100,0.4375,0.00000585489550193132,0.09498735140326105,0.0003532513564004638,NaN,NaN
B_4f,64,0,0,4,1,317.5,16,9.92,2.6,-0.8,0.2,2,300,0.5,8.865597427582038e-54,5.007375703916839e-50,1.586837616037689e-51,NaN,NaN
B_4f,64,0,0,4,1,317.5,16,9.92,2.6,-0.8,0.2,2,1000,0.5,0,0,0,NaN,NaN
B_4f,64,0,0,4,1,317.5,16,9.92,2.6,-0.8,0.2,2,3000,0.5,0,0,0,NaN,NaN
B_4f,64,0,0,4,1,317.5,16,9.92,2.6,-0.8,0.2,3,1,0,1.4900817489189857,1.6824270767250291,0.013313993160406557,NaN,NaN
B_4f,64,0,0,4,1,317.5,16,9.92,2.6,-0.8,0.2,3,3,0,1.1034941399005382,1.3686829830460852,0.016571764818658866,NaN,NaN
B_4f,64,0,0,4,1,317.5,16,9.92,2.6,-0.8,0.2,3,10,0,0.6118918895376991,0.9229095664010201,0.00510272276095928,NaN,NaN
B_4f,64,0,0,4,1,317.5,16,9.92,2.6,-0.8,0.2,3,30,0.0625,0.2496626194753438,0.5796739821628923,0.00109573723485897,NaN,NaN
B_4f,64,0,0,4,1,317.5,16,9.92,2.6,-0.8,0.2,3,100,0.4375,0.00000844880975923498,0.18542108796414572,0.00022543496513132344,NaN,NaN
B_4f,64,0,0,4,1,317.5,16,9.92,2.6,-0.8,0.2,3,300,0.625,1.2967245489888113e-7,0.0006756962056693606,0.0000058777489078841975,NaN,NaN
B_4f,64,0,0,4,1,317.5,16,9.92,2.6,-0.8,0.2,3,1000,0.625,0,0,0,NaN,NaN
B_4f,64,0,0,4,1,317.5,16,9.92,2.6,-0.8,0.2,3,3000,0.625,0,0,0,NaN,NaN
B_4f,64,0,0,4,1,317.5,16,9.92,3,-0.8,0.2,1,1,0,1.552066659928903,1.7858485595357994,0.015058563334035525,NaN,NaN
B_4f,64,0,0,4,1,317.5,16,9.92,3,-0.8,0.2,1,3,0,1.2959280751751698,1.6360110052047174,0.023021897831341055,NaN,NaN
B_4f,64,0,0,4,1,317.5,16,9.92,3,-0.8,0.2,1,10,0,0.9515295959509825,1.4243825869223334,0.021129344681009493,NaN,NaN
B_4f,64,0,0,4,1,317.5,16,9.92,3,-0.8,0.2,1,30,0,0.7551442777333097,1.305565066883909,0.009566043843687982,NaN,NaN
B_4f,64,0,0,4,1,317.5,16,9.92,3,-0.8,0.2,1,100,0,0.6670653535454117,1.3273815494677708,0.01012669125821314,NaN,NaN
B_4f,64,0,0,4,1,317.5,16,9.92,3,-0.8,0.2,1,300,0.0625,0.6750811706421008,1.3903527493168453,0.5758930903013103,NaN,NaN
B_4f,64,0,0,4,1,317.5,16,9.92,3,-0.8,0.2,1,1000,0.125,0.680032287641472,1.3988905913716048,1.725179376947058,NaN,NaN
B_4f,64,0,0,4,1,317.5,16,9.92,3,-0.8,0.2,1,3000,0.125,0.6702486901751447,1.3766751046740155,1.9303826644505686,NaN,NaN
B_4f,64,0,0,4,1,317.5,16,9.92,3,-0.8,0.2,2,1,0,1.556121678015007,1.793521934049265,0.013549449672995503,NaN,NaN
B_4f,64,0,0,4,1,317.5,16,9.92,3,-0.8,0.2,2,3,0,1.2976096667084809,1.6462441288800833,0.02166999293999021,NaN,NaN
B_4f,64,0,0,4,1,317.5,16,9.92,3,-0.8,0.2,2,10,0,0.9420091909486517,1.4313061723705363,0.01751500902270289,NaN,NaN
B_4f,64,0,0,4,1,317.5,16,9.92,3,-0.8,0.2,2,30,0,0.7311075524742374,1.306549894719539,0.010339607651815273,NaN,NaN
B_4f,64,0,0,4,1,317.5,16,9.92,3,-0.8,0.2,2,100,0,0.613222906960649,1.3083111966438652,0.010481012777896911,NaN,NaN
B_4f,64,0,0,4,1,317.5,16,9.92,3,-0.8,0.2,2,300,0.0625,0.6464334190119386,1.3627567551346509,0.9323365412156874,NaN,NaN
B_4f,64,0,0,4,1,317.5,16,9.92,3,-0.8,0.2,2,1000,0.0625,0.6345210062049481,1.380760875545665,1.7721225747673721,NaN,NaN
B_4f,64,0,0,4,1,317.5,16,9.92,3,-0.8,0.2,2,3000,0.0625,0.6217477204766434,1.3697250455836982,1.7552955249088098,NaN,NaN
B_4f,64,0,0,4,1,317.5,16,9.92,3,-0.8,0.2,3,1,0,1.6290648545744033,1.8393506417117464,0.01455581772436132,NaN,NaN
B_4f,64,0,0,4,1,317.5,16,9.92,3,-0.8,0.2,3,3,0,1.3886041112297811,1.718460516038159,0.022904752611931724,NaN,NaN
B_4f,64,0,0,4,1,317.5,16,9.92,3,-0.8,0.2,3,10,0,1.0640281749450273,1.5391101095715436,0.021688094159155822,NaN,NaN
B_4f,64,0,0,4,1,317.5,16,9.92,3,-0.8,0.2,3,30,0,0.8889421936994913,1.4401347366246289,0.007998947296064391,NaN,NaN
B_4f,64,0,0,4,1,317.5,16,9.92,3,-0.8,0.2,3,100,0,0.8709819187483389,1.4677053974722738,0.009713896183336347,NaN,NaN
B_4f,64,0,0,4,1,317.5,16,9.92,3,-0.8,0.2,3,300,0,0.9529770680383077,1.5210184210330024,0.14693753929068418,NaN,NaN
B_4f,64,0,0,4,1,317.5,16,9.92,3,-0.8,0.2,3,1000,0.0625,1.040535432595581,1.5535019884294912,1.7230470753303633,NaN,NaN
B_4f,64,0,0,4,1,317.5,16,9.92,3,-0.8,0.2,3,3000,0.0625,1.0214348776382036,1.5532687828228582,1.8672347040471333,NaN,NaN
B_4f,64,0,0,4,1,317.5,16,9.92,3.5,-0.8,0.2,1,1,0,1.7175841990061815,1.9762973761817326,0.016664458499133047,NaN,NaN
B_4f,64,0,0,4,1,317.5,16,9.92,3.5,-0.8,0.2,1,3,0,1.6474257040964606,2.076408059532347,0.0326608882419628,NaN,NaN
B_4f,64,0,0,4,1,317.5,16,9.92,3.5,-0.8,0.2,1,10,0,1.5292569646521446,2.1868521635599683,0.09582857949395232,NaN,NaN
B_4f,64,0,0,4,1,317.5,16,9.92,3.5,-0.8,0.2,1,30,0.1875,1.4856832140016585,2.217016651242547,1.530791703020103,NaN,NaN
B_4f,64,0,0,4,1,317.5,16,9.92,3.5,-0.8,0.2,1,100,0.3125,1.5165153419642434,2.2769035516870106,2.780209448455209,NaN,NaN
B_4f,64,0,0,4,1,317.5,16,9.92,3.5,-0.8,0.2,1,300,0.3125,1.5504324239673282,2.3233487387285012,2.886842389692838,NaN,NaN
B_4f,64,0,0,4,1,317.5,16,9.92,3.5,-0.8,0.2,1,1000,0.375,1.5034972983511503,2.3272869125419815,2.8905224160167653,NaN,NaN
B_4f,64,0,0,4,1,317.5,16,9.92,3.5,-0.8,0.2,1,3000,0.375,1.54914076995034,2.3338275102678616,2.899022691314746,NaN,NaN
B_4f,64,0,0,4,1,317.5,16,9.92,3.5,-0.8,0.2,2,1,0,1.7220716576773778,1.9847890648170574,0.014994407949354825,NaN,NaN
B_4f,64,0,0,4,1,317.5,16,9.92,3.5,-0.8,0.2,2,3,0,1.6517394019643241,2.09016782239874,0.0310707646386805,NaN,NaN
B_4f,64,0,0,4,1,317.5,16,9.92,3.5,-0.8,0.2,2,10,0,1.526093162932201,2.1964171066444163,0.08047474204768337,NaN,NaN
B_4f,64,0,0,4,1,317.5,16,9.92,3.5,-0.8,0.2,2,30,0.25,1.483085459989442,2.203950407580593,0.882565979218766,NaN,NaN
B_4f,64,0,0,4,1,317.5,16,9.92,3.5,-0.8,0.2,2,100,0.3125,1.5053799708536482,2.2838663487955753,2.655645194013108,NaN,NaN
B_4f,64,0,0,4,1,317.5,16,9.92,3.5,-0.8,0.2,2,300,0.375,1.5641355563713044,2.3414273280098583,2.936295599767535,NaN,NaN
B_4f,64,0,0,4,1,317.5,16,9.92,3.5,-0.8,0.2,2,1000,0.375,1.5119296005134792,2.328234845519005,2.892735744114199,NaN,NaN
B_4f,64,0,0,4,1,317.5,16,9.92,3.5,-0.8,0.2,2,3000,0.375,1.5781038012923856,2.330539603951197,2.918616446823216,NaN,NaN
B_4f,64,0,0,4,1,317.5,16,9.92,3.5,-0.8,0.2,3,1,0,1.8027937366436764,2.0355050979451437,0.016108098429304808,NaN,NaN
B_4f,64,0,0,4,1,317.5,16,9.92,3.5,-0.8,0.2,3,3,0,1.7663254802224206,2.1794232571815133,0.03247517064000241,NaN,NaN
B_4f,64,0,0,4,1,317.5,16,9.92,3.5,-0.8,0.2,3,10,0,1.6893705984856309,2.3375136248844344,0.10485415693527804,NaN,NaN
B_4f,64,0,0,4,1,317.5,16,9.92,3.5,-0.8,0.2,3,30,0.125,1.6301411634589236,2.362006284320353,1.6441933653215732,NaN,NaN
B_4f,64,0,0,4,1,317.5,16,9.92,3.5,-0.8,0.2,3,100,0.1875,1.717722700099422,2.431610672347635,2.7923846888787804,NaN,NaN
B_4f,64,0,0,4,1,317.5,16,9.92,3.5,-0.8,0.2,3,300,0.1875,1.849937009218788,2.492157235660117,2.8788809770825488,NaN,NaN
B_4f,64,0,0,4,1,317.5,16,9.92,3.5,-0.8,0.2,3,1000,0.1875,1.8478063487830885,2.487535740654039,2.853999462074428,NaN,NaN
B_4f,64,0,0,4,1,317.5,16,9.92,3.5,-0.8,0.2,3,3000,0.1875,1.884403824410507,2.4928793262326927,2.898221355377891,NaN,NaN
B_4f,64,0,0,4,1,317.5,16,9.92,4,-0.8,0.2,1,1,0,1.8831017380834567,2.166746192827665,0.018270353664230538,NaN,NaN
B_4f,64,0,0,4,1,317.5,16,9.92,4,-0.8,0.2,1,3,0,2.0169376892836133,2.5368050130010875,0.044261183730273546,NaN,NaN
B_4f,64,0,0,4,1,317.5,16,9.92,4,-0.8,0.2,1,10,0.0625,2.136884749143708,2.9629912703267154,0.3032910778099303,NaN,NaN
B_4f,64,0,0,4,1,317.5,16,9.92,4,-0.8,0.2,1,30,0.3125,2.147957663339343,3.0563055670448693,3.0404780537031564,NaN,NaN
B_4f,64,0,0,4,1,317.5,16,9.92,4,-0.8,0.2,1,100,0.375,2.1971531995525857,3.127055201748246,3.8268561925527376,NaN,NaN
B_4f,64,0,0,4,1,317.5,16,9.92,4,-0.8,0.2,1,300,0.4375,2.228520884213062,3.1847093356754175,3.8373257023329486,NaN,NaN
B_4f,64,0,0,4,1,317.5,16,9.92,4,-0.8,0.2,1,1000,0.4375,2.301050240287631,3.194185235514656,3.846913247520372,NaN,NaN
B_4f,64,0,0,4,1,317.5,16,9.92,4,-0.8,0.2,1,3000,0.4375,2.29046968358298,3.1781427950920245,3.7990818921641676,NaN,NaN
B_4f,64,0,0,4,1,317.5,16,9.92,4,-0.8,0.2,2,1,0,1.8880216373397485,2.1760561955848488,0.016439366225714135,NaN,NaN
B_4f,64,0,0,4,1,317.5,16,9.92,4,-0.8,0.2,2,3,0,2.024482653438023,2.554308580496554,0.04256109455196892,NaN,NaN
B_4f,64,0,0,4,1,317.5,16,9.92,4,-0.8,0.2,2,10,0.0625,2.1495848790941996,2.976104636866385,0.2622161562493036,NaN,NaN
B_4f,64,0,0,4,1,317.5,16,9.92,4,-0.8,0.2,2,30,0.375,2.1105609789614066,3.0264965191649633,2.7492128566055434,NaN,NaN
B_4f,64,0,0,4,1,317.5,16,9.92,4,-0.8,0.2,2,100,0.5,2.1680130155312494,3.1411767043800527,3.8956057907120267,NaN,NaN
B_4f,64,0,0,4,1,317.5,16,9.92,4,-0.8,0.2,2,300,0.5,2.257206360864758,3.186829947427613,3.91709593860936,NaN,NaN
B_4f,64,0,0,4,1,317.5,16,9.92,4,-0.8,0.2,2,1000,0.5,2.249760278015345,3.1931850472915326,3.8219824213830287,NaN,NaN
B_4f,64,0,0,4,1,317.5,16,9.92,4,-0.8,0.2,2,3000,0.5,2.1876524010199048,3.165179426283296,3.9345235741453566,NaN,NaN
B_4f,64,0,0,4,1,317.5,16,9.92,4,-0.8,0.2,3,1,0,1.9765226187129457,2.2316595541785382,0.01766037913424825,NaN,NaN
B_4f,64,0,0,4,1,317.5,16,9.92,4,-0.8,0.2,3,3,0,2.1626349090258077,2.660649736258122,0.043983258021056515,NaN,NaN
B_4f,64,0,0,4,1,317.5,16,9.92,4,-0.8,0.2,3,10,0.0625,2.3425706521910374,3.143333450976999,0.35132578191703956,NaN,NaN
B_4f,64,0,0,4,1,317.5,16,9.92,4,-0.8,0.2,3,30,0.25,2.342958472027785,3.213630883707959,2.961408784072531,NaN,NaN
B_4f,64,0,0,4,1,317.5,16,9.92,4,-0.8,0.2,3,100,0.375,2.5303431305008495,3.3192455944793537,3.802849371552295,NaN,NaN
B_4f,64,0,0,4,1,317.5,16,9.92,4,-0.8,0.2,3,300,0.375,2.591825466550227,3.3546522106741334,3.835895334324841,NaN,NaN
B_4f,64,0,0,4,1,317.5,16,9.92,4,-0.8,0.2,3,1000,0.375,2.5697170246464554,3.3450350748386057,3.9063862580189874,NaN,NaN
B_4f,64,0,0,4,1,317.5,16,9.92,4,-0.8,0.2,3,3000,0.375,2.635999353467391,3.325788307050061,3.893795024269274,NaN,NaN
B_4f,64,0,0,4,2,381,16,6.89,1.8,-0.8,0.2,1,1,0,1.042560834014628,1.2668302422897768,0.009050824204608423,NaN,NaN
B_4f,64,0,0,4,2,381,16,6.89,1.8,-0.8,0.2,1,3,0,0.4330611948444382,0.6427878764768875,0.005574170904311243,NaN,NaN
B_4f,64,0,0,4,2,381,16,6.89,1.8,-0.8,0.2,1,10,0.5625,0.00478894580850732,0.035171736048790044,0.0002451329963618622,NaN,NaN
B_4f,64,0,0,4,2,381,16,6.89,1.8,-0.8,0.2,1,30,0.5625,1.2364138115074673e-16,1.8687378828134963e-14,7.41544600079205e-16,NaN,NaN
B_4f,64,0,0,4,2,381,16,6.89,1.8,-0.8,0.2,1,100,0.5625,4.672399758467964e-64,7.096214783827671e-60,6.545318442260313e-61,NaN,NaN
B_4f,64,0,0,4,2,381,16,6.89,1.8,-0.8,0.2,1,300,0.5625,1.7270907063994518e-193,1.384839680972771e-189,4.061756503242041e-190,NaN,NaN
B_4f,64,0,0,4,2,381,16,6.89,1.8,-0.8,0.2,1,1000,0.5625,0,0,0,NaN,NaN
B_4f,64,0,0,4,2,381,16,6.89,1.8,-0.8,0.2,1,3000,0.5625,0,0,0,NaN,NaN
B_4f,64,0,0,4,2,381,16,6.89,1.8,-0.8,0.2,2,1,0,1.0272989812587887,1.2561131834530324,0.006650358006371612,NaN,NaN
B_4f,64,0,0,4,2,381,16,6.89,1.8,-0.8,0.2,2,3,0,0.4302090386314165,0.636479946966088,0.004422337734522044,NaN,NaN
B_4f,64,0,0,4,2,381,16,6.89,1.8,-0.8,0.2,2,10,0.5,0.005023341428650265,0.034699017665996534,0.00014634049931828042,NaN,NaN
B_4f,64,0,0,4,2,381,16,6.89,1.8,-0.8,0.2,2,30,0.5,1.4130992081376134e-16,1.8394541133794994e-14,3.449709442739293e-16,NaN,NaN
B_4f,64,0,0,4,2,381,16,6.89,1.8,-0.8,0.2,2,100,0.5,3.347306416868217e-64,7.024474957650449e-60,3.0893828053267182e-61,NaN,NaN
B_4f,64,0,0,4,2,381,16,6.89,1.8,-0.8,0.2,2,300,0.5,3.5692556727217625e-194,1.410484175481139e-189,1.9741159649266167e-190,NaN,NaN
B_4f,64,0,0,4,2,381,16,6.89,1.8,-0.8,0.2,2,1000,0.5,0,0,0,NaN,NaN
B_4f,64,0,0,4,2,381,16,6.89,1.8,-0.8,0.2,2,3000,0.5,0,0,0,NaN,NaN
B_4f,64,0,0,4,2,381,16,6.89,1.8,-0.8,0.2,3,1,0,1.0474709469848253,1.3078894090217426,0.004959418705642728,NaN,NaN
B_4f,64,0,0,4,2,381,16,6.89,1.8,-0.8,0.2,3,3,0,0.4399228482726473,0.6836070284192614,0.002666272861272129,NaN,NaN
B_4f,64,0,0,4,2,381,16,6.89,1.8,-0.8,0.2,3,10,0.625,0.00555875727902038,0.04060902229701496,0.0002084815177319356,NaN,NaN
B_4f,64,0,0,4,2,381,16,6.89,1.8,-0.8,0.2,3,30,0.625,1.563970952074304e-16,2.095353908226801e-14,7.156546374010254e-16,NaN,NaN
B_4f,64,0,0,4,2,381,16,6.89,1.8,-0.8,0.2,3,100,0.625,1.1253655708407299e-63,8.047706935427016e-60,6.391612730239383e-61,NaN,NaN
B_4f,64,0,0,4,2,381,16,6.89,1.8,-0.8,0.2,3,300,0.625,1.596604525034753e-193,1.6142807391975027e-189,3.9386406410758784e-190,NaN,NaN
B_4f,64,0,0,4,2,381,16,6.89,1.8,-0.8,0.2,3,1000,0.625,0,0,0,NaN,NaN
B_4f,64,0,0,4,2,381,16,6.89,1.8,-0.8,0.2,3,3000,0.625,0,0,0,NaN,NaN
B_4f,64,0,0,4,2,381,16,6.89,2.2,-0.8,0.2,1,1,0,1.1621025262463602,1.4120870234701177,0.01008860617973261,NaN,NaN
B_4f,64,0,0,4,2,381,16,6.89,2.2,-0.8,0.2,1,3,0,0.6125215667363957,0.9033826459803149,0.008742151124719199,NaN,NaN
B_4f,64,0,0,4,2,381,16,6.89,2.2,-0.8,0.2,1,10,0.125,0.08220897968057433,0.26730635978900774,0.0015446349001612151,NaN,NaN
B_4f,64,0,0,4,2,381,16,6.89,2.2,-0.8,0.2,1,30,0.5625,4.831929451012134e-11,7.707621150016695e-7,1.9871453223316427e-8,NaN,NaN
B_4f,64,0,0,4,2,381,16,6.89,2.2,-0.8,0.2,1,100,0.5625,2.635378438139346e-50,3.909083798419393e-46,1.4388097754757921e-47,NaN,NaN
B_4f,64,0,0,4,2,381,16,6.89,2.2,-0.8,0.2,1,300,0.5625,1.9236869499372358e-163,2.6618133326762113e-158,2.5260429938926543e-159,NaN,NaN
B_4f,64,0,0,4,2,381,16,6.89,2.2,-0.8,0.2,1,1000,0.5625,0,0,0,NaN,NaN
B_4f,64,0,0,4,2,381,16,6.89,2.2,-0.8,0.2,1,3000,0.5625,0,0,0,NaN,NaN
B_4f,64,0,0,4,2,381,16,6.89,2.2,-0.8,0.2,2,1,0,1.145090725050583,1.4001411295311006,0.007412898688978298,NaN,NaN
B_4f,64,0,0,4,2,381,16,6.89,2.2,-0.8,0.2,2,3,0,0.6080041224973013,0.8943790029684616,0.006819708983485373,NaN,NaN
B_4f,64,0,0,4,2,381,16,6.89,2.2,-0.8,0.2,2,10,0.125,0.08431350028819858,0.26738887445511655,0.0010620138504974957,NaN,NaN
B_4f,64,0,0,4,2,381,16,6.89,2.2,-0.8,0.2,2,30,0.5,4.4252252709212944e-11,7.606358509500515e-7,1.412112981970102e-8,NaN,NaN
B_4f,64,0,0,4,2,381,16,6.89,2.2,-0.8,0.2,2,100,0.5,2.1777394227439384e-50,3.860450483776329e-46,1.0324647680000441e-47,NaN,NaN
B_4f,64,0,0,4,2,381,16,6.89,2.2,-0.8,0.2,2,300,0.5,2.024329684304902e-163,2.6415076147734713e-158,1.8358447791471602e-159,NaN,NaN
B_4f,64,0,0,4,2,381,16,6.89,2.2,-0.8,0.2,2,1000,0.5,0,0,0,NaN,NaN
B_4f,64,0,0,4,2,381,16,6.89,2.2,-0.8,0.2,2,3000,0.5,0,0,0,NaN,NaN
B_4f,64,0,0,4,2,381,16,6.89,2.2,-0.8,0.2,3,1,0,1.1675756406207514,1.4578540999111642,0.005528073584298861,NaN,NaN
B_4f,64,0,0,4,2,381,16,6.89,2.2,-0.8,0.2,3,3,0,0.620910766233718,0.9597723762217981,0.004272926911864236,NaN,NaN
B_4f,64,0,0,4,2,381,16,6.89,2.2,-0.8,0.2,3,10,0.0625,0.08887858689407396,0.3076032805328056,0.0011450862890959763,NaN,NaN
B_4f,64,0,0,4,2,381,16,6.89,2.2,-0.8,0.2,3,30,0.625,1.3816941311100512e-10,0.0000011723567865388884,2.0410936759268005e-8,NaN,NaN
B_4f,64,0,0,4,2,381,16,6.89,2.2,-0.8,0.2,3,100,0.625,4.082699537493828e-50,5.858676131321654e-46,1.4169666304691753e-47,NaN,NaN
B_4f,64,0,0,4,2,381,16,6.89,2.2,-0.8,0.2,3,300,0.625,5.978071881796281e-162,4.055806832313939e-158,2.595166544085727e-159,NaN,NaN
B_4f,64,0,0,4,2,381,16,6.89,2.2,-0.8,0.2,3,1000,0.625,0,0,0,NaN,NaN
B_4f,64,0,0,4,2,381,16,6.89,2.2,-0.8,0.2,3,3000,0.625,0,0,0,NaN,NaN
B_4f,64,0,0,4,2,381,16,6.89,2.6,-0.8,0.2,1,1,0,1.2816442184780945,1.5573438046504582,0.011126388154856788,NaN,NaN
B_4f,64,0,0,4,2,381,16,6.89,2.6,-0.8,0.2,1,3,0,0.8118626816115811,1.1894751812246482,0.012825292560110205,NaN,NaN
B_4f,64,0,0,4,2,381,16,6.89,2.6,-0.8,0.2,1,10,0,0.2919600699291739,0.6724743683032492,0.0035898462574305,NaN,NaN
B_4f,64,0,0,4,2,381,16,6.89,2.6,-0.8,0.2,1,30,0.125,0.00010766007920222634,0.31015448838369797,0.0008654539478871124,NaN,NaN
B_4f,64,0,0,4,2,381,16,6.89,2.6,-0.8,0.2,1,100,0.5625,7.671065847822972e-7,0.03271885862062956,0.0000032364979301040095,NaN,NaN
B_4f,64,0,0,4,2,381,16,6.89,2.6,-0.8,0.2,1,300,0.5625,1.9826697621860532e-78,4.280324890876468e-75,2.3518156370403616e-76,NaN,NaN
B_4f,64,0,0,4,2,381,16,6.89,2.6,-0.8,0.2,1,1000,0.5625,0,0,0,NaN,NaN
B_4f,64,0,0,4,2,381,16,6.89,2.6,-0.8,0.2,1,3000,0.5625,0,0,0,NaN,NaN
B_4f,64,0,0,4,2,381,16,6.89,2.6,-0.8,0.2,2,1,0,1.2628824688423788,1.54416907560917,0.008175439371585007,NaN,NaN
B_4f,64,0,0,4,2,381,16,6.89,2.6,-0.8,0.2,2,3,0,0.8042788547153521,1.177548426543435,0.009858267788692657,NaN,NaN
B_4f,64,0,0,4,2,381,16,6.89,2.6,-0.8,0.2,2,10,0,0.2932955436130743,0.6731138322756716,0.002904863998189097,NaN,NaN
B_4f,64,0,0,4,2,381,16,6.89,2.6,-0.8,0.2,2,30,0.125,0.00002267070513704941,0.31722775845822143,0.00045770946734596097,NaN,NaN
B_4f,64,0,0,4,2,381,16,6.89,2.6,-0.8,0.2,2,100,0.5,7.644594914577397e-7,0.036980731875643616,0.0000038027540566492508,NaN,NaN
B_4f,64,0,0,4,2,381,16,6.89,2.6,-0.8,0.2,2,300,0.5,1.889982295008551e-78,5.7168081821071545e-75,2.766766593637068e-76,NaN,NaN
B_4f,64,0,0,4,2,381,16,6.89,2.6,-0.8,0.2,2,1000,0.5,0,0,0,NaN,NaN
B_4f,64,0,0,4,2,381,16,6.89,2.6,-0.8,0.2,2,3000,0.5,0,0,0,NaN,NaN
B_4f,64,0,0,4,2,381,16,6.89,2.6,-0.8,0.2,3,1,0,1.2876803342566774,1.6078187908005845,0.0060967284629550025,NaN,NaN
B_4f,64,0,0,4,2,381,16,6.89,2.6,-0.8,0.2,3,3,0,0.8215402803900769,1.2624261467744948,0.006370050510781056,NaN,NaN
B_4f,64,0,0,4,2,381,16,6.89,2.6,-0.8,0.2,3,10,0,0.30472917353492746,0.7557781414694416,0.002051407338792123,NaN,NaN
B_4f,64,0,0,4,2,381,16,6.89,2.6,-0.8,0.2,3,30,0.0625,0.00014432659283890388,0.3923404702275496,0.000850582940982517,NaN,NaN
B_4f,64,0,0,4,2,381,16,6.89,2.6,-0.8,0.2,3,100,0.625,0.0000024492303645941748,0.05432648403019348,0.000009636266778686241,NaN,NaN
B_4f,64,0,0,4,2,381,16,6.89,2.6,-0.8,0.2,3,300,0.625,2.5509868141343023e-77,1.0258646767018031e-73,4.821898268425975e-75,NaN,NaN
B_4f,64,0,0,4,2,381,16,6.89,2.6,-0.8,0.2,3,1000,0.625,0,0,0,NaN,NaN
B_4f,64,0,0,4,2,381,16,6.89,2.6,-0.8,0.2,3,3000,0.625,0,0,0,NaN,NaN
B_4f,64,0,0,4,2,381,16,6.89,3,-0.8,0.2,1,1,0,1.401185910709827,1.7026005858307984,0.012164170129980976,NaN,NaN
B_4f,64,0,0,4,2,381,16,6.89,3,-0.8,0.2,1,3,0,1.0275022702900445,1.4956341452925657,0.017908475060759797,NaN,NaN
B_4f,64,0,0,4,2,381,16,6.89,3,-0.8,0.2,1,10,0,0.5915212559437063,1.1640909091065026,0.007739454140870121,NaN,NaN
B_4f,64,0,0,4,2,381,16,6.89,3,-0.8,0.2,1,30,0,0.3535232988371845,0.973609129375517,0.0030245821470745566,NaN,NaN
B_4f,64,0,0,4,2,381,16,6.89,3,-0.8,0.2,1,100,0.0625,0.2214820424357067,0.9461335890735477,0.002669836748229627,NaN,NaN
B_4f,64,0,0,4,2,381,16,6.89,3,-0.8,0.2,1,300,0.0625,0.00019169096950365856,0.9921650243674475,0.0022767082428716405,NaN,NaN
B_4f,64,0,0,4,2,381,16,6.89,3,-0.8,0.2,1,1000,0.125,0.00014458398696302652,0.9649951644642835,0.0026809167010927275,NaN,NaN
B_4f,64,0,0,4,2,381,16,6.89,3,-0.8,0.2,1,3000,0.125,0.00011919797419613754,0.9655198832445517,0.0022697740376841735,NaN,NaN
B_4f,64,0,0,4,2,381,16,6.89,3,-0.8,0.2,2,1,0,1.3806742126341727,1.6881970216872373,0.008937980054191694,NaN,NaN
B_4f,64,0,0,4,2,381,16,6.89,3,-0.8,0.2,2,3,0,1.0162375919947266,1.480636874480419,0.013592248140844448,NaN,NaN
B_4f,64,0,0,4,2,381,16,6.89,3,-0.8,0.2,2,10,0,0.5870039404673948,1.1610556201614481,0.006852226176885611,NaN,NaN
B_4f,64,0,0,4,2,381,16,6.89,3,-0.8,0.2,2,30,0,0.3579044887814196,0.9894441692914433,0.003009965965639557,NaN,NaN
B_4f,64,0,0,4,2,381,16,6.89,3,-0.8,0.2,2,100,0.0625,0.24669613743377208,0.9652084157332335,0.0022819369184156678,NaN,NaN
B_4f,64,0,0,4,2,381,16,6.89,3,-0.8,0.2,2,300,0.0625,0.0001117684972374514,0.9994013322332863,0.0016694090269393296,NaN,NaN
B_4f,64,0,0,4,2,381,16,6.89,3,-0.8,0.2,2,1000,0.125,0.00007189622294563418,0.95843497784359,0.001686175419110373,NaN,NaN
B_4f,64,0,0,4,2,381,16,6.89,3,-0.8,0.2,2,3000,0.125,0.00006655902848327303,0.9625789655677078,0.0014679348747008581,NaN,NaN
B_4f,64,0,0,4,2,381,16,6.89,3,-0.8,0.2,3,1,0,1.4077850278926025,1.7577834816900044,0.006665383341611169,-0.0004334935864154461,0.001030317709430829
B_4f,64,0,0,4,2,381,16,6.89,3,-0.8,0.2,3,3,0,1.0381947177440918,1.5857959747214774,0.00900095993359006,-0.0004334935864154461,0.001030317709430829
B_4f,64,0,0,4,2,381,16,6.89,3,-0.8,0.2,3,10,0,0.6071737114661699,1.2863781367356315,0.0031411770225959006,-0.0004334935864154461,0.001030317709430829
B_4f,64,0,0,4,2,381,16,6.89,3,-0.8,0.2,3,30,0,0.3798809767439944,1.1215397593950178,0.0014926375550565031,-0.0004334935864154461,0.001030317709430829
B_4f,64,0,0,4,2,381,16,6.89,3,-0.8,0.2,3,100,0,0.32472470903820033,1.1265115080196575,0.0017242003201144746,-0.0004334935864154461,0.001030317709430829
B_4f,64,0,0,4,2,381,16,6.89,3,-0.8,0.2,3,300,0,0.28355464899533755,1.1816830276589338,0.0024803104696433983,-0.0004334935864154461,0.001030317709430829
B_4f,64,0,0,4,2,381,16,6.89,3,-0.8,0.2,3,1000,0,0.3980959815097726,1.1890437610068036,0.002445009308917261,-0.0004334935864154461,0.001030317709430829
B_4f,64,0,0,4,2,381,16,6.89,3,-0.8,0.2,3,3000,0,0.3653685990314091,1.1855918366888756,0.0026226966125177066,-0.0004334935864154461,0.001030317709430829
B_4f,64,0,0,4,2,381,16,6.89,3.5,-0.8,0.2,1,1,0,1.550613025999493,1.884171562306225,0.013461397598886222,NaN,NaN
B_4f,64,0,0,4,2,381,16,6.89,3.5,-0.8,0.2,1,3,0,1.315722397835794,1.9003769391566105,0.025791204933657125,NaN,NaN
B_4f,64,0,0,4,2,381,16,6.89,3.5,-0.8,0.2,1,10,0,1.0418777501220624,1.8319965293818639,0.03029177542734249,NaN,NaN
B_4f,64,0,0,4,2,381,16,6.89,3.5,-0.8,0.2,1,30,0,0.9691108063711438,1.7735236416652822,0.20660138977828849,NaN,NaN
B_4f,64,0,0,4,2,381,16,6.89,3.5,-0.8,0.2,1,100,0.0625,0.9893959346824915,1.8581280233991622,2.4952465723766553,NaN,NaN
B_4f,64,0,0,4,2,381,16,6.89,3.5,-0.8,0.2,1,300,0.0625,0.9307559000244254,1.906280370078355,2.733922325540725,NaN,NaN
B_4f,64,0,0,4,2,381,16,6.89,3.5,-0.8,0.2,1,1000,0.0625,1.0378655113188038,1.9007261970590588,2.660108545685941,NaN,NaN
B_4f,64,0,0,4,2,381,16,6.89,3.5,-0.8,0.2,1,3000,0.125,1.0280929347386965,1.919560159329186,2.6859938842860838,NaN,NaN
B_4f,64,0,0,4,2,381,16,6.89,3.5,-0.8,0.2,2,1,0,1.5279138923739168,1.8682319542848236,0.009891155907450058,NaN,NaN
B_4f,64,0,0,4,2,381,16,6.89,3.5,-0.8,0.2,2,3,0,1.2993077175638257,1.881421115781557,0.019319450363485112,NaN,NaN
B_4f,64,0,0,4,2,381,16,6.89,3.5,-0.8,0.2,2,10,0,1.0143303044181342,1.821712578013275,0.026818817178598443,NaN,NaN
B_4f,64,0,0,4,2,381,16,6.89,3.5,-0.8,0.2,2,30,0.0625,0.9301268812424759,1.77518229917208,0.25357760301821514,NaN,NaN
B_4f,64,0,0,4,2,381,16,6.89,3.5,-0.8,0.2,2,100,0.0625,0.9522854176882207,1.8478801219761347,2.313555619328638,NaN,NaN
B_4f,64,0,0,4,2,381,16,6.89,3.5,-0.8,0.2,2,300,0.125,0.9566113984131268,1.9062081781942721,2.7512561305784704,NaN,NaN
B_4f,64,0,0,4,2,381,16,6.89,3.5,-0.8,0.2,2,1000,0.125,0.9976400822415668,1.8845928114306212,2.711572029752029,NaN,NaN
B_4f,64,0,0,4,2,381,16,6.89,3.5,-0.8,0.2,2,3000,0.1875,1.0021005726020116,1.8703130185453325,2.6680911140733286,NaN,NaN
B_4f,64,0,0,4,2,381,16,6.89,3.5,-0.8,0.2,3,1,0,1.55791589493751,1.9452393453017816,0.007376201939931333,NaN,NaN
B_4f,64,0,0,4,2,381,16,6.89,3.5,-0.8,0.2,3,3,0,1.327270050436683,2.012620292235115,0.013103854531202283,NaN,NaN
B_4f,64,0,0,4,2,381,16,6.89,3.5,-0.8,0.2,3,10,0,1.0527801384379323,1.996322929881773,0.008658238316250635,NaN,NaN
B_4f,64,0,0,4,2,381,16,6.89,3.5,-0.8,0.2,3,30,0,0.9764748417612398,1.9449830625741082,0.005719141006087077,NaN,NaN
B_4f,64,0,0,4,2,381,16,6.89,3.5,-0.8,0.2,3,100,0.0625,0.9875156448639903,2.024977002023763,0.5876221763188907,NaN,NaN
B_4f,64,0,0,4,2,381,16,6.89,3.5,-0.8,0.2,3,300,0.0625,0.9412350489780705,2.0865906753198686,2.6820617535551405,NaN,NaN
B_4f,64,0,0,4,2,381,16,6.89,3.5,-0.8,0.2,3,1000,0.0625,0.9591285367721298,2.0633686037580126,2.589720173648886,NaN,NaN
B_4f,64,0,0,4,2,381,16,6.89,3.5,-0.8,0.2,3,3000,0.0625,1.0142507244942236,2.03509699638226,2.608597674977928,NaN,NaN
B_4f,64,0,0,4,2,381,16,6.89,4,-0.8,0.2,1,1,0,1.7000401412891593,2.0657425387816497,0.01475862506779145,NaN,NaN
B_4f,64,0,0,4,2,381,16,6.89,4,-0.8,0.2,1,3,0,1.6207890104142262,2.3241749712285067,0.03551082928532082,NaN,NaN
B_4f,64,0,0,4,2,381,16,6.89,4,-0.8,0.2,1,10,0,1.525081551408664,2.523419742545245,0.149328475721282,NaN,NaN
B_4f,64,0,0,4,2,381,16,6.89,4,-0.8,0.2,1,30,0.125,1.526504288489793,2.5064978124532105,2.3168939501617016,NaN,NaN
B_4f,64,0,0,4,2,381,16,6.89,4,-0.8,0.2,1,100,0.125,1.653725641860403,2.5999297301018016,3.675237670336807,NaN,NaN
B_4f,64,0,0,4,2,381,16,6.89,4,-0.8,0.2,1,300,0.3125,2.003754184413592,2.779628895913598,3.7022808451027522,NaN,NaN
B_4f,64,0,0,4,2,381,16,6.89,4,-0.8,0.2,1,1000,0.3125,2.0088405857706704,2.7429933526626002,3.607700032384166,NaN,NaN
B_4f,64,0,0,4,2,381,16,6.89,4,-0.8,0.2,1,3000,0.3125,1.9976874739511936,2.7419621826488827,3.685148812793144,NaN,NaN
B_4f,64,0,0,4,2,381,16,6.89,4,-0.8,0.2,2,1,0,1.6751535721136603,2.048266886882409,0.01084433176070842,NaN,NaN
B_4f,64,0,0,4,2,381,16,6.89,4,-0.8,0.2,2,3,0,1.5987170039740894,2.3011986545983465,0.026320322290536702,NaN,NaN
B_4f,64,0,0,4,2,381,16,6.89,4,-0.8,0.2,2,10,0,1.4836944620729442,2.5074160140176747,0.12339315580024215,NaN,NaN
B_4f,64,0,0,4,2,381,16,6.89,4,-0.8,0.2,2,30,0.125,1.4772496916198457,2.5033003912424547,1.9649866702665033,NaN,NaN
B_4f,64,0,0,4,2,381,16,6.89,4,-0.8,0.2,2,100,0.1875,1.5611245632619692,2.603906160100003,3.639847757008381,NaN,NaN
B_4f,64,0,0,4,2,381,16,6.89,4,-0.8,0.2,2,300,0.375,1.98800488762336,2.783879214699966,3.7325886187778936,NaN,NaN
B_4f,64,0,0,4,2,381,16,6.89,4,-0.8,0.2,2,1000,0.375,1.9899206226163482,2.7444667909507605,3.670361471703533,NaN,NaN
B_4f,64,0,0,4,2,381,16,6.89,4,-0.8,0.2,2,3000,0.375,1.9804415640075816,2.754147410927646,3.6580202942744924,NaN,NaN
B_4f,64,0,0,4,2,381,16,6.89,4,-0.8,0.2,3,1,0,1.708046761982416,2.132695208913556,0.008087020538251537,NaN,NaN
B_4f,64,0,0,4,2,381,16,6.89,4,-0.8,0.2,3,3,0,1.632714862037543,2.458861540867765,0.018187244794210633,NaN,NaN
B_4f,64,0,0,4,2,381,16,6.89,4,-0.8,0.2,3,10,0,1.5365741475601802,2.723103494226783,0.037549229640976775,NaN,NaN
B_4f,64,0,0,4,2,381,16,6.89,4,-0.8,0.2,3,30,0.0625,1.5317253140883405,2.6930768935937732,0.8228114294585086,NaN,NaN
B_4f,64,0,0,4,2,381,16,6.89,4,-0.8,0.2,3,100,0.0625,1.635514309270335,2.795725741333189,3.6160139056845844,NaN,NaN
B_4f,64,0,0,4,2,381,16,6.89,4,-0.8,0.2,3,300,0.1875,1.7868313901172994,2.926286157357955,3.621234353256448,NaN,NaN
B_4f,64,0,0,4,2,381,16,6.89,4,-0.8,0.2,3,1000,0.1875,1.7946309173180326,2.863833204130255,3.4869512964527702,NaN,NaN
B_4f,64,0,0,4,2,381,16,6.89,4,-0.8,0.2,3,3000,0.1875,2.008845700788827,2.905731959090994,3.5628728837937205,NaN,NaN
B_4f,64,0,0,4,3,444.5,9,5.06,1.8,-0.8,0.2,1,1,0,1.2945282708692705,1.349551099532813,0.0003882604406018273,NaN,NaN
B_4f,64,0,0,4,3,444.5,9,5.06,1.8,-0.8,0.2,1,3,0,0.6306044235496762,0.7007322193784655,0.0005009559789242976,NaN,NaN
B_4f,64,0,0,4,3,444.5,9,5.06,1.8,-0.8,0.2,1,10,0.3333333333333333,0.038216939393561314,0.042068456173896485,0.00001451977069153087,NaN,NaN
B_4f,64,0,0,4,3,444.5,9,5.06,1.8,-0.8,0.2,1,30,0.3333333333333333,2.8005617282337236e-14,3.036121320118795e-14,4.9443305953589e-17,NaN,NaN
B_4f,64,0,0,4,3,444.5,9,5.06,1.8,-0.8,0.2,1,100,0.3333333333333333,1.2140982008004102e-59,1.2874481962173678e-59,5.220677156551817e-62,NaN,NaN
B_4f,64,0,0,4,3,444.5,9,5.06,1.8,-0.8,0.2,1,300,0.3333333333333333,2.7960923599287414e-189,2.9291500742059156e-189,7.229444762372179e-191,NaN,NaN
B_4f,64,0,0,4,3,444.5,9,5.06,1.8,-0.8,0.2,1,1000,0.3333333333333333,0,0,0,NaN,NaN
B_4f,64,0,0,4,3,444.5,9,5.06,1.8,-0.8,0.2,1,3000,0.3333333333333333,0,0,0,NaN,NaN
B_4f,64,0,0,4,3,444.5,9,5.06,1.8,-0.8,0.2,2,1,0,1.294202884612948,1.3352440535969026,0.0006436869893021003,NaN,NaN
B_4f,64,0,0,4,3,444.5,9,5.06,1.8,-0.8,0.2,2,3,0,0.6305552221137587,0.6824273142314867,0.0005917339644384293,NaN,NaN
B_4f,64,0,0,4,3,444.5,9,5.06,1.8,-0.8,0.2,2,10,0.4444444444444444,0.038153775588732376,0.04111982094275684,0.00003293635509049821,NaN,NaN
B_4f,64,0,0,4,3,444.5,9,5.06,1.8,-0.8,0.2,2,30,0.4444444444444444,2.9245034532174534e-14,3.151845118352054e-14,8.646699940655679e-17,NaN,NaN
B_4f,64,0,0,4,3,444.5,9,5.06,1.8,-0.8,0.2,2,100,0.4444444444444444,1.2701965968546934e-59,1.323984674391828e-59,7.95024316386975e-62,NaN,NaN
B_4f,64,0,0,4,3,444.5,9,5.06,1.8,-0.8,0.2,2,300,0.4444444444444444,2.77654178938795e-189,2.9240837231075462e-189,8.77189948715738e-191,NaN,NaN
B_4f,64,0,0,4,3,444.5,9,5.06,1.8,-0.8,0.2,2,1000,0.4444444444444444,0,0,0,NaN,NaN
B_4f,64,0,0,4,3,444.5,9,5.06,1.8,-0.8,0.2,2,3000,0.4444444444444444,0,0,0,NaN,NaN
B_4f,64,0,0,4,3,444.5,9,5.06,1.8,-0.8,0.2,3,1,0,1.2949263844663108,1.3415915215624061,0.0010563874019060477,NaN,NaN
B_4f,64,0,0,4,3,444.5,9,5.06,1.8,-0.8,0.2,3,3,0,0.6292729169303609,0.6888533867100566,0.001152529569563511,NaN,NaN
B_4f,64,0,0,4,3,444.5,9,5.06,1.8,-0.8,0.2,3,10,0.7777777777777778,0.03811507860679326,0.041530391673041775,0.00004894214965266553,NaN,NaN
B_4f,64,0,0,4,3,444.5,9,5.06,1.8,-0.8,0.2,3,30,0.7777777777777778,2.915748303100411e-14,3.16315771782842e-14,1.582031782582251e-16,NaN,NaN
B_4f,64,0,0,4,3,444.5,9,5.06,1.8,-0.8,0.2,3,100,0.7777777777777778,1.2662583037795387e-59,1.337324876083561e-59,1.4161927559340647e-61,NaN,NaN
B_4f,64,0,0,4,3,444.5,9,5.06,1.8,-0.8,0.2,3,300,0.7777777777777778,2.8827005415129423e-189,3.01892493912036e-189,1.7226993658262325e-190,NaN,NaN
B_4f,64,0,0,4,3,444.5,9,5.06,1.8,-0.8,0.2,3,1000,0.7777777777777778,0,0,0,NaN,NaN
B_4f,64,0,0,4,3,444.5,9,5.06,1.8,-0.8,0.2,3,3000,0.7777777777777778,0,0,0,NaN,NaN
B_4f,64,0,0,4,3,444.5,9,5.06,2.2,-0.8,0.2,1,1,0,1.442960952294324,1.5042927864712314,0.00043277900353062235,NaN,NaN
B_4f,64,0,0,4,3,444.5,9,5.06,2.2,-0.8,0.2,1,3,0,0.89162431170123,0.9875536226175158,0.0007233523541719832,NaN,NaN
B_4f,64,0,0,4,3,444.5,9,5.06,2.2,-0.8,0.2,1,10,0,0.25028112770221717,0.3168868190562138,0.00008736386433378545,NaN,NaN
B_4f,64,0,0,4,3,444.5,9,5.06,2.2,-0.8,0.2,1,30,0.3333333333333333,1.9778893371104326e-7,0.0000010176335135714494,3.047779728171673e-9,NaN,NaN
B_4f,64,0,0,4,3,444.5,9,5.06,2.2,-0.8,0.2,1,100,0.3333333333333333,1.0341286294763456e-46,5.1446228096444194e-46,3.296958988901275e-48,NaN,NaN
B_4f,64,0,0,4,3,444.5,9,5.06,2.2,-0.8,0.2,1,300,0.3333333333333333,5.814297559393519e-159,3.3837550900665957e-158,1.0823498880937293e-159,NaN,NaN
B_4f,64,0,0,4,3,444.5,9,5.06,2.2,-0.8,0.2,1,1000,0.3333333333333333,0,0,0,NaN,NaN
B_4f,64,0,0,4,3,444.5,9,5.06,2.2,-0.8,0.2,1,3000,0.3333333333333333,0,0,0,NaN,NaN
B_4f,64,0,0,4,3,444.5,9,5.06,2.2,-0.8,0.2,2,1,0,1.4425982567295754,1.4883452717720453,0.000717493168719388,NaN,NaN
B_4f,64,0,0,4,3,444.5,9,5.06,2.2,-0.8,0.2,2,3,0,0.8915673875585536,0.9625950930975442,0.0008784878094373924,NaN,NaN
B_4f,64,0,0,4,3,444.5,9,5.06,2.2,-0.8,0.2,2,10,0,0.2502841706540705,0.29974100520351477,0.0001259436088181409,NaN,NaN
B_4f,64,0,0,4,3,444.5,9,5.06,2.2,-0.8,0.2,2,30,0.4444444444444444,1.9669854153944623e-7,8.08348032876869e-7,4.540488426542373e-9,NaN,NaN
B_4f,64,0,0,4,3,444.5,9,5.06,2.2,-0.8,0.2,2,100,0.4444444444444444,1.0271182055306389e-46,4.106894712314209e-46,4.189049620899392e-48,NaN,NaN
B_4f,64,0,0,4,3,444.5,9,5.06,2.2,-0.8,0.2,2,300,0.4444444444444444,5.76041965588973e-159,2.6716066513863327e-158,1.184703802886476e-159,NaN,NaN
B_4f,64,0,0,4,3,444.5,9,5.06,2.2,-0.8,0.2,2,1000,0.4444444444444444,0,0,0,NaN,NaN
B_4f,64,0,0,4,3,444.5,9,5.06,2.2,-0.8,0.2,2,3000,0.4444444444444444,0,0,0,NaN,NaN
B_4f,64,0,0,4,3,444.5,9,5.06,2.2,-0.8,0.2,3,1,0,1.4434047142329656,1.495420550563763,0.001177514470520213,NaN,NaN
B_4f,64,0,0,4,3,444.5,9,5.06,2.2,-0.8,0.2,3,3,0,0.8899494645912872,0.9715660772506478,0.0017055515244325935,NaN,NaN
B_4f,64,0,0,4,3,444.5,9,5.06,2.2,-0.8,0.2,3,10,0.3333333333333333,0.24869611793952628,0.3057647838422084,0.00023590253549792686,NaN,NaN
B_4f,64,0,0,4,3,444.5,9,5.06,2.2,-0.8,0.2,3,30,0.7777777777777778,1.8816378560120173e-7,9.205360481320567e-7,9.443991296642944e-9,NaN,NaN
B_4f,64,0,0,4,3,444.5,9,5.06,2.2,-0.8,0.2,3,100,0.7777777777777778,1.0149494838156598e-46,4.677198365891205e-46,8.860231822881432e-48,NaN,NaN
B_4f,64,0,0,4,3,444.5,9,5.06,2.2,-0.8,0.2,3,300,0.7777777777777778,6.011355336162029e-159,3.0651111529204265e-158,2.45226927254252e-159,NaN,NaN
B_4f,64,0,0,4,3,444.5,9,5.06,2.2,-0.8,0.2,3,1000,0.7777777777777778,0,0,0,NaN,NaN
B_4f,64,0,0,4,3,444.5,9,5.06,2.2,-0.8,0.2,3,3000,0.7777777777777778,0,0,0,NaN,NaN
B_4f,64,0,0,4,3,444.5,9,5.06,2.6,-0.8,0.2,1,1,0,1.591393633719379,1.6590344734096512,0.00047729756645942126,NaN,NaN
B_4f,64,0,0,4,3,444.5,9,5.06,2.6,-0.8,0.2,1,3,0,1.1790217865382346,1.3021280058759033,0.0009817246584856516,NaN,NaN
B_4f,64,0,0,4,3,444.5,9,5.06,2.6,-0.8,0.2,1,10,0,0.6391732030504432,0.8024007452400371,0.00036318140177103367,NaN,NaN
B_4f,64,0,0,4,3,444.5,9,5.06,2.6,-0.8,0.2,1,30,0.1111111111111111,0.23249951337263802,0.3839832320763974,0.00008187312907818653,NaN,NaN
B_4f,64,0,0,4,3,444.5,9,5.06,2.6,-0.8,0.2,1,100,0.3333333333333333,0.00000502248353220729,0.0316376666793833,0.000032840064047057856,NaN,NaN
B_4f,64,0,0,4,3,444.5,9,5.06,2.6,-0.8,0.2,1,300,0.3333333333333333,4.547201541293253e-97,3.530703174335898e-94,9.769059451323087e-96,NaN,NaN
B_4f,64,0,0,4,3,444.5,9,5.06,2.6,-0.8,0.2,1,1000,0.3333333333333333,0,0,0,NaN,NaN
B_4f,64,0,0,4,3,444.5,9,5.06,2.6,-0.8,0.2,1,3000,0.3333333333333333,0,0,0,NaN,NaN
B_4f,64,0,0,4,3,444.5,9,5.06,2.6,-0.8,0.2,2,1,0,1.5909936288462037,1.6414464899471888,0.0007912993481366779,NaN,NaN
B_4f,64,0,0,4,3,444.5,9,5.06,2.6,-0.8,0.2,2,3,0,1.1789604436140342,1.2701599544819187,0.0012172845790918397,NaN,NaN
B_4f,64,0,0,4,3,444.5,9,5.06,2.6,-0.8,0.2,2,10,0,0.6395272944217113,0.760625027143341,0.0004166607898669999,NaN,NaN
B_4f,64,0,0,4,3,444.5,9,5.06,2.6,-0.8,0.2,2,30,0.2222222222222222,0.2327753668932888,0.3450522503924509,0.00016763734577513348,NaN,NaN
B_4f,64,0,0,4,3,444.5,9,5.06,2.6,-0.8,0.2,2,100,0.4444444444444444,0.00000465759856533284,0.024298777809216424,0.00004521366433406666,NaN,NaN
B_4f,64,0,0,4,3,444.5,9,5.06,2.6,-0.8,0.2,2,300,0.4444444444444444,5.765842356781284e-97,4.496866401631698e-94,2.0259806305139897e-95,NaN,NaN
B_4f,64,0,0,4,3,444.5,9,5.06,2.6,-0.8,0.2,2,1000,0.4444444444444444,0,0,0,NaN,NaN
B_4f,64,0,0,4,3,444.5,9,5.06,2.6,-0.8,0.2,2,3000,0.4444444444444444,0,0,0,NaN,NaN
B_4f,64,0,0,4,3,444.5,9,5.06,2.6,-0.8,0.2,3,1,0,1.5918830439996217,1.6492495795651212,0.0012986415391343807,NaN,NaN
B_4f,64,0,0,4,3,444.5,9,5.06,2.6,-0.8,0.2,3,3,0,1.1770249293319608,1.2818264120327092,0.002359670455926237,NaN,NaN
B_4f,64,0,0,4,3,444.5,9,5.06,2.6,-0.8,0.2,3,10,0,0.635368291218007,0.7753010933199926,0.0009061572740018557,NaN,NaN
B_4f,64,0,0,4,3,444.5,9,5.06,2.6,-0.8,0.2,3,30,0.3333333333333333,0.2287312575838249,0.35836233579313687,0.00028369151205236446,NaN,NaN
B_4f,64,0,0,4,3,444.5,9,5.06,2.6,-0.8,0.2,3,100,0.7777777777777778,0.000009076108425528032,0.028033095026573862,0.00008774716776325008,NaN,NaN
B_4f,64,0,0,4,3,444.5,9,5.06,2.6,-0.8,0.2,3,300,0.7777777777777778,1.4634490070655154e-96,6.351535996317434e-94,4.9413718346286085e-95,NaN,NaN
B_4f,64,0,0,4,3,444.5,9,5.06,2.6,-0.8,0.2,3,1000,0.7777777777777778,0,0,0,NaN,NaN
B_4f,64,0,0,4,3,444.5,9,5.06,2.6,-0.8,0.2,3,3000,0.7777777777777778,0,0,0,NaN,NaN
B_4f,64,0,0,4,3,444.5,9,5.06,3,-0.8,0.2,1,1,0,1.7398263151444324,1.8137761603480695,0.0005218161293882198,-0.00059564463783356,0.0001497430451592039
B_4f,64,0,0,4,3,444.5,9,5.06,3,-0.8,0.2,1,3,0,1.487136951173699,1.6382766329850817,0.0012750537411663186,-0.00059564463783356,0.0001497430451592039
B_4f,64,0,0,4,3,444.5,9,5.06,3,-0.8,0.2,1,10,0,1.1328527744355725,1.3747302164520807,0.0009243552442763219,-0.00059564463783356,0.0001497430451592039
B_4f,64,0,0,4,3,444.5,9,5.06,3,-0.8,0.2,1,30,0,0.9048349455890543,1.2347721337048732,0.0005979427030400553,-0.00059564463783356,0.0001497430451592039
B_4f,64,0,0,4,3,444.5,9,5.06,3,-0.8,0.2,1,100,0,0.8923125710277323,1.2375095697044332,0.0005823320029871078,-0.00059564463783356,0.0001497430451592039
B_4f,64,0,0,4,3,444.5,9,5.06,3,-0.8,0.2,1,300,0,1.0872641982598654,1.3306444947935312,0.0007262705123412319,-0.00059564463783356,0.0001497430451592039
B_4f,64,0,0,4,3,444.5,9,5.06,3,-0.8,0.2,1,1000,0,1.0923094703060012,1.3315043475766266,0.0006995905940409905,-0.00059564463783356,0.0001497430451592039
B_4f,64,0,0,4,3,444.5,9,5.06,3,-0.8,0.2,1,3000,0,1.1031276073002827,1.3597642650045298,0.0005458662896083667,-0.00059564463783356,0.0001497430451592039
B_4f,64,0,0,4,3,444.5,9,5.06,3,-0.8,0.2,2,1,0,1.7393890009628308,1.794547708122331,0.0008651055275539637,-0.0009736903021514124,0.00024138354713366516
B_4f,64,0,0,4,3,444.5,9,5.06,3,-0.8,0.2,2,3,0,1.4870749072728504,1.599072990977144,0.0016061143004404352,-0.0009736903021514124,0.00024138354713366516
B_4f,64,0,0,4,3,444.5,9,5.06,3,-0.8,0.2,2,10,0,1.1335902865977332,1.3128308739902452,0.00107719485833852,-0.0009736903021514124,0.00024138354713366516
B_4f,64,0,0,4,3,444.5,9,5.06,3,-0.8,0.2,2,30,0,0.9058783149614775,1.1504500716116968,0.0006225898313371702,-0.0009736903021514124,0.00024138354713366516
B_4f,64,0,0,4,3,444.5,9,5.06,3,-0.8,0.2,2,100,0,0.8979660102184229,1.151314797302791,0.000495657971397978,-0.0009736903021514124,0.00024138354713366516
B_4f,64,0,0,4,3,444.5,9,5.06,3,-0.8,0.2,2,300,0,1.0871452390135652,1.2655201369099356,0.0007428787187207642,-0.0009736903021514124,0.00024138354713366516
B_4f,64,0,0,4,3,444.5,9,5.06,3,-0.8,0.2,2,1000,0,1.0916166331767443,1.2678808052122457,0.0007190090043165114,-0.0009736903021514124,0.00024138354713366516
B_4f,64,0,0,4,3,444.5,9,5.06,3,-0.8,0.2,2,3000,0,1.0951317403201022,1.2916743623022562,0.0007144546068590905,-0.0009736903021514124,0.00024138354713366516
B_4f,64,0,0,4,3,444.5,9,5.06,3,-0.8,0.2,3,1,0,1.7403613737662746,1.8030786085664776,0.0014197686077485512,0.0025499056828629002,0.0002071553960093561
B_4f,64,0,0,4,3,444.5,9,5.06,3,-0.8,0.2,3,3,0,1.4848368959363107,1.6135232481592239,0.0031124403622571706,0.0025499056828629002,0.0002071553960093561
B_4f,64,0,0,4,3,444.5,9,5.06,3,-0.8,0.2,3,10,0,1.1276140084997797,1.3345400457572958,0.0024230630935545725,0.0025499056828629002,0.0002071553960093561
B_4f,64,0,0,4,3,444.5,9,5.06,3,-0.8,0.2,3,30,0,0.8914852932577458,1.1773735796697278,0.0013748408359312372,0.0025499056828629002,0.0002071553960093561
B_4f,64,0,0,4,3,444.5,9,5.06,3,-0.8,0.2,3,100,0,0.8484845936272247,1.1636305688867459,0.00101247614009212,0.0025499056828629002,0.0002071553960093561
B_4f,64,0,0,4,3,444.5,9,5.06,3,-0.8,0.2,3,300,0,1.076490525424377,1.2892735365430268,0.0012748032098447073,0.0025499056828629002,0.0002071553960093561
B_4f,64,0,0,4,3,444.5,9,5.06,3,-0.8,0.2,3,1000,0,1.0946459260502224,1.2907070246656889,0.0013111089255745329,0.0025499056828629002,0.0002071553960093561
B_4f,64,0,0,4,3,444.5,9,5.06,3,-0.8,0.2,3,3000,0,1.1076565577963886,1.3235534347997497,0.0010979506448478924,0.0025499056828629002,0.0002071553960093561
B_4f,64,0,0,4,3,444.5,9,5.06,3.5,-0.8,0.2,1,1,0,1.9253671669257495,2.0072032690210935,0.0005774643330492208,-0.0005541052042217431,0.0000766494309079177
B_4f,64,0,0,4,3,444.5,9,5.06,3.5,-0.8,0.2,1,3,0,1.8949557957223995,2.0818461250054536,0.0016901021215997114,-0.0005541052042217431,0.0000766494309079177
B_4f,64,0,0,4,3,444.5,9,5.06,3.5,-0.8,0.2,1,10,0,1.804097138647883,2.1241787079359598,0.002096794458487529,-0.0005541052042217431,0.0000766494309079177
B_4f,64,0,0,4,3,444.5,9,5.06,3.5,-0.8,0.2,1,30,0,1.7783355522042505,2.127980908344266,0.0019998729857701666,-0.0005541052042217431,0.0000766494309079177
B_4f,64,0,0,4,3,444.5,9,5.06,3.5,-0.8,0.2,1,100,0,1.9378054757363266,2.1948964111692346,0.0020443449446899097,-0.0005541052042217431,0.0000766494309079177
B_4f,64,0,0,4,3,444.5,9,5.06,3.5,-0.8,0.2,1,300,0,1.9403322909523477,2.227003060708359,0.001368006200265878,-0.0005541052042217431,0.0000766494309079177
B_4f,64,0,0,4,3,444.5,9,5.06,3.5,-0.8,0.2,1,1000,0,1.9592671831821016,2.244565318232286,0.0011752821465151892,-0.0005541052042217431,0.0000766494309079177
B_4f,64,0,0,4,3,444.5,9,5.06,3.5,-0.8,0.2,1,3000,0,1.9371863891369336,2.2425462208478657,0.0011372851590343567,-0.0005541052042217431,0.0000766494309079177
B_4f,64,0,0,4,3,444.5,9,5.06,3.5,-0.8,0.2,2,1,0,1.9248832161086158,1.9859242308412601,0.0009573632518255773,-0.0013883744890945888,0.00011871353962139335
B_4f,64,0,0,4,3,444.5,9,5.06,3.5,-0.8,0.2,2,3,0,1.894898328935189,2.0334054117515197,0.0021604960669437366,-0.0013883744890945888,0.00011871353962139335
B_4f,64,0,0,4,3,444.5,9,5.06,3.5,-0.8,0.2,2,10,0,1.8051522318175455,2.041964224292128,0.0024680710243864617,-0.0013883744890945888,0.00011871353962139335
B_4f,64,0,0,4,3,444.5,9,5.06,3.5,-0.8,0.2,2,30,0,1.779736393497085,2.038303883619659,0.0021822606628265576,-0.0013883744890945888,0.00011871353962139335
B_4f,64,0,0,4,3,444.5,9,5.06,3.5,-0.8,0.2,2,100,0,1.9382603704951913,2.1289802552062396,0.00220929260498249,-0.0013883744890945888,0.00011871353962139335
B_4f,64,0,0,4,3,444.5,9,5.06,3.5,-0.8,0.2,2,300,0,1.941005915137401,2.152064373779096,0.0017233536041519448,-0.0013883744890945888,0.00011871353962139335
B_4f,64,0,0,4,3,444.5,9,5.06,3.5,-0.8,0.2,2,1000,0,1.959836243784336,2.1772546334335274,0.001441666391673323,-0.0013883744890945888,0.00011871353962139335
B_4f,64,0,0,4,3,444.5,9,5.06,3.5,-0.8,0.2,2,3000,0,1.9407522005306148,2.169831851334204,0.0016527322134246535,-0.0013883744890945888,0.00011871353962139335
B_4f,64,0,0,4,3,444.5,9,5.06,3.5,-0.8,0.2,3,1,0,1.9259592859745946,1.9953648948181752,0.001571177443516254,0.0006564539415667111,0.00022212550269709496
B_4f,64,0,0,4,3,444.5,9,5.06,3.5,-0.8,0.2,3,3,0,1.8922964522863805,2.051399886172019,0.004190513208393921,0.0006564539415667111,0.00022212550269709496
B_4f,64,0,0,4,3,444.5,9,5.06,3.5,-0.8,0.2,3,10,0,1.798076156377758,2.070848861652691,0.006013877513561036,0.0006564539415667111,0.00022212550269709496
B_4f,64,0,0,4,3,444.5,9,5.06,3.5,-0.8,0.2,3,30,0,1.7695670637194973,2.068965366367741,0.005456735659208801,0.0006564539415667111,0.00022212550269709496
B_4f,64,0,0,4,3,444.5,9,5.06,3.5,-0.8,0.2,3,100,0,1.9390812080702027,2.155741797998021,0.006061311988883833,0.0006564539415667111,0.00022212550269709496
B_4f,64,0,0,4,3,444.5,9,5.06,3.5,-0.8,0.2,3,300,0,1.9448081513815967,2.180037178292234,0.00321045328720984,0.0006564539415667111,0.00022212550269709496
B_4f,64,0,0,4,3,444.5,9,5.06,3.5,-0.8,0.2,3,1000,0,1.9740892125473815,2.2229439013360244,0.0026998576703017732,0.0006564539415667111,0.00022212550269709496
B_4f,64,0,0,4,3,444.5,9,5.06,3.5,-0.8,0.2,3,3000,0,1.933234092207615,2.2057761712307906,0.0029107304307184377,0.0006564539415667111,0.00022212550269709496
B_4f,64,0,0,4,3,444.5,9,5.06,4,-0.8,0.2,1,1,0,2.110908018707068,2.2006303776941163,0.0006331125367102175,-0.0015984590141488698,0.000021192354780986137
B_4f,64,0,0,4,3,444.5,9,5.06,4,-0.8,0.2,1,3,0,2.322267494904114,2.545336232800142,0.0021587278465700684,-0.0015984590141488698,0.000021192354780986137
B_4f,64,0,0,4,3,444.5,9,5.06,4,-0.8,0.2,1,10,0,2.489260241646064,2.879939916331773,0.004153734976284895,-0.0015984590141488698,0.000021192354780986137
B_4f,64,0,0,4,3,444.5,9,5.06,4,-0.8,0.2,1,30,0,2.5199304249766623,2.926959945764949,0.005070184584820777,-0.0015984590141488698,0.000021192354780986137
B_4f,64,0,0,4,3,444.5,9,5.06,4,-0.8,0.2,1,100,0,2.6938094172922744,2.99115019550973,0.005025791381882277,-0.0015984590141488698,0.000021192354780986137
B_4f,64,0,0,4,3,444.5,9,5.06,4,-0.8,0.2,1,300,0,2.7033577612073563,3.034218649112095,0.0028573786953501553,-0.0015984590141488698,0.000021192354780986137
B_4f,64,0,0,4,3,444.5,9,5.06,4,-0.8,0.2,1,1000,0,2.698360667535411,3.0528643890480573,0.0023315595892803038,-0.0015984590141488698,0.000021192354780986137
B_4f,64,0,0,4,3,444.5,9,5.06,4,-0.8,0.2,1,3000,0,2.7203838717387576,3.0739296645873977,0.0013799105615452038,-0.0015984590141488698,0.000021192354780986137
B_4f,64,0,0,4,3,444.5,9,5.06,4,-0.8,0.2,2,1,0,2.1103774312544,2.1773007535601887,0.001049620976097189,0.0006094029769381174,5.794415715130121e-7
B_4f,64,0,0,4,3,444.5,9,5.06,4,-0.8,0.2,2,3,0,2.322220591979045,2.487536648850474,0.0027895647216780307,0.0006094029769381174,5.794415715130121e-7
B_4f,64,0,0,4,3,444.5,9,5.06,4,-0.8,0.2,2,10,0,2.4905761885940785,2.779203744004864,0.0048256033900386614,0.0006094029769381174,5.794415715130121e-7
B_4f,64,0,0,4,3,444.5,9,5.06,4,-0.8,0.2,2,30,0,2.521713344879415,2.822187152688695,0.005472644947701689,0.0006094029769381174,5.794415715130121e-7
B_4f,64,0,0,4,3,444.5,9,5.06,4,-0.8,0.2,2,100,0,2.6937429116141676,2.9149709330126643,0.005060408017252219,0.0006094029769381174,5.794415715130121e-7
B_4f,64,0,0,4,3,444.5,9,5.06,4,-0.8,0.2,2,300,0,2.704301156545654,2.949138091160364,0.003381292435800688,0.0006094029769381174,5.794415715130121e-7
B_4f,64,0,0,4,3,444.5,9,5.06,4,-0.8,0.2,2,1000,0,2.7037742891840906,2.9727000985148337,0.0027412258631748375,0.0006094029769381174,5.794415715130121e-7
B_4f,64,0,0,4,3,444.5,9,5.06,4,-0.8,0.2,2,3000,0,2.721269782224848,2.9880583727204395,0.0024153554545296744,0.0006094029769381174,5.794415715130121e-7
B_4f,64,0,0,4,3,444.5,9,5.06,4,-0.8,0.2,3,1,0,2.1115571981829118,2.1876511810698713,0.0017225862792839644,NaN,NaN
B_4f,64,0,0,4,3,444.5,9,5.06,4,-0.8,0.2,3,3,0,2.3192624259166283,2.5091038667037857,0.0054212391565949,NaN,NaN
B_4f,64,0,0,4,3,444.5,9,5.06,4,-0.8,0.2,3,10,0,2.4825812645749763,2.814537157068364,0.01420549466289361,NaN,NaN
B_4f,64,0,0,4,3,444.5,9,5.06,4,-0.8,0.2,3,30,0.1111111111111111,2.515691453197353,2.8729490637876536,0.9335535180716913,NaN,NaN
B_4f,64,0,0,4,3,444.5,9,5.06,4,-0.8,0.2,3,100,0.1111111111111111,2.7093463386425394,2.983076234741912,3.898431648996553,NaN,NaN
B_4f,64,0,0,4,3,444.5,9,5.06,4,-0.8,0.2,3,300,0.1111111111111111,2.735192862031292,3.0098763246880176,3.8581102689135487,NaN,NaN
B_4f,64,0,0,4,3,444.5,9,5.06,4,-0.8,0.2,3,1000,0.1111111111111111,2.735223572391155,3.0198681077760794,3.8277207306045065,NaN,NaN
B_4f,64,0,0,4,3,444.5,9,5.06,4,-0.8,0.2,3,3000,0.1111111111111111,2.712212387353241,3.0143759289113,3.78904177592367,NaN,NaN
B_4f,64,0,0,4,4,508,9,3.88,1.8,-0.8,0.2,1,1,0,1.1624090622919891,1.279825502864631,0.0006114053909920762,NaN,NaN
B_4f,64,0,0,4,4,508,9,3.88,1.8,-0.8,0.2,1,3,0,0.5510009261853072,0.6448974365183915,0.0003546554931163045,NaN,NaN
B_4f,64,0,0,4,4,508,9,3.88,1.8,-0.8,0.2,1,10,0.3333333333333333,0.027527703948878508,0.04017848447476763,0.000025246119248074308,NaN,NaN
B_4f,64,0,0,4,4,508,9,3.88,1.8,-0.8,0.2,1,30,0.3333333333333333,1.0169967874400574e-14,2.5341360099319564e-14,3.365308872928603e-17,NaN,NaN
B_4f,64,0,0,4,4,508,9,3.88,1.8,-0.8,0.2,1,100,0.3333333333333333,1.8750782631836707e-60,9.388172274073626e-60,4.360853453840141e-62,NaN,NaN
B_4f,64,0,0,4,4,508,9,3.88,1.8,-0.8,0.2,1,300,0.3333333333333333,4.0994543432334876e-191,1.79870006301639e-189,4.6788999160747025e-191,NaN,NaN
B_4f,64,0,0,4,4,508,9,3.88,1.8,-0.8,0.2,1,1000,0.3333333333333333,0,0,0,NaN,NaN
B_4f,64,0,0,4,4,508,9,3.88,1.8,-0.8,0.2,1,3000,0.3333333333333333,0,0,0,NaN,NaN
B_4f,64,0,0,4,4,508,9,3.88,1.8,-0.8,0.2,2,1,0,1.1626472619115786,1.2499375084938267,0.0007883180586793737,NaN,NaN
B_4f,64,0,0,4,4,508,9,3.88,1.8,-0.8,0.2,2,3,0,0.5503919887580846,0.620716224619438,0.0005323757833330799,NaN,NaN
B_4f,64,0,0,4,4,508,9,3.88,1.8,-0.8,0.2,2,10,0.4444444444444444,0.027496665462267512,0.03699300705263925,0.000052590880827907855,NaN,NaN
B_4f,64,0,0,4,4,508,9,3.88,1.8,-0.8,0.2,2,30,0.4444444444444444,1.0173136204655828e-14,2.15130932628685e-14,4.360453347274267e-17,NaN,NaN
B_4f,64,0,0,4,4,508,9,3.88,1.8,-0.8,0.2,2,100,0.4444444444444444,1.8758717464727708e-60,7.495572881949934e-60,4.13671098964733e-62,NaN,NaN
B_4f,64,0,0,4,4,508,9,3.88,1.8,-0.8,0.2,2,300,0.4444444444444444,4.077743993029029e-191,1.3535075426069174e-189,2.8327798368600224e-191,NaN,NaN
B_4f,64,0,0,4,4,508,9,3.88,1.8,-0.8,0.2,2,1000,0.4444444444444444,0,0,0,NaN,NaN
B_4f,64,0,0,4,4,508,9,3.88,1.8,-0.8,0.2,2,3000,0.4444444444444444,0,0,0,NaN,NaN
B_4f,64,0,0,4,4,508,9,3.88,1.8,-0.8,0.2,3,1,0,1.1597063800465242,1.260690422257946,0.0015007643318781648,NaN,NaN
B_4f,64,0,0,4,4,508,9,3.88,1.8,-0.8,0.2,3,3,0,0.5499285686386811,0.6304537869911118,0.0009447106790933362,NaN,NaN
B_4f,64,0,0,4,4,508,9,3.88,1.8,-0.8,0.2,3,10,0.7777777777777778,0.02763359963550646,0.03835418286822629,0.00008969004626202925,NaN,NaN
B_4f,64,0,0,4,4,508,9,3.88,1.8,-0.8,0.2,3,30,0.7777777777777778,1.019095264707622e-14,2.2921906657175028e-14,8.40943202239389e-17,NaN,NaN
B_4f,64,0,0,4,4,508,9,3.88,1.8,-0.8,0.2,3,100,0.7777777777777778,1.8484922562177835e-60,8.203281881483983e-60,6.528836048609557e-62,NaN,NaN
B_4f,64,0,0,4,4,508,9,3.88,1.8,-0.8,0.2,3,300,0.7777777777777778,3.804574937683223e-191,1.5263825931712121e-189,5.485535763989742e-191,NaN,NaN
B_4f,64,0,0,4,4,508,9,3.88,1.8,-0.8,0.2,3,1000,0.7777777777777778,0,0,0,NaN,NaN
B_4f,64,0,0,4,4,508,9,3.88,1.8,-0.8,0.2,3,3000,0.7777777777777778,0,0,0,NaN,NaN
B_4f,64,0,0,4,4,508,9,3.88,2.2,-0.8,0.2,1,1,0,1.2956927440094401,1.426572341401269,0.0006815101107304481,NaN,NaN
B_4f,64,0,0,4,4,508,9,3.88,2.2,-0.8,0.2,1,3,0,0.7742314484106078,0.9080249170215521,0.0005232264892336154,NaN,NaN
B_4f,64,0,0,4,4,508,9,3.88,2.2,-0.8,0.2,1,10,0.1111111111111111,0.19694546496501283,0.278378613082034,0.0000852644439098432,NaN,NaN
B_4f,64,0,0,4,4,508,9,3.88,2.2,-0.8,0.2,1,30,0.3333333333333333,5.238843707016555e-9,1.959025582485317e-7,2.1690791654577244e-10,NaN,NaN
B_4f,64,0,0,4,4,508,9,3.88,2.2,-0.8,0.2,1,100,0.3333333333333333,1.1068452047527486e-48,9.610418293715653e-47,3.4894161983408934e-49,NaN,NaN
B_4f,64,0,0,4,4,508,9,3.88,2.2,-0.8,0.2,1,300,0.3333333333333333,5.597810176295775e-162,5.316726049173278e-159,1.3023143338352539e-160,NaN,NaN
B_4f,64,0,0,4,4,508,9,3.88,2.2,-0.8,0.2,1,1000,0.3333333333333333,0,0,0,NaN,NaN
B_4f,64,0,0,4,4,508,9,3.88,2.2,-0.8,0.2,1,3000,0.3333333333333333,0,0,0,NaN,NaN
B_4f,64,0,0,4,4,508,9,3.88,2.2,-0.8,0.2,2,1,0,1.295958255978281,1.393257341806471,0.0008787078677694433,NaN,NaN
B_4f,64,0,0,4,4,508,9,3.88,2.2,-0.8,0.2,2,3,0,0.773446569866364,0.8736011523037631,0.0007604865962094589,NaN,NaN
B_4f,64,0,0,4,4,508,9,3.88,2.2,-0.8,0.2,2,10,0.2222222222222222,0.19680968654789163,0.2577788395240951,0.0002206192687148884,NaN,NaN
B_4f,64,0,0,4,4,508,9,3.88,2.2,-0.8,0.2,2,30,0.4444444444444444,5.29204985496881e-9,1.4468137175158172e-7,1.8737986714856793e-10,NaN,NaN
B_4f,64,0,0,4,4,508,9,3.88,2.2,-0.8,0.2,2,100,0.4444444444444444,1.1177454645758045e-48,7.074525185341347e-47,2.3473180381457957e-49,NaN,NaN
B_4f,64,0,0,4,4,508,9,3.88,2.2,-0.8,0.2,2,300,0.4444444444444444,5.606285426718199e-162,3.892213414016555e-159,7.719473846730483e-161,NaN,NaN
B_4f,64,0,0,4,4,508,9,3.88,2.2,-0.8,0.2,2,1000,0.4444444444444444,0,0,0,NaN,NaN
B_4f,64,0,0,4,4,508,9,3.88,2.2,-0.8,0.2,2,3000,0.4444444444444444,0,0,0,NaN,NaN
B_4f,64,0,0,4,4,508,9,3.88,2.2,-0.8,0.2,3,1,0,1.292680167896255,1.4052432018561665,0.001672844369819836,NaN,NaN
B_4f,64,0,0,4,4,508,9,3.88,2.2,-0.8,0.2,3,3,0,0.7725423194396823,0.8873198844275635,0.0013974991706857222,NaN,NaN
B_4f,64,0,0,4,4,508,9,3.88,2.2,-0.8,0.2,3,10,0.3333333333333333,0.19732236726821006,0.2668156721749539,0.0003272519333533035,NaN,NaN
B_4f,64,0,0,4,4,508,9,3.88,2.2,-0.8,0.2,3,30,0.7777777777777778,5.076545568280106e-9,1.637954814231653e-7,3.900265630350751e-10,NaN,NaN
B_4f,64,0,0,4,4,508,9,3.88,2.2,-0.8,0.2,3,100,0.7777777777777778,9.669670529557227e-49,8.034085297871364e-47,4.650140966864975e-49,NaN,NaN
B_4f,64,0,0,4,4,508,9,3.88,2.2,-0.8,0.2,3,300,0.7777777777777778,3.8762250040885724e-162,4.437586668262909e-159,1.5589611776315623e-160,NaN,NaN
B_4f,64,0,0,4,4,508,9,3.88,2.2,-0.8,0.2,3,1000,0.7777777777777778,0,0,0,NaN,NaN
B_4f,64,0,0,4,4,508,9,3.88,2.2,-0.8,0.2,3,3000,0.7777777777777778,0,0,0,NaN,NaN
B_4f,64,0,0,4,4,508,9,3.88,2.6,-0.8,0.2,1,1,0,1.4289764257268927,1.5733191799379063,0.0007516148304688169,NaN,NaN
B_4f,64,0,0,4,4,508,9,3.88,2.6,-0.8,0.2,1,3,0,1.020333341778946,1.1971404459598234,0.0007241579297934514,NaN,NaN
B_4f,64,0,0,4,4,508,9,3.88,2.6,-0.8,0.2,1,10,0,0.5128856870101609,0.7017764285793527,0.00018183899499787747,NaN,NaN
B_4f,64,0,0,4,4,508,9,3.88,2.6,-0.8,0.2,1,30,0.1111111111111111,0.16167172526321205,0.30032351404497154,0.00009686270993354462,NaN,NaN
B_4f,64,0,0,4,4,508,9,3.88,2.6,-0.8,0.2,1,100,0.3333333333333333,3.4866326689974803e-9,0.00003663868091799337,1.0203909139769341e-7,NaN,NaN
B_4f,64,0,0,4,4,508,9,3.88,2.6,-0.8,0.2,1,300,0.3333333333333333,7.702545261122425e-107,5.189597830654558e-103,7.430353560951224e-105,NaN,NaN
B_4f,64,0,0,4,4,508,9,3.88,2.6,-0.8,0.2,1,1000,0.3333333333333333,0,0,0,NaN,NaN
B_4f,64,0,0,4,4,508,9,3.88,2.6,-0.8,0.2,1,3000,0.3333333333333333,0,0,0,NaN,NaN
B_4f,64,0,0,4,4,508,9,3.88,2.6,-0.8,0.2,2,1,0,1.429269250044985,1.5365771751191164,0.0009690976768595113,NaN,NaN
B_4f,64,0,0,4,4,508,9,3.88,2.6,-0.8,0.2,2,3,0,1.01935707642449,1.1516796903433746,0.0010284105023896132,NaN,NaN
B_4f,64,0,0,4,4,508,9,3.88,2.6,-0.8,0.2,2,10,0,0.512588657477654,0.6538875278261577,0.00046480387011252615,NaN,NaN
B_4f,64,0,0,4,4,508,9,3.88,2.6,-0.8,0.2,2,30,0.2222222222222222,0.16133216650558013,0.26589180968632126,0.00017856673369335082,NaN,NaN
B_4f,64,0,0,4,4,508,9,3.88,2.6,-0.8,0.2,2,100,0.4444444444444444,3.328464540893477e-9,0.000026237348139803704,3.8053436628071546e-8,NaN,NaN
B_4f,64,0,0,4,4,508,9,3.88,2.6,-0.8,0.2,2,300,0.4444444444444444,7.323838907956084e-107,3.7155576693556617e-103,5.817682275717026e-105,NaN,NaN
B_4f,64,0,0,4,4,508,9,3.88,2.6,-0.8,0.2,2,1000,0.4444444444444444,0,0,0,NaN,NaN
B_4f,64,0,0,4,4,508,9,3.88,2.6,-0.8,0.2,2,3000,0.4444444444444444,0,0,0,NaN,NaN
B_4f,64,0,0,4,4,508,9,3.88,2.6,-0.8,0.2,3,1,0,1.4256539557459849,1.549795981454386,0.0018449244077615185,NaN,NaN
B_4f,64,0,0,4,4,508,9,3.88,2.6,-0.8,0.2,3,3,0,1.0179245032022857,1.1696710378094277,0.0019462501460421797,NaN,NaN
B_4f,64,0,0,4,4,508,9,3.88,2.6,-0.8,0.2,3,10,0,0.5127718313230504,0.6743489759028919,0.0006598296718761495,NaN,NaN
B_4f,64,0,0,4,4,508,9,3.88,2.6,-0.8,0.2,3,30,0.3333333333333333,0.16229368194880028,0.2823993480275144,0.00033999773158867086,NaN,NaN
B_4f,64,0,0,4,4,508,9,3.88,2.6,-0.8,0.2,3,100,0.7777777777777778,8.336918084321262e-9,0.00005087128186309706,1.3471796583510115e-7,NaN,NaN
B_4f,64,0,0,4,4,508,9,3.88,2.6,-0.8,0.2,3,300,0.7777777777777778,3.942777431601093e-106,7.187600155669233e-103,2.0239222886635973e-104,NaN,NaN
B_4f,64,0,0,4,4,508,9,3.88,2.6,-0.8,0.2,3,1000,0.7777777777777778,0,0,0,NaN,NaN
B_4f,64,0,0,4,4,508,9,3.88,2.6,-0.8,0.2,3,3000,0.7777777777777778,0,0,0,NaN,NaN
B_4f,64,0,0,4,4,508,9,3.88,3,-0.8,0.2,1,1,0,1.5622601074443443,1.7200660184745438,0.0008217195502071869,0.0009012669367853247,0.0001390567485080973
B_4f,64,0,0,4,4,508,9,3.88,3,-0.8,0.2,1,3,0,1.2848184985185258,1.5066899807380982,0.0009569285852751735,0.0009012669367853247,0.0001390567485080973
B_4f,64,0,0,4,4,508,9,3.88,3,-0.8,0.2,1,10,0,0.9219089888400688,1.2225128822185594,0.00039562440280459146,0.0009012669367853247,0.0001390567485080973
B_4f,64,0,0,4,4,508,9,3.88,3,-0.8,0.2,1,30,0,0.7035194271251415,1.0336359825724963,0.00016189332200457828,0.0009012669367853247,0.0001390567485080973
B_4f,64,0,0,4,4,508,9,3.88,3,-0.8,0.2,1,100,0,0.6086104011731402,1.0259645732695375,0.0004195017085450541,0.0009012669367853247,0.0001390567485080973
B_4f,64,0,0,4,4,508,9,3.88,3,-0.8,0.2,1,300,0,0.6052975855821547,1.0756087080628263,0.0006693390506461215,0.0009012669367853247,0.0001390567485080973
B_4f,64,0,0,4,4,508,9,3.88,3,-0.8,0.2,1,1000,0,0.6036807464013558,1.0768768963427526,0.000664201951237121,0.0009012669367853247,0.0001390567485080973
B_4f,64,0,0,4,4,508,9,3.88,3,-0.8,0.2,1,3000,0,0.6078073272074936,1.0726214588058594,0.0005931703903294117,0.0009012669367853247,0.0001390567485080973
B_4f,64,0,0,4,4,508,9,3.88,3,-0.8,0.2,2,1,0,1.5625802441116872,1.6798970084317597,0.0010594874859495835,-0.00006149670686803044,0.00021916365266563232
B_4f,64,0,0,4,4,508,9,3.88,3,-0.8,0.2,2,3,0,1.2836348826408366,1.4496699991575057,0.0013364506908937024,-0.00006149670686803044,0.00021916365266563232
B_4f,64,0,0,4,4,508,9,3.88,3,-0.8,0.2,2,10,0,0.9214770109708819,1.1463356111115282,0.0008680357044557448,-0.00006149670686803044,0.00021916365266563232
B_4f,64,0,0,4,4,508,9,3.88,3,-0.8,0.2,2,30,0,0.7023868794639806,0.9503653798117655,0.0003253165952688344,-0.00006149670686803044,0.00021916365266563232
B_4f,64,0,0,4,4,508,9,3.88,3,-0.8,0.2,2,100,0,0.6064003469688012,0.918764832760512,0.0003555052954466298,-0.00006149670686803044,0.00021916365266563232
B_4f,64,0,0,4,4,508,9,3.88,3,-0.8,0.2,2,300,0,0.6029828439115776,0.9534442488626476,0.0004603289259902016,-0.00006149670686803044,0.00021916365266563232
B_4f,64,0,0,4,4,508,9,3.88,3,-0.8,0.2,2,1000,0,0.6010684643540426,0.9557512212137713,0.00045188405468548563,-0.00006149670686803044,0.00021916365266563232
B_4f,64,0,0,4,4,508,9,3.88,3,-0.8,0.2,2,3000,0,0.6047763909377916,0.9514825451984543,0.0006172560471633285,-0.00006149670686803044,0.00021916365266563232
B_4f,64,0,0,4,4,508,9,3.88,3,-0.8,0.2,3,1,0,1.5586277435957145,1.6943487610526051,0.002017004445703186,0.0007552071809125954,0.0002308508581953146
B_4f,64,0,0,4,4,508,9,3.88,3,-0.8,0.2,3,3,0,1.2816075995945873,1.4721263911361488,0.0025938654623066004,0.0007552071809125954,0.0002308508581953146
B_4f,64,0,0,4,4,508,9,3.88,3,-0.8,0.2,3,10,0,0.92023494219582,1.1779794847090825,0.0013524739576891574,0.0007552071809125954,0.0002308508581953146
B_4f,64,0,0,4,4,508,9,3.88,3,-0.8,0.2,3,30,0,0.7023511444958711,0.9874198810662028,0.0004774348025031983,0.0007552071809125954,0.0002308508581953146
B_4f,64,0,0,4,4,508,9,3.88,3,-0.8,0.2,3,100,0,0.6076350708664264,0.9669309620928158,0.0006395410447800881,0.0007552071809125954,0.0002308508581953146
B_4f,64,0,0,4,4,508,9,3.88,3,-0.8,0.2,3,300,0,0.6029842693481259,1.0008395869337074,0.0008996253242680731,0.0007552071809125954,0.0002308508581953146
B_4f,64,0,0,4,4,508,9,3.88,3,-0.8,0.2,3,1000,0,0.6004329046713494,1.003905348494078,0.0008623929263835854,0.0007552071809125954,0.0002308508581953146
B_4f,64,0,0,4,4,508,9,3.88,3,-0.8,0.2,3,3000,0,0.6015122070351364,1.011278700504802,0.0009698546105116388,0.0007552071809125954,0.0002308508581953146
B_4f,64,0,0,4,4,508,9,3.88,3.5,-0.8,0.2,1,1,0,1.7288647095911591,1.9034995666453407,0.000909350449880149,0.0006999945777114521,0.00011627505755268596
B_4f,64,0,0,4,4,508,9,3.88,3.5,-0.8,0.2,1,3,0,1.6360348784046335,1.9160299789895359,0.00129200671666564,0.0006999945777114521,0.00011627505755268596
B_4f,64,0,0,4,4,508,9,3.88,3.5,-0.8,0.2,1,10,0,1.4982080995364344,1.9197843596084165,0.0008513287921645689,0.0006999945777114521,0.00011627505755268596
B_4f,64,0,0,4,4,508,9,3.88,3.5,-0.8,0.2,1,30,0,1.4398785692764409,1.8883544791758637,0.0007370657086079938,0.0006999945777114521,0.00011627505755268596
B_4f,64,0,0,4,4,508,9,3.88,3.5,-0.8,0.2,1,100,0,1.439229150998557,1.9469301504847925,0.0014458451470995707,0.0006999945777114521,0.00011627505755268596
B_4f,64,0,0,4,4,508,9,3.88,3.5,-0.8,0.2,1,300,0,1.448550921470603,1.9662940489864749,0.0019061041244440257,0.0006999945777114521,0.00011627505755268596
B_4f,64,0,0,4,4,508,9,3.88,3.5,-0.8,0.2,1,1000,0,1.4532446369822911,1.9671162414759376,0.00191749573973676,0.0006999945777114521,0.00011627505755268596
B_4f,64,0,0,4,4,508,9,3.88,3.5,-0.8,0.2,1,3000,0,1.455220727866606,1.9688264121641685,0.001700502670267128,0.0006999945777114521,0.00011627505755268596
B_4f,64,0,0,4,4,508,9,3.88,3.5,-0.8,0.2,2,1,0,1.729218986695067,1.8590468000725666,0.0011724747473121676,-0.0016427674488159846,0.00015087147323104545
B_4f,64,0,0,4,4,508,9,3.88,3.5,-0.8,0.2,2,3,0,1.6345697053154988,1.844104260840358,0.001778415292499392,-0.0016427674488159846,0.00015087147323104545
B_4f,64,0,0,4,4,508,9,3.88,3.5,-0.8,0.2,2,10,0,1.497507271406704,1.8130212755784645,0.0016591759707741626,-0.0016427674488159846,0.00015087147323104545
B_4f,64,0,0,4,4,508,9,3.88,3.5,-0.8,0.2,2,30,0,1.4393202778879157,1.7753258287900633,0.0013106282072184825,-0.0016427674488159846,0.00015087147323104545
B_4f,64,0,0,4,4,508,9,3.88,3.5,-0.8,0.2,2,100,0,1.4385849973292066,1.818557732117592,0.001472235339724005,-0.0016427674488159846,0.00015087147323104545
B_4f,64,0,0,4,4,508,9,3.88,3.5,-0.8,0.2,2,300,0,1.4479751575582518,1.8362238361014227,0.0017329279596448909,-0.0016427674488159846,0.00015087147323104545
B_4f,64,0,0,4,4,508,9,3.88,3.5,-0.8,0.2,2,1000,0,1.4518227562313057,1.8372068052486967,0.0014679334031068479,-0.0016427674488159846,0.00015087147323104545
B_4f,64,0,0,4,4,508,9,3.88,3.5,-0.8,0.2,2,3000,0,1.4520963661771542,1.8385757322965357,0.0020367808251512526,-0.0016427674488159846,0.00015087147323104545
B_4f,64,0,0,4,4,508,9,3.88,3.5,-0.8,0.2,3,1,0,1.7248449784078776,1.875039735550381,0.0022321044931302866,0.0010788479499391382,0.00015821194771211712
B_4f,64,0,0,4,4,508,9,3.88,3.5,-0.8,0.2,3,3,0,1.6317311261901282,1.872312019124067,0.0035469488137420103,0.0010788479499391382,0.00015821194771211712
B_4f,64,0,0,4,4,508,9,3.88,3.5,-0.8,0.2,3,10,0,1.493975293320835,1.8564603959327157,0.003122478911010498,0.0010788479499391382,0.00015821194771211712
B_4f,64,0,0,4,4,508,9,3.88,3.5,-0.8,0.2,3,30,0,1.434248044986733,1.8213338204962086,0.002292000341131612,0.0010788479499391382,0.00015821194771211712
B_4f,64,0,0,4,4,508,9,3.88,3.5,-0.8,0.2,3,100,0,1.4363900586479985,1.8724413292307227,0.002494287753139977,0.0010788479499391382,0.00015821194771211712
B_4f,64,0,0,4,4,508,9,3.88,3.5,-0.8,0.2,3,300,0,1.4545422993705512,1.895009930244542,0.0036874764779554607,0.0010788479499391382,0.00015821194771211712
B_4f,64,0,0,4,4,508,9,3.88,3.5,-0.8,0.2,3,1000,0,1.448947034051112,1.8919171443122387,0.0038507666156980154,0.0010788479499391382,0.00015821194771211712
B_4f,64,0,0,4,4,508,9,3.88,3.5,-0.8,0.2,3,3000,0,1.440712736003906,1.8911604520981207,0.003681544852583502,0.0010788479499391382,0.00015821194771211712
B_4f,64,0,0,4,4,508,9,3.88,4,-0.8,0.2,1,1,0,1.8954693117379722,2.0869331148161376,0.000996981349553113,NaN,NaN
B_4f,64,0,0,4,4,508,9,3.88,4,-0.8,0.2,1,3,0,2.0054057194335404,2.3446709877949616,0.0016755787937888637,NaN,NaN
B_4f,64,0,0,4,4,508,9,3.88,4,-0.8,0.2,1,10,0,2.106251603792955,2.630316146185955,0.0015714683603401149,NaN,NaN
B_4f,64,0,0,4,4,508,9,3.88,4,-0.8,0.2,1,30,0,2.1128306307453397,2.6461466795678206,0.001595944903245799,NaN,NaN
B_4f,64,0,0,4,4,508,9,3.88,4,-0.8,0.2,1,100,0,2.127411669804474,2.711525898532857,0.0030319727945398913,NaN,NaN
B_4f,64,0,0,4,4,508,9,3.88,4,-0.8,0.2,1,300,0.1111111111111111,2.146781998338867,2.760692354388883,3.676109471031577,NaN,NaN
B_4f,64,0,0,4,4,508,9,3.88,4,-0.8,0.2,1,1000,0.1111111111111111,2.1447317398348225,2.7614102349313026,3.745254377166653,NaN,NaN
B_4f,64,0,0,4,4,508,9,3.88,4,-0.8,0.2,1,3000,0.1111111111111111,2.142466924253596,2.758790517275866,3.7390275303551803,NaN,NaN
B_4f,64,0,0,4,4,508,9,3.88,4,-0.8,0.2,2,1,0,1.8958577292784442,2.038196591713371,0.0012854620086747584,NaN,NaN
B_4f,64,0,0,4,4,508,9,3.88,4,-0.8,0.2,2,3,0,2.0036347511635855,2.2575466265827107,0.002284329522892485,NaN,NaN
B_4f,64,0,0,4,4,508,9,3.88,4,-0.8,0.2,2,10,0,2.1051622579664375,2.4976135976818146,0.002932855082302765,NaN,NaN
B_4f,64,0,0,4,4,508,9,3.88,4,-0.8,0.2,2,30,0,2.1121426855413272,2.5116435040924254,0.002817530532007758,NaN,NaN
B_4f,64,0,0,4,4,508,9,3.88,4,-0.8,0.2,2,100,0,2.126781696993279,2.5639295438519603,0.003584475591120329,NaN,NaN
B_4f,64,0,0,4,4,508,9,3.88,4,-0.8,0.2,2,300,0,2.141415165455768,2.592054492963959,0.004424566078605371,NaN,NaN
B_4f,64,0,0,4,4,508,9,3.88,4,-0.8,0.2,2,1000,0,2.141448512322826,2.591593375548209,0.004407569464751943,NaN,NaN
B_4f,64,0,0,4,4,508,9,3.88,4,-0.8,0.2,2,3000,0.1111111111111111,2.1270118488155942,2.5921203070804903,3.6682933200118506,NaN,NaN
B_4f,64,0,0,4,4,508,9,3.88,4,-0.8,0.2,3,1,0,1.891062213220039,2.0557307100481554,0.002447204540557377,NaN,NaN
B_4f,64,0,0,4,4,508,9,3.88,4,-0.8,0.2,3,3,0,1.9999321421588587,2.291617174601019,0.004665380107899183,NaN,NaN
B_4f,64,0,0,4,4,508,9,3.88,4,-0.8,0.2,3,10,0,2.099745364761109,2.5512354063406835,0.00745673057785595,NaN,NaN
B_4f,64,0,0,4,4,508,9,3.88,4,-0.8,0.2,3,30,0,2.1067640737501745,2.5670680136883606,0.03595792796307837,NaN,NaN
B_4f,64,0,0,4,4,508,9,3.88,4,-0.8,0.2,3,100,0.1111111111111111,2.130427083024475,2.6396194720617747,3.6461738247971067,NaN,NaN
B_4f,64,0,0,4,4,508,9,3.88,4,-0.8,0.2,3,300,0.1111111111111111,2.146280143632631,2.6732304352604594,3.7531597860484918,NaN,NaN
B_4f,64,0,0,4,4,508,9,3.88,4,-0.8,0.2,3,1000,0.1111111111111111,2.1454220654504663,2.6731645688402503,3.7527630198829756,NaN,NaN
B_4f,64,0,0,4,4,508,9,3.88,4,-0.8,0.2,3,3000,0.1111111111111111,2.127345999301804,2.6599304333927125,3.772480905097232,NaN,NaN
