arch,n,noise,Ld,cellPx,gapPx,pitch_um,cells,bits_per_mm2,G0,s,Ia,seed,t,ber,on_min,on_mean,off_max,lyapunov_at_end,intensity_residual
B_4f,64,0,0,3,2,317.5,16,9.92,2.2,-0.6,0.05,1,1,0,1.407764241018503,1.5179502006582468,0.003282024350566472,-0.0008965188738557522,0.0007582305440748445
B_4f,64,0,0,3,2,317.5,16,9.92,2.2,-0.6,0.05,1,3,0,0.9486190381437358,1.122117345450804,0.004928717009480893,-0.0008965188738557522,0.0007582305440748445
B_4f,64,0,0,3,2,317.5,16,9.92,2.2,-0.6,0.05,1,10,0,0.47201280741110274,0.6506869569037413,0.005410758849329065,-0.0008965188738557522,0.0007582305440748445
B_4f,64,0,0,3,2,317.5,16,9.92,2.2,-0.6,0.05,1,30,0,0.31804104565039454,0.4932327667340401,0.0029468382529356458,-0.0008965188738557522,0.0007582305440748445
B_4f,64,0,0,3,2,317.5,16,9.92,2.2,-0.6,0.05,1,100,0,0.3030400941930574,0.47274731333433906,0.0034586625330878477,-0.0008965188738557522,0.0007582305440748445
B_4f,64,0,0,3,2,317.5,16,9.92,2.2,-0.6,0.05,1,300,0,0.3195998707575194,0.5096935549355117,0.003773533878647183,-0.0008965188738557522,0.0007582305440748445
B_4f,64,0,0,3,2,317.5,16,9.92,2.2,-0.6,0.05,1,1000,0,0.29510069964111263,0.4926407904572161,0.003671056293997606,-0.0008965188738557522,0.0007582305440748445
B_4f,64,0,0,3,2,317.5,16,9.92,2.2,-0.6,0.05,1,3000,0,0.3052791724812021,0.49986012430529797,0.0027390738339891623,-0.0008965188738557522,0.0007582305440748445
B_4f,64,0,0,3,2,317.5,16,9.92,2.2,-0.6,0.05,2,1,0,1.4128699984949387,1.5205237292258902,0.0020939749695032006,0.00003919755085840374,0.0006499614579570241
B_4f,64,0,0,3,2,317.5,16,9.92,2.2,-0.6,0.05,2,3,0,0.9618835076988991,1.1283723772092586,0.00326339550714642,0.00003919755085840374,0.0006499614579570241
B_4f,64,0,0,3,2,317.5,16,9.92,2.2,-0.6,0.05,2,10,0,0.48338705116621916,0.6603222809987456,0.0036476318721175927,0.00003919755085840374,0.0006499614579570241
B_4f,64,0,0,3,2,317.5,16,9.92,2.2,-0.6,0.05,2,30,0,0.3230158256356716,0.5037454591334865,0.002070108808729402,0.00003919755085840374,0.0006499614579570241
B_4f,64,0,0,3,2,317.5,16,9.92,2.2,-0.6,0.05,2,100,0,0.30173082559794967,0.48873025885794263,0.002190510122162286,0.00003919755085840374,0.0006499614579570241
B_4f,64,0,0,3,2,317.5,16,9.92,2.2,-0.6,0.05,2,300,0,0.3061701682860679,0.5100482525815884,0.0019881204219920207,0.00003919755085840374,0.0006499614579570241
B_4f,64,0,0,3,2,317.5,16,9.92,2.2,-0.6,0.05,2,1000,0,0.2977006510119018,0.49730457851276466,0.002508709256788829,0.00003919755085840374,0.0006499614579570241
B_4f,64,0,0,3,2,317.5,16,9.92,2.2,-0.6,0.05,2,3000,0,0.29841881688548993,0.5128254011161882,0.0019426058822244613,0.00003919755085840374,0.0006499614579570241
B_4f,64,0,0,3,2,317.5,16,9.92,2.2,-0.6,0.05,3,1,0,1.407344069062797,1.5425474005068252,0.003038622566716275,0.0007726468025710486,0.0005950536365031092
B_4f,64,0,0,3,2,317.5,16,9.92,2.2,-0.6,0.05,3,3,0,0.9478308875232203,1.1606051253394918,0.0032401589642991942,0.0007726468025710486,0.0005950536365031092
B_4f,64,0,0,3,2,317.5,16,9.92,2.2,-0.6,0.05,3,10,0,0.4715131160928837,0.6938897894147484,0.003150096976762728,0.0007726468025710486,0.0005950536365031092
B_4f,64,0,0,3,2,317.5,16,9.92,2.2,-0.6,0.05,3,30,0,0.3176497648342812,0.5392065957840029,0.0022597204589952596,0.0007726468025710486,0.0005950536365031092
B_4f,64,0,0,3,2,317.5,16,9.92,2.2,-0.6,0.05,3,100,0,0.30611073330721694,0.5215336750215228,0.0031751458021778826,0.0007726468025710486,0.0005950536365031092
B_4f,64,0,0,3,2,317.5,16,9.92,2.2,-0.6,0.05,3,300,0,0.3246464264911915,0.5516454922086164,0.00296044549923405,0.0007726468025710486,0.0005950536365031092
B_4f,64,0,0,3,2,317.5,16,9.92,2.2,-0.6,0.05,3,1000,0,0.3019390187605,0.5347552067415222,0.002401727482178443,0.0007726468025710486,0.0005950536365031092
B_4f,64,0,0,3,2,317.5,16,9.92,2.2,-0.6,0.05,3,3000,0,0.29839884825633206,0.5529910154347151,0.001905719967202309,0.0007726468025710486,0.0005950536365031092
B_4f,64,0,0,3,2,317.5,16,9.92,2.2,-0.9,0.3,1,1,0,1.2786620590099695,1.3787431677082638,0.002981038935027923,NaN,NaN
B_4f,64,0,0,3,2,317.5,16,9.92,2.2,-0.9,0.3,1,3,0,0.6644321574932638,0.8018006066489396,0.0016501321952160084,NaN,NaN
B_4f,64,0,0,3,2,317.5,16,9.92,2.2,-0.9,0.3,1,10,0.5625,0.02775039749789775,0.07427900541537422,0.00017842300582715642,NaN,NaN
B_4f,64,0,0,3,2,317.5,16,9.92,2.2,-0.9,0.3,1,30,0.5625,3.946520659725223e-19,1.2584689277602733e-17,4.199684160445695e-19,NaN,NaN
B_4f,64,0,0,3,2,317.5,16,9.92,2.2,-0.9,0.3,1,100,0.5625,2.8543485097000017e-80,4.848959152288635e-78,5.657161034554267e-79,NaN,NaN
B_4f,64,0,0,3,2,317.5,16,9.92,2.2,-0.9,0.3,1,300,0.5625,7.67063669989994e-254,1.3743458604200115e-250,4.909594133637967e-251,NaN,NaN
B_4f,64,0,0,3,2,317.5,16,9.92,2.2,-0.9,0.3,1,1000,0.5625,0,0,0,NaN,NaN
B_4f,64,0,0,3,2,317.5,16,9.92,2.2,-0.9,0.3,1,3000,0.5625,0,0,0,NaN,NaN
B_4f,64,0,0,3,2,317.5,16,9.92,2.2,-0.9,0.3,2,1,0,1.2832995815278756,1.3810806850576487,0.001901942291191574,NaN,NaN
B_4f,64,0,0,3,2,317.5,16,9.92,2.2,-0.9,0.3,2,3,0,0.6745113844455219,0.8066209355347427,0.0012482625264758575,NaN,NaN
B_4f,64,0,0,3,2,317.5,16,9.92,2.2,-0.9,0.3,2,10,0.5,0.028652530473300623,0.07284978276938386,0.00013219752563127285,NaN,NaN
B_4f,64,0,0,3,2,317.5,16,9.92,2.2,-0.9,0.3,2,30,0.5,3.917869305795749e-19,1.0749900603526614e-17,2.213138955293995e-19,NaN,NaN
B_4f,64,0,0,3,2,317.5,16,9.92,2.2,-0.9,0.3,2,100,0.5,2.466910726679348e-80,4.1635753181721905e-78,2.587002810838785e-79,NaN,NaN
B_4f,64,0,0,3,2,317.5,16,9.92,2.2,-0.9,0.3,2,300,0.5,2.4452963478508724e-254,1.2045262152405623e-250,1.808786616533655e-251,NaN,NaN
B_4f,64,0,0,3,2,317.5,16,9.92,2.2,-0.9,0.3,2,1000,0.5,0,0,0,NaN,NaN
B_4f,64,0,0,3,2,317.5,16,9.92,2.2,-0.9,0.3,2,3000,0.5,0,0,0,NaN,NaN
B_4f,64,0,0,3,2,317.5,16,9.92,2.2,-0.9,0.3,3,1,0,1.278280419867302,1.4010846260915994,0.0027599588585234696,NaN,NaN
B_4f,64,0,0,3,2,317.5,16,9.92,2.2,-0.9,0.3,3,3,0,0.6638573697132264,0.8323662919269207,0.0008783703571843323,NaN,NaN
B_4f,64,0,0,3,2,317.5,16,9.92,2.2,-0.9,0.3,3,10,0.625,0.02790572784813108,0.0846081439247763,0.00014782059330992414,NaN,NaN
B_4f,64,0,0,3,2,317.5,16,9.92,2.2,-0.9,0.3,3,30,0.625,4.821103139363508e-19,1.5561279758566634e-17,3.569607847971857e-19,NaN,NaN
B_4f,64,0,0,3,2,317.5,16,9.92,2.2,-0.9,0.3,3,100,0.625,4.3610603973707956e-80,6.243602686103581e-78,5.0492456589945156e-79,NaN,NaN
B_4f,64,0,0,3,2,317.5,16,9.92,2.2,-0.9,0.3,3,300,0.625,4.883293821988301e-254,1.9582734804998795e-250,4.4594249436425335e-251,NaN,NaN
B_4f,64,0,0,3,2,317.5,16,9.92,2.2,-0.9,0.3,3,1000,0.625,0,0,0,NaN,NaN
B_4f,64,0,0,3,2,317.5,16,9.92,2.2,-0.9,0.3,3,3000,0.625,0,0,0,NaN,NaN
B_4f,64,0,0,3,2,317.5,16,9.92,2.6,-0.6,0.05,1,1,0,1.5484147475381365,1.6696094475501093,0.00360993322469937,NaN,NaN
B_4f,64,0,0,3,2,317.5,16,9.92,2.6,-0.6,0.05,1,3,0,1.2143433146532359,1.4327009043560037,0.007074236147799401,NaN,NaN
B_4f,64,0,0,3,2,317.5,16,9.92,2.6,-0.6,0.05,1,10,0,0.8346134342874046,1.1108133497462969,0.024061567294858238,NaN,NaN
B_4f,64,0,0,3,2,317.5,16,9.92,2.6,-0.6,0.05,1,30,0.0625,0.7695700851811308,1.0756866593126793,0.3106776690895383,NaN,NaN
B_4f,64,0,0,3,2,317.5,16,9.92,2.6,-0.6,0.05,1,100,0.125,0.7827289216192443,1.1276742170554057,1.5757983367634742,NaN,NaN
B_4f,64,0,0,3,2,317.5,16,9.92,2.6,-0.6,0.05,1,300,0.3125,0.8270445680982452,1.1465036512380962,1.6029227020961576,NaN,NaN
B_4f,64,0,0,3,2,317.5,16,9.92,2.6,-0.6,0.05,1,1000,0.3125,0.8032681409636202,1.1482541260224373,1.5414999784087033,NaN,NaN
B_4f,64,0,0,3,2,317.5,16,9.92,2.6,-0.6,0.05,1,3000,0.3125,0.8256093877522444,1.15355861223415,1.4953587527979515,NaN,NaN
B_4f,64,0,0,3,2,317.5,16,9.92,2.6,-0.6,0.05,2,1,0,1.554030624077341,1.6724400987850545,0.0023031851706992335,NaN,NaN
B_4f,64,0,0,3,2,317.5,16,9.92,2.6,-0.6,0.05,2,3,0,1.2305563300474887,1.4402048179823905,0.004572649110095207,NaN,NaN
B_4f,64,0,0,3,2,317.5,16,9.92,2.6,-0.6,0.05,2,10,0,0.8537705900404886,1.1264905505603988,0.013597408607453794,NaN,NaN
B_4f,64,0,0,3,2,317.5,16,9.92,2.6,-0.6,0.05,2,30,0,0.7921228476981071,1.089496656165789,0.14388699569801805,NaN,NaN
B_4f,64,0,0,3,2,317.5,16,9.92,2.6,-0.6,0.05,2,100,0.125,0.7967181404076006,1.138785612147682,1.502521330984106,NaN,NaN
B_4f,64,0,0,3,2,317.5,16,9.92,2.6,-0.6,0.05,2,300,0.375,0.7950643964924128,1.13924251747448,1.6058429440844153,NaN,NaN
B_4f,64,0,0,3,2,317.5,16,9.92,2.6,-0.6,0.05,2,1000,0.375,0.8038618034758611,1.1567189502282558,1.576288656707736,NaN,NaN
B_4f,64,0,0,3,2,317.5,16,9.92,2.6,-0.6,0.05,2,3000,0.375,0.7935021166220027,1.156068083071358,1.5653966377605628,NaN,NaN
B_4f,64,0,0,3,2,317.5,16,9.92,2.6,-0.6,0.05,3,1,0,1.5479525959691731,1.696664167285089,0.0033422130335556796,NaN,NaN
B_4f,64,0,0,3,2,317.5,16,9.92,2.6,-0.6,0.05,3,3,0,1.2133769989941667,1.4809389322931508,0.004774126439608046,NaN,NaN
B_4f,64,0,0,3,2,317.5,16,9.92,2.6,-0.6,0.05,3,10,0,0.833658080146987,1.1768695082187672,0.011196560256089942,NaN,NaN
B_4f,64,0,0,3,2,317.5,16,9.92,2.6,-0.6,0.05,3,30,0,0.767047993126765,1.1416002602197362,0.05598339940569904,NaN,NaN
B_4f,64,0,0,3,2,317.5,16,9.92,2.6,-0.6,0.05,3,100,0.0625,0.7816986814384146,1.202707968449332,1.5781230902033399,NaN,NaN
B_4f,64,0,0,3,2,317.5,16,9.92,2.6,-0.6,0.05,3,300,0.1875,0.8282117031106453,1.2147646314829186,1.581026854236114,NaN,NaN
B_4f,64,0,0,3,2,317.5,16,9.92,2.6,-0.6,0.05,3,1000,0.1875,0.8137105459462391,1.2113166650659994,1.5012406470638655,NaN,NaN
B_4f,64,0,0,3,2,317.5,16,9.92,2.6,-0.6,0.05,3,3000,0.1875,0.8011934805679242,1.1944573943483472,1.519073339816794,NaN,NaN
B_4f,64,0,0,3,2,317.5,16,9.92,2.6,-0.9,0.3,1,1,0,1.413231050935172,1.5238448987676145,0.003294769526742732,NaN,NaN
B_4f,64,0,0,3,2,317.5,16,9.92,2.6,-0.9,0.3,1,3,0,0.9011174196561645,1.0837456964538768,0.0023699737746885603,NaN,NaN
B_4f,64,0,0,3,2,317.5,16,9.92,2.6,-0.9,0.3,1,10,0.125,0.23264318363968325,0.4048395766420578,0.0008749327788716667,NaN,NaN
B_4f,64,0,0,3,2,317.5,16,9.92,2.6,-0.9,0.3,1,30,0.5625,1.6124700171233334e-11,8.559713922781493e-8,4.936179538372502e-10,NaN,NaN
B_4f,64,0,0,3,2,317.5,16,9.92,2.6,-0.9,0.3,1,100,0.5625,4.229907503332298e-67,4.5827162817787806e-63,1.2168276718863592e-64,NaN,NaN
B_4f,64,0,0,3,2,317.5,16,9.92,2.6,-0.9,0.3,1,300,0.5625,1.8705693753617967e-225,5.545818328581605e-221,8.522382061374669e-222,NaN,NaN
B_4f,64,0,0,3,2,317.5,16,9.92,2.6,-0.9,0.3,1,1000,0.5625,0,0,0,NaN,NaN
B_4f,64,0,0,3,2,317.5,16,9.92,2.6,-0.9,0.3,1,3000,0.5625,0,0,0,NaN,NaN
B_4f,64,0,0,3,2,317.5,16,9.92,2.6,-0.9,0.3,2,1,0,1.4183566357412056,1.5264284211901122,0.0021021065605714966,NaN,NaN
B_4f,64,0,0,3,2,317.5,16,9.92,2.6,-0.9,0.3,2,3,0,0.913719011940933,1.0896703306157034,0.0017332505980055994,NaN,NaN
B_4f,64,0,0,3,2,317.5,16,9.92,2.6,-0.9,0.3,2,10,0.125,0.23920532952904683,0.40982391824783243,0.0006196140717477123,NaN,NaN
B_4f,64,0,0,3,2,317.5,16,9.92,2.6,-0.9,0.3,2,30,0.5,1.2178083986201245e-11,5.46145643669938e-8,3.410199720352411e-10,NaN,NaN
B_4f,64,0,0,3,2,317.5,16,9.92,2.6,-0.9,0.3,2,100,0.5,2.0544527239641486e-67,2.995307085009035e-63,2.474256003650879e-65,NaN,NaN
B_4f,64,0,0,3,2,317.5,16,9.92,2.6,-0.9,0.3,2,300,0.5,1.6642910861384867e-225,3.8779084073171784e-221,1.5664029622109826e-222,NaN,NaN
B_4f,64,0,0,3,2,317.5,16,9.92,2.6,-0.9,0.3,2,1000,0.5,0,0,0,NaN,NaN
B_4f,64,0,0,3,2,317.5,16,9.92,2.6,-0.9,0.3,2,3000,0.5,0,0,0,NaN,NaN
B_4f,64,0,0,3,2,317.5,16,9.92,2.6,-0.9,0.3,3,1,0,1.4128092473140574,1.5485376176044836,0.003050422533995393,NaN,NaN
B_4f,64,0,0,3,2,317.5,16,9.92,2.6,-0.9,0.3,3,3,0,0.9003952648350041,1.124175137510003,0.0013382896145107271,NaN,NaN
B_4f,64,0,0,3,2,317.5,16,9.92,2.6,-0.9,0.3,3,10,0.0625,0.23263814795101057,0.4469652867736543,0.0006606966577018089,NaN,NaN
B_4f,64,0,0,3,2,317.5,16,9.92,2.6,-0.9,0.3,3,30,0.625,2.1294764695424584e-9,5.301314667485693e-7,3.3177257681028735e-9,NaN,NaN
B_4f,64,0,0,3,2,317.5,16,9.92,2.6,-0.9,0.3,3,100,0.625,6.506396925040979e-65,2.3377981539260963e-62,2.524713321790533e-64,NaN,NaN
B_4f,64,0,0,3,2,317.5,16,9.92,2.6,-0.9,0.3,3,300,0.625,1.681293712997129e-223,3.0696852699182155e-220,1.2274803119497675e-221,NaN,NaN
B_4f,64,0,0,3,2,317.5,16,9.92,2.6,-0.9,0.3,3,1000,0.625,0,0,0,NaN,NaN
B_4f,64,0,0,3,2,317.5,16,9.92,2.6,-0.9,0.3,3,3000,0.625,0,0,0,NaN,NaN
B_4f,64,0,0,3,2,317.5,16,9.92,3,-0.6,0.05,1,1,0,1.6890652540577706,1.8212686944419734,0.0039378420988322805,NaN,NaN
B_4f,64,0,0,3,2,317.5,16,9.92,3,-0.6,0.05,1,3,0,1.49619069164281,1.7607893820967366,0.009700413476283448,NaN,NaN
B_4f,64,0,0,3,2,317.5,16,9.92,3,-0.6,0.05,1,10,0,1.2415214263740113,1.6138337690513456,0.09504692115878399,NaN,NaN
B_4f,64,0,0,3,2,317.5,16,9.92,3,-0.6,0.05,1,30,0.1875,1.229739001288995,1.6628386047270176,1.3219461168414672,NaN,NaN
B_4f,64,0,0,3,2,317.5,16,9.92,3,-0.6,0.05,1,100,0.375,1.25386508693926,1.7310946350074214,2.3236927529166014,NaN,NaN
B_4f,64,0,0,3,2,317.5,16,9.92,3,-0.6,0.05,1,300,0.375,1.3135578453620633,1.7538155622055136,2.3502904606249304,NaN,NaN
B_4f,64,0,0,3,2,317.5,16,9.92,3,-0.6,0.05,1,1000,0.4375,1.280947796454897,1.739494891003606,2.327750661629812,NaN,NaN
B_4f,64,0,0,3,2,317.5,16,9.92,3,-0.6,0.05,1,3000,0.4375,1.2882933193787158,1.744439164593643,2.2693877888929457,NaN,NaN
B_4f,64,0,0,3,2,317.5,16,9.92,3,-0.6,0.05,2,1,0,1.695191249659743,1.8243564683442188,0.0025123953718952695,NaN,NaN
B_4f,64,0,0,3,2,317.5,16,9.92,3,-0.6,0.05,2,3,0,1.515457287747291,1.7695611622911156,0.006147066148675228,NaN,NaN
B_4f,64,0,0,3,2,317.5,16,9.92,3,-0.6,0.05,2,10,0,1.2701845215816623,1.6351555721554227,0.0483219353778694,NaN,NaN
B_4f,64,0,0,3,2,317.5,16,9.92,3,-0.6,0.05,2,30,0.25,1.278796999371773,1.6944609155311106,1.18675380092321,NaN,NaN
B_4f,64,0,0,3,2,317.5,16,9.92,3,-0.6,0.05,2,100,0.4375,1.2857553922011673,1.7575137454746514,2.2760417275053872,NaN,NaN
B_4f,64,0,0,3,2,317.5,16,9.92,3,-0.6,0.05,2,300,0.5,1.2850988623865378,1.7557989634522269,2.3236299767425797,NaN,NaN
B_4f,64,0,0,3,2,317.5,16,9.92,3,-0.6,0.05,2,1000,0.5,1.2811377695100843,1.7505247244011817,2.2845941071871945,NaN,NaN
B_4f,64,0,0,3,2,317.5,16,9.92,3,-0.6,0.05,2,3000,0.5,1.2981005886552566,1.7351795114582218,2.1925929034970633,NaN,NaN
B_4f,64,0,0,3,2,317.5,16,9.92,3,-0.6,0.05,3,1,0,1.6885611228755493,1.8507809340633539,0.0036458035003950895,NaN,NaN
B_4f,64,0,0,3,2,317.5,16,9.92,3,-0.6,0.05,3,3,0,1.4950396902804752,1.8190472667589717,0.006679950718255295,NaN,NaN
B_4f,64,0,0,3,2,317.5,16,9.92,3,-0.6,0.05,3,10,0,1.2399966694997753,1.701122098620409,0.04212858109469478,NaN,NaN
B_4f,64,0,0,3,2,317.5,16,9.92,3,-0.6,0.05,3,30,0.1875,1.2271219926452233,1.75453969441514,1.3365175205611755,NaN,NaN
B_4f,64,0,0,3,2,317.5,16,9.92,3,-0.6,0.05,3,100,0.375,1.2481921971319616,1.8422842269801598,2.2828674551027723,NaN,NaN
B_4f,64,0,0,3,2,317.5,16,9.92,3,-0.6,0.05,3,300,0.375,1.2995220678019812,1.8450319021585109,2.352404120241279,NaN,NaN
B_4f,64,0,0,3,2,317.5,16,9.92,3,-0.6,0.05,3,1000,0.375,1.3084105838044917,1.8390978116227525,2.235113332642157,NaN,NaN
B_4f,64,0,0,3,2,317.5,16,9.92,3,-0.6,0.05,3,3000,0.375,1.2734106028801047,1.8443687839120355,2.25473126716861,NaN,NaN
B_4f,64,0,0,3,2,317.5,16,9.92,3,-0.9,0.3,1,1,0,1.5478000428603729,1.6689466298269644,0.003608500118457559,NaN,NaN
B_4f,64,0,0,3,2,317.5,16,9.92,3,-0.9,0.3,1,3,0,1.1598501707382634,1.3898102480817682,0.003239194913192377,NaN,NaN
B_4f,64,0,0,3,2,317.5,16,9.92,3,-0.9,0.3,1,10,0,0.5924911777416517,0.8877340206660861,0.0017838610035024313,NaN,NaN
B_4f,64,0,0,3,2,317.5,16,9.92,3,-0.9,0.3,1,30,0.125,0.10721291628582433,0.4736778780879919,0.001384896967304559,NaN,NaN
B_4f,64,0,0,3,2,317.5,16,9.92,3,-0.9,0.3,1,100,0.5625,0.0000018261456785912087,0.04411164961242733,0.0000392557874620187,NaN,NaN
B_4f,64,0,0,3,2,317.5,16,9.92,3,-0.9,0.3,1,300,0.5625,6.014292397311182e-121,5.190388807025509e-117,3.303795313182805e-118,NaN,NaN
B_4f,64,0,0,3,2,317.5,16,9.92,3,-0.9,0.3,1,1000,0.5625,0,0,0,NaN,NaN
B_4f,64,0,0,3,2,317.5,16,9.92,3,-0.9,0.3,1,3000,0.5625,0,0,0,NaN,NaN
B_4f,64,0,0,3,2,317.5,16,9.92,3,-0.9,0.3,2,1,0,1.5534136899545374,1.6717761573225767,0.0023022708299514226,NaN,NaN
B_4f,64,0,0,3,2,317.5,16,9.92,3,-0.9,0.3,2,3,0,1.175035746590788,1.3968438525397555,0.0023007046956835375,NaN,NaN
B_4f,64,0,0,3,2,317.5,16,9.92,3,-0.9,0.3,2,10,0,0.6056300230119276,0.9037001311170612,0.0012872649974416909,NaN,NaN
B_4f,64,0,0,3,2,317.5,16,9.92,3,-0.9,0.3,2,30,0.125,0.08839102530554503,0.48259470199775484,0.000885700138592331,NaN,NaN
B_4f,64,0,0,3,2,317.5,16,9.92,3,-0.9,0.3,2,100,0.5,0.0000021856197631531957,0.04708253488145744,0.00004058488876469335,NaN,NaN
B_4f,64,0,0,3,2,317.5,16,9.92,3,-0.9,0.3,2,300,0.5,8.823917921741212e-120,1.2702128533734599e-114,6.943360191269153e-116,NaN,NaN
B_4f,64,0,0,3,2,317.5,16,9.92,3,-0.9,0.3,2,1000,0.5,0,0,0,NaN,NaN
B_4f,64,0,0,3,2,317.5,16,9.92,3,-0.9,0.3,2,3000,0.5,0,0,0,NaN,NaN
B_4f,64,0,0,3,2,317.5,16,9.92,3,-0.9,0.3,3,1,0,1.5473380747608139,1.6959906091173682,0.0033408862094673076,NaN,NaN
B_4f,64,0,0,3,2,317.5,16,9.92,3,-0.9,0.3,3,3,0,1.1589755124685186,1.4405131032432643,0.0019157770513123105,NaN,NaN
B_4f,64,0,0,3,2,317.5,16,9.92,3,-0.9,0.3,3,10,0,0.592038390241014,0.9619844162187302,0.001316463797230282,NaN,NaN
B_4f,64,0,0,3,2,317.5,16,9.92,3,-0.9,0.3,3,30,0.0625,0.11496963934346306,0.5705742648398018,0.001222128526030037,NaN,NaN
B_4f,64,0,0,3,2,317.5,16,9.92,3,-0.9,0.3,3,100,0.4375,0.000003893775629796514,0.11192848369323394,0.00006155237658346954,NaN,NaN
B_4f,64,0,0,3,2,317.5,16,9.92,3,-0.9,0.3,3,300,0.625,5.528591784977146e-105,4.9281409956572564e-101,5.880485269218559e-104,NaN,NaN
B_4f,64,0,0,3,2,317.5,16,9.92,3,-0.9,0.3,3,1000,0.625,0,0,0,NaN,NaN
B_4f,64,0,0,3,2,317.5,16,9.92,3,-0.9,0.3,3,3000,0.625,0,0,0,NaN,NaN
B_4f,64,0,0,3,2,317.5,16,9.92,3.5,-0.6,0.05,1,1,0,1.8648783872073125,2.0108427530568016,0.004347728191498435,NaN,NaN
B_4f,64,0,0,3,2,317.5,16,9.92,3.5,-0.6,0.05,1,3,0,1.8667118021865994,2.190355423806355,0.013710487846199292,NaN,NaN
B_4f,64,0,0,3,2,317.5,16,9.92,3.5,-0.6,0.05,1,10,0.0625,1.7863907334983782,2.274228027635548,0.32151311404793115,NaN,NaN
B_4f,64,0,0,3,2,317.5,16,9.92,3.5,-0.6,0.05,1,30,0.3125,1.804772750881445,2.392373652608582,2.452978179834494,NaN,NaN
B_4f,64,0,0,3,2,317.5,16,9.92,3.5,-0.6,0.05,1,100,0.4375,1.8422316564461194,2.4847750532633373,3.241836866600691,NaN,NaN
B_4f,64,0,0,3,2,317.5,16,9.92,3.5,-0.6,0.05,1,300,0.4375,1.9202538176751414,2.522295410918206,3.2498712601426627,NaN,NaN
B_4f,64,0,0,3,2,317.5,16,9.92,3.5,-0.6,0.05,1,1000,0.4375,1.8581168534379455,2.4858803424115936,3.2920311976132566,NaN,NaN
B_4f,64,0,0,3,2,317.5,16,9.92,3.5,-0.6,0.05,1,3000,0.4375,1.9298866990588077,2.5347279859537455,3.1324369238270577,NaN,NaN
B_4f,64,0,0,3,2,317.5,16,9.92,3.5,-0.6,0.05,2,1,0,1.8716420316377433,2.014251930293174,0.0027739081233902996,NaN,NaN
B_4f,64,0,0,3,2,317.5,16,9.92,3.5,-0.6,0.05,2,3,0,1.8899347126536543,2.200742304395098,0.00851415432226265,NaN,NaN
B_4f,64,0,0,3,2,317.5,16,9.92,3.5,-0.6,0.05,2,10,0,1.825548310126952,2.302799568670817,0.17637960844457562,NaN,NaN
B_4f,64,0,0,3,2,317.5,16,9.92,3.5,-0.6,0.05,2,30,0.4375,1.8833164388221324,2.433401389560244,2.4740072714249735,NaN,NaN
B_4f,64,0,0,3,2,317.5,16,9.92,3.5,-0.6,0.05,2,100,0.5,1.8912076352519778,2.5095682810570805,3.1931086255030956,NaN,NaN
B_4f,64,0,0,3,2,317.5,16,9.92,3.5,-0.6,0.05,2,300,0.5,1.8625277189897689,2.517966717197747,3.198677370377192,NaN,NaN
B_4f,64,0,0,3,2,317.5,16,9.92,3.5,-0.6,0.05,2,1000,0.5,1.881900562195621,2.5009932761645874,3.244833480895248,NaN,NaN
B_4f,64,0,0,3,2,317.5,16,9.92,3.5,-0.6,0.05,2,3000,0.5,1.888299580960526,2.51524810264628,3.182542128036265,NaN,NaN
B_4f,64,0,0,3,2,317.5,16,9.92,3.5,-0.6,0.05,3,1,0,1.8643217815085202,2.043426892536184,0.0040252915839443446,NaN,NaN
B_4f,64,0,0,3,2,317.5,16,9.92,3.5,-0.6,0.05,3,3,0,1.8653211551246238,2.261375806151638,0.0096288794907208,NaN,NaN
B_4f,64,0,0,3,2,317.5,16,9.92,3.5,-0.6,0.05,3,10,0,1.784223644251255,2.385645366851146,0.1852714204883858,NaN,NaN
B_4f,64,0,0,3,2,317.5,16,9.92,3.5,-0.6,0.05,3,30,0.375,1.8016623690300162,2.516216044822703,2.3901478412704726,NaN,NaN
B_4f,64,0,0,3,2,317.5,16,9.92,3.5,-0.6,0.05,3,100,0.375,1.8355145607096714,2.619440276253292,3.187573735750799,NaN,NaN
B_4f,64,0,0,3,2,317.5,16,9.92,3.5,-0.6,0.05,3,300,0.375,1.9040667874980954,2.6490041481003215,3.2639853105457965,NaN,NaN
B_4f,64,0,0,3,2,317.5,16,9.92,3.5,-0.6,0.05,3,1000,0.375,1.866499262950593,2.6264674698761814,3.200741048985533,NaN,NaN
B_4f,64,0,0,3,2,317.5,16,9.92,3.5,-0.6,0.05,3,3000,0.375,1.9236690851094922,2.6303665386273165,3.263352281052849,NaN,NaN
B_4f,64,0,0,3,2,317.5,16,9.92,3.5,-0.9,0.3,1,1,0,1.7160112827668752,1.8503237936511532,0.004000663358101076,0.00023628229351415342,0.0005142678236085808
B_4f,64,0,0,3,2,317.5,16,9.92,3.5,-0.9,0.3,1,3,0,1.5080475275643652,1.7987926187028809,0.004541663115079237,0.00023628229351415342,0.0005142678236085808
B_4f,64,0,0,3,2,317.5,16,9.92,3.5,-0.9,0.3,1,10,0,1.1364359476548307,1.5727168632245971,0.003251638287682753,0.00023628229351415342,0.0005142678236085808
B_4f,64,0,0,3,2,317.5,16,9.92,3.5,-0.9,0.3,1,30,0,1.020379370770167,1.516611408800819,0.002807111438418526,0.00023628229351415342,0.0005142678236085808
B_4f,64,0,0,3,2,317.5,16,9.92,3.5,-0.9,0.3,1,100,0,1.0211256042468628,1.5259821408061027,0.003251469178642113,0.00023628229351415342,0.0005142678236085808
B_4f,64,0,0,3,2,317.5,16,9.92,3.5,-0.9,0.3,1,300,0,1.068052565575076,1.6453790457727653,0.0047965860185979385,0.00023628229351415342,0.0005142678236085808
B_4f,64,0,0,3,2,317.5,16,9.92,3.5,-0.9,0.3,1,1000,0,1.0541221234177989,1.5957607622909742,0.004227876209037389,0.00023628229351415342,0.0005142678236085808
B_4f,64,0,0,3,2,317.5,16,9.92,3.5,-0.9,0.3,1,3000,0,1.019073465441216,1.5874524620205506,0.003650726505040772,0.00023628229351415342,0.0005142678236085808
B_4f,64,0,0,3,2,317.5,16,9.92,3.5,-0.9,0.3,2,1,0,1.7222350077212014,1.8534608274881572,0.0025524761666763283,-0.0008606599295779665,0.0004972241300316337
B_4f,64,0,0,3,2,317.5,16,9.92,3.5,-0.9,0.3,2,3,0,1.5265471874725014,1.807229881295366,0.003126546220779088,-0.0008606599295779665,0.0004972241300316337
B_4f,64,0,0,3,2,317.5,16,9.92,3.5,-0.9,0.3,2,10,0,1.1580933475923265,1.5995875145169287,0.0024320267353293936,-0.0008606599295779665,0.0004972241300316337
B_4f,64,0,0,3,2,317.5,16,9.92,3.5,-0.9,0.3,2,30,0,1.0320170171414984,1.5535966047944783,0.002091861780233637,-0.0008606599295779665,0.0004972241300316337
B_4f,64,0,0,3,2,317.5,16,9.92,3.5,-0.9,0.3,2,100,0,1.0235367772223551,1.5711190830482598,0.0024815177107007434,-0.0008606599295779665,0.0004972241300316337
B_4f,64,0,0,3,2,317.5,16,9.92,3.5,-0.9,0.3,2,300,0,1.0475489028312737,1.6314777303678278,0.002636411551146531,-0.0008606599295779665,0.0004972241300316337
B_4f,64,0,0,3,2,317.5,16,9.92,3.5,-0.9,0.3,2,1000,0,1.0373747952983916,1.6179544866877587,0.0030165093944709244,-0.0008606599295779665,0.0004972241300316337
B_4f,64,0,0,3,2,317.5,16,9.92,3.5,-0.9,0.3,2,3000,0,1.0476399769611564,1.6248794944981766,0.0020674211796034383,-0.0008606599295779665,0.0004972241300316337
B_4f,64,0,0,3,2,317.5,16,9.92,3.5,-0.9,0.3,3,1,0,1.71549910906926,1.8803068485084744,0.003703965803807217,-0.000004111312298491187,0.001351940004279633
B_4f,64,0,0,3,2,317.5,16,9.92,3.5,-0.9,0.3,3,3,0,1.506972688137405,1.8626508973257376,0.0028063418252104073,-0.000004111312298491187,0.001351940004279633
B_4f,64,0,0,3,2,317.5,16,9.92,3.5,-0.9,0.3,3,10,0,1.1356594971834817,1.6825699836370038,0.0022847648353038572,-0.000004111312298491187,0.001351940004279633
B_4f,64,0,0,3,2,317.5,16,9.92,3.5,-0.9,0.3,3,30,0,1.0217330250036052,1.6519731708587546,0.0022427637900540778,-0.000004111312298491187,0.001351940004279633
B_4f,64,0,0,3,2,317.5,16,9.92,3.5,-0.9,0.3,3,100,0,1.0287584842254656,1.654963778620618,0.002917238294123716,-0.000004111312298491187,0.001351940004279633
B_4f,64,0,0,3,2,317.5,16,9.92,3.5,-0.9,0.3,3,300,0,1.0863991956626997,1.7894886972206758,0.004021882973670069,-0.000004111312298491187,0.001351940004279633
B_4f,64,0,0,3,2,317.5,16,9.92,3.5,-0.9,0.3,3,1000,0,1.0616549646720037,1.7118874314577819,0.002550283493430346,-0.000004111312298491187,0.001351940004279633
B_4f,64,0,0,3,2,317.5,16,9.92,3.5,-0.9,0.3,3,3000,0,1.043564968316358,1.7607194135653497,0.0035600755292015665,-0.000004111312298491187,0.001351940004279633
B_4f,64,0,0,3,3,381,16,6.89,2.2,-0.6,0.05,1,1,0,0.6941571970685724,1.381220527796348,0.0055467474157225366,NaN,NaN
B_4f,64,0,0,3,3,381,16,6.89,2.2,-0.6,0.05,1,3,0.0625,0.16357782131206847,0.9378392867227591,0.006919949969019368,NaN,NaN
B_4f,64,0,0,3,3,381,16,6.89,2.2,-0.6,0.05,1,10,0.125,0.0008602802692873901,0.5188741732980102,0.00510432954552529,NaN,NaN
B_4f,64,0,0,3,3,381,16,6.89,2.2,-0.6,0.05,1,30,0.125,0.000018420237861374884,0.36617509525823,0.0021987583323717468,NaN,NaN
B_4f,64,0,0,3,3,381,16,6.89,2.2,-0.6,0.05,1,100,0.25,0.00001471956273186719,0.32506237413150124,0.0013111646130593347,NaN,NaN
B_4f,64,0,0,3,3,381,16,6.89,2.2,-0.6,0.05,1,300,0.3125,0.000008547424843039185,0.3182260938942906,0.0012628886199859055,NaN,NaN
B_4f,64,0,0,3,3,381,16,6.89,2.2,-0.6,0.05,1,1000,0.3125,0.0000037100241259224487,0.3075972747803403,0.0007068716863578823,NaN,NaN
B_4f,64,0,0,3,3,381,16,6.89,2.2,-0.6,0.05,1,3000,0.3125,0.000005784845116506337,0.30488423823387684,0.0008844956258848378,NaN,NaN
B_4f,64,0,0,3,3,381,16,6.89,2.2,-0.6,0.05,2,1,0,0.6889746429055718,1.3671342900932693,0.008957121524573057,NaN,NaN
B_4f,64,0,0,3,3,381,16,6.89,2.2,-0.6,0.05,2,3,0.0625,0.16119069341103553,0.9234332020901821,0.008823098961783446,NaN,NaN
B_4f,64,0,0,3,3,381,16,6.89,2.2,-0.6,0.05,2,10,0.125,0.0007686721463164225,0.5116548418262743,0.003713738053822501,NaN,NaN
B_4f,64,0,0,3,3,381,16,6.89,2.2,-0.6,0.05,2,30,0.125,0.000005486820201639245,0.3674823491593102,0.001192307634926614,NaN,NaN
B_4f,64,0,0,3,3,381,16,6.89,2.2,-0.6,0.05,2,100,0.1875,0.000005288638974368692,0.330759067366957,0.0009750299282327533,NaN,NaN
B_4f,64,0,0,3,3,381,16,6.89,2.2,-0.6,0.05,2,300,0.1875,0.000004454419552049105,0.31223362417978523,0.0014359031449582864,NaN,NaN
B_4f,64,0,0,3,3,381,16,6.89,2.2,-0.6,0.05,2,1000,0.1875,0.000007547728639197814,0.3155352020914419,0.0011293862174346736,NaN,NaN
B_4f,64,0,0,3,3,381,16,6.89,2.2,-0.6,0.05,2,3000,0.1875,0.000004651304368876372,0.3159554162810812,0.0011797713066761108,NaN,NaN
B_4f,64,0,0,3,3,381,16,6.89,2.2,-0.6,0.05,3,1,0,1.041660254358587,1.4862253688692886,0.001498455303191209,NaN,NaN
B_4f,64,0,0,3,3,381,16,6.89,2.2,-0.6,0.05,3,3,0,0.4438432911155832,1.0669299351716108,0.002530386871032358,NaN,NaN
B_4f,64,0,0,3,3,381,16,6.89,2.2,-0.6,0.05,3,10,0.0625,0.04935423482142292,0.6185504048218321,0.003354552222291957,NaN,NaN
B_4f,64,0,0,3,3,381,16,6.89,2.2,-0.6,0.05,3,30,0.0625,0.000036539018956786184,0.44858071736786764,0.0020743269809192443,NaN,NaN
B_4f,64,0,0,3,3,381,16,6.89,2.2,-0.6,0.05,3,100,0.1875,0.000020753301340477906,0.40771354733438575,0.001282064456116691,NaN,NaN
B_4f,64,0,0,3,3,381,16,6.89,2.2,-0.6,0.05,3,300,0.1875,0.000025782220433202228,0.4008488761692683,0.0012306114471380314,NaN,NaN
B_4f,64,0,0,3,3,381,16,6.89,2.2,-0.6,0.05,3,1000,0.1875,0.000003922342467174137,0.39143367176641064,0.0006388882949831741,NaN,NaN
B_4f,64,0,0,3,3,381,16,6.89,2.2,-0.6,0.05,3,3000,0.1875,0.000006494500090855451,0.3922192119438651,0.0009249166731241727,NaN,NaN
B_4f,64,0,0,3,3,381,16,6.89,2.2,-0.9,0.3,1,1,0,0.6304979520137025,1.2545525966344695,0.005038070484206018,NaN,NaN
B_4f,64,0,0,3,3,381,16,6.89,2.2,-0.9,0.3,1,3,0.0625,0.07860404816549077,0.6599150556658685,0.0025151773573707627,NaN,NaN
B_4f,64,0,0,3,3,381,16,6.89,2.2,-0.9,0.3,1,10,0.5625,0.0000013099605016558815,0.0425092126434122,0.00008969739533108233,NaN,NaN
B_4f,64,0,0,3,3,381,16,6.89,2.2,-0.9,0.3,1,30,0.5625,5.89151559503026e-23,3.2459520341337e-18,5.2133579992389183e-20,NaN,NaN
B_4f,64,0,0,3,3,381,16,6.89,2.2,-0.9,0.3,1,100,0.5625,6.272830931283371e-84,1.2073894913004408e-78,3.764490213613196e-80,NaN,NaN
B_4f,64,0,0,3,3,381,16,6.89,2.2,-0.9,0.3,1,300,0.5625,3.29583354674587e-256,4.624582453740024e-251,1.4352116838604335e-252,NaN,NaN
B_4f,64,0,0,3,3,381,16,6.89,2.2,-0.9,0.3,1,1000,0.5625,0,0,0,NaN,NaN
B_4f,64,0,0,3,3,381,16,6.89,2.2,-0.9,0.3,1,3000,0.5625,0,0,0,NaN,NaN
B_4f,64,0,0,3,3,381,16,6.89,2.2,-0.9,0.3,2,1,0,0.6257906756218836,1.2417581690021184,0.008135688574620194,NaN,NaN
B_4f,64,0,0,3,3,381,16,6.89,2.2,-0.9,0.3,2,3,0.0625,0.07493009648997324,0.6487799464630103,0.0023923288306261243,NaN,NaN
B_4f,64,0,0,3,3,381,16,6.89,2.2,-0.9,0.3,2,10,0.5,0.0000011328806649625512,0.04397737326655329,0.00006255963047281058,NaN,NaN
B_4f,64,0,0,3,3,381,16,6.89,2.2,-0.9,0.3,2,30,0.5,1.4673631197896017e-22,3.4626810189188675e-18,4.268194021664583e-20,NaN,NaN
B_4f,64,0,0,3,3,381,16,6.89,2.2,-0.9,0.3,2,100,0.5,1.8463439441782124e-83,1.2441536789160063e-78,2.7156083850261985e-80,NaN,NaN
B_4f,64,0,0,3,3,381,16,6.89,2.2,-0.9,0.3,2,300,0.5,4.017860086910071e-256,4.7654013322985594e-251,1.5860024132032206e-252,NaN,NaN
B_4f,64,0,0,3,3,381,16,6.89,2.2,-0.9,0.3,2,1000,0.5,0,0,0,NaN,NaN
B_4f,64,0,0,3,3,381,16,6.89,2.2,-0.9,0.3,2,3000,0.5,0,0,0,NaN,NaN
B_4f,64,0,0,3,3,381,16,6.89,2.2,-0.9,0.3,3,1,0,0.9461324608326191,1.3499277328825676,0.0013610360936051756,NaN,NaN
B_4f,64,0,0,3,3,381,16,6.89,2.2,-0.9,0.3,3,3,0,0.2745026888241848,0.7582209639201772,0.0011929823840565368,NaN,NaN
B_4f,64,0,0,3,3,381,16,6.89,2.2,-0.9,0.3,3,10,0.625,0.00002272458229759715,0.05486832684646178,0.00008709335022187345,NaN,NaN
B_4f,64,0,0,3,3,381,16,6.89,2.2,-0.9,0.3,3,30,0.625,2.000221619938058e-21,4.599354732900519e-18,5.1689377008129844e-20,NaN,NaN
B_4f,64,0,0,3,3,381,16,6.89,2.2,-0.9,0.3,3,100,0.625,3.796953931915035e-83,1.629067580911456e-78,4.1896662773110406e-80,NaN,NaN
B_4f,64,0,0,3,3,381,16,6.89,2.2,-0.9,0.3,3,300,0.625,4.789049593811951e-256,6.378196914717685e-251,1.5442224105687304e-252,NaN,NaN
B_4f,64,0,0,3,3,381,16,6.89,2.2,-0.9,0.3,3,1000,0.625,0,0,0,NaN,NaN
B_4f,64,0,0,3,3,381,16,6.89,2.2,-0.9,0.3,3,3000,0.625,0,0,0,NaN,NaN
B_4f,64,0,0,3,3,381,16,6.89,2.6,-0.6,0.05,1,1,0,0.7635108278308561,1.5192190371982628,0.006100926028040043,NaN,NaN
B_4f,64,0,0,3,3,381,16,6.89,2.6,-0.6,0.05,1,3,0.0625,0.22442786715309518,1.202169711228929,0.009803229607560865,NaN,NaN
B_4f,64,0,0,3,3,381,16,6.89,2.6,-0.6,0.05,1,10,0.125,0.007602026309829291,0.9096385802198785,0.025142486128334883,NaN,NaN
B_4f,64,0,0,3,3,381,16,6.89,2.6,-0.6,0.05,1,30,0.1875,0.00005254630997559596,0.8416765821015394,0.6024157935705134,NaN,NaN
B_4f,64,0,0,3,3,381,16,6.89,2.6,-0.6,0.05,1,100,0.1875,0.00009618139097129835,0.8534018672416951,1.5116532712683506,NaN,NaN
B_4f,64,0,0,3,3,381,16,6.89,2.6,-0.6,0.05,1,300,0.1875,0.0001034752790718479,0.8557204171336397,1.5242708053532068,NaN,NaN
B_4f,64,0,0,3,3,381,16,6.89,2.6,-0.6,0.05,1,1000,0.1875,0.00008338271030406117,0.8548437191726858,1.511316703551461,NaN,NaN
B_4f,64,0,0,3,3,381,16,6.89,2.6,-0.6,0.05,1,3000,0.1875,0.00009316454494298686,0.8568015884766326,1.5292070913872216,NaN,NaN
B_4f,64,0,0,3,3,381,16,6.89,2.6,-0.6,0.05,2,1,0,0.757810481805516,1.503725435669505,0.009852032506597743,NaN,NaN
B_4f,64,0,0,3,3,381,16,6.89,2.6,-0.6,0.05,2,3,0.0625,0.22212382509266232,1.1840505383070503,0.012937932203888019,NaN,NaN
B_4f,64,0,0,3,3,381,16,6.89,2.6,-0.6,0.05,2,10,0.125,0.007545065078797247,0.8948940535679353,0.019719763457712324,NaN,NaN
B_4f,64,0,0,3,3,381,16,6.89,2.6,-0.6,0.05,2,30,0.1875,0.00003074901259320149,0.8295167089486604,0.42113188637294746,NaN,NaN
B_4f,64,0,0,3,3,381,16,6.89,2.6,-0.6,0.05,2,100,0.25,0.00008261208308096157,0.8501126283680339,1.3004276950105207,NaN,NaN
B_4f,64,0,0,3,3,381,16,6.89,2.6,-0.6,0.05,2,300,0.25,0.00009782925681059663,0.8500891461524763,1.4850367283392405,NaN,NaN
B_4f,64,0,0,3,3,381,16,6.89,2.6,-0.6,0.05,2,1000,0.25,0.00011895075342573454,0.8478209956193477,1.4766087330105333,NaN,NaN
B_4f,64,0,0,3,3,381,16,6.89,2.6,-0.6,0.05,2,3000,0.25,0.0001678128941721083,0.851165189936064,1.5101852830180202,NaN,NaN
B_4f,64,0,0,3,3,381,16,6.89,2.6,-0.6,0.05,3,1,0,1.1457331084118394,1.6347149702123063,0.001648166804058985,NaN,NaN
B_4f,64,0,0,3,3,381,16,6.89,2.6,-0.6,0.05,3,3,0,0.5850019200381723,1.3644258428127083,0.0034156153833580878,NaN,NaN
B_4f,64,0,0,3,3,381,16,6.89,2.6,-0.6,0.05,3,10,0.0625,0.15865662053519364,1.0744131719894432,0.010557845775342113,NaN,NaN
B_4f,64,0,0,3,3,381,16,6.89,2.6,-0.6,0.05,3,30,0.125,0.00032789916331926153,1.0017441447530566,0.30861283958547525,NaN,NaN
B_4f,64,0,0,3,3,381,16,6.89,2.6,-0.6,0.05,3,100,0.125,0.00013401449904561536,1.0202549972335277,1.5041634587213921,NaN,NaN
B_4f,64,0,0,3,3,381,16,6.89,2.6,-0.6,0.05,3,300,0.125,0.0001957543611560019,1.0221037080417283,1.523433110919865,NaN,NaN
B_4f,64,0,0,3,3,381,16,6.89,2.6,-0.6,0.05,3,1000,0.125,0.0002879783807051306,1.0228924206029963,1.5127454163196112,NaN,NaN
B_4f,64,0,0,3,3,381,16,6.89,2.6,-0.6,0.05,3,3000,0.125,0.0000893525415950471,1.0308717246794554,1.5319351456044121,NaN,NaN
B_4f,64,0,0,3,3,381,16,6.89,2.6,-0.9,0.3,1,1,0,0.6968528369620218,1.386584259775362,0.005568287253782058,NaN,NaN
B_4f,64,0,0,3,3,381,16,6.89,2.6,-0.9,0.3,1,3,0.0625,0.11962378242240829,0.8965623711236793,0.0035817627024237525,NaN,NaN
B_4f,64,0,0,3,3,381,16,6.89,2.6,-0.9,0.3,1,10,0.1875,0.000011520987526042229,0.2972543128979387,0.0005803030699618807,NaN,NaN
B_4f,64,0,0,3,3,381,16,6.89,2.6,-0.9,0.3,1,30,0.5625,9.613407281891446e-11,0.0000016608735747079166,2.3838789603108964e-9,NaN,NaN
B_4f,64,0,0,3,3,381,16,6.89,2.6,-0.9,0.3,1,100,0.5625,4.57988231030695e-67,7.5915845362794175e-62,1.3703569540216061e-63,NaN,NaN
B_4f,64,0,0,3,3,381,16,6.89,2.6,-0.9,0.3,1,300,0.5625,1.2391695391765644e-224,9.423994752435725e-220,5.019029766637549e-221,NaN,NaN
B_4f,64,0,0,3,3,381,16,6.89,2.6,-0.9,0.3,1,1000,0.5625,0,0,0,NaN,NaN
B_4f,64,0,0,3,3,381,16,6.89,2.6,-0.9,0.3,1,3000,0.5625,0,0,0,NaN,NaN
B_4f,64,0,0,3,3,381,16,6.89,2.6,-0.9,0.3,2,1,0,0.6916501572427197,1.3724433205947768,0.008991904962984522,NaN,NaN
B_4f,64,0,0,3,3,381,16,6.89,2.6,-0.9,0.3,2,3,0.0625,0.11476763719711686,0.8817258530423681,0.0036132104285558097,NaN,NaN
B_4f,64,0,0,3,3,381,16,6.89,2.6,-0.9,0.3,2,10,0.1875,0.0000048230546853288625,0.29844333808612594,0.00034833125670663523,NaN,NaN
B_4f,64,0,0,3,3,381,16,6.89,2.6,-0.9,0.3,2,30,0.5,1.9455188210091915e-11,8.987094603299581e-7,3.3045419300890327e-9,NaN,NaN
B_4f,64,0,0,3,3,381,16,6.89,2.6,-0.9,0.3,2,100,0.5,8.962061970745302e-67,4.313982665727981e-62,8.578546479809702e-64,NaN,NaN
B_4f,64,0,0,3,3,381,16,6.89,2.6,-0.9,0.3,2,300,0.5,1.0777614475781024e-224,4.861808643770622e-220,3.2246355642389553e-221,NaN,NaN
B_4f,64,0,0,3,3,381,16,6.89,2.6,-0.9,0.3,2,1000,0.5,0,0,0,NaN,NaN
B_4f,64,0,0,3,3,381,16,6.89,2.6,-0.9,0.3,2,3000,0.5,0,0,0,NaN,NaN
B_4f,64,0,0,3,3,381,16,6.89,2.6,-0.9,0.3,3,1,0,1.0457053625112183,1.4919968690595902,0.001504274296224616,NaN,NaN
B_4f,64,0,0,3,3,381,16,6.89,2.6,-0.9,0.3,3,3,0,0.390563942604492,1.0270736568687902,0.0016182367040942732,NaN,NaN
B_4f,64,0,0,3,3,381,16,6.89,2.6,-0.9,0.3,3,10,0.125,0.00019595232507894434,0.36533039308563964,0.000573086580075748,NaN,NaN
B_4f,64,0,0,3,3,381,16,6.89,2.6,-0.9,0.3,3,30,0.625,1.139518714933001e-10,0.0000025034491348447233,1.2591252442129828e-8,NaN,NaN
B_4f,64,0,0,3,3,381,16,6.89,2.6,-0.9,0.3,3,100,0.625,7.677433094767183e-67,1.1200749254525063e-61,2.548348979274736e-63,NaN,NaN
B_4f,64,0,0,3,3,381,16,6.89,2.6,-0.9,0.3,3,300,0.625,2.22903672307882e-224,1.411636547507231e-219,7.266430044106615e-221,NaN,NaN
B_4f,64,0,0,3,3,381,16,6.89,2.6,-0.9,0.3,3,1000,0.625,0,0,0,NaN,NaN
B_4f,64,0,0,3,3,381,16,6.89,2.6,-0.9,0.3,3,3000,0.625,0,0,0,NaN,NaN
B_4f,64,0,0,3,3,381,16,6.89,3,-0.6,0.05,1,1,0,0.83286445859314,1.657217546600179,0.006655104640357552,NaN,NaN
B_4f,64,0,0,3,3,381,16,6.89,3,-0.6,0.05,1,3,0,0.29292850069563214,1.4823838881763935,0.013298207341326007,NaN,NaN
B_4f,64,0,0,3,3,381,16,6.89,3,-0.6,0.05,1,10,0.0625,0.035633503124976686,1.3436581176793938,0.10290786720538857,NaN,NaN
B_4f,64,0,0,3,3,381,16,6.89,3,-0.6,0.05,1,30,0.1875,0.00011215558750179142,1.3286459680658627,1.667406676706031,NaN,NaN
B_4f,64,0,0,3,3,381,16,6.89,3,-0.6,0.05,1,100,0.25,0.00018412172790175255,1.3999453260784356,2.2099780285411312,NaN,NaN
B_4f,64,0,0,3,3,381,16,6.89,3,-0.6,0.05,1,300,0.3125,0.0002130165447593596,1.408228239136089,2.227468865222514,NaN,NaN
B_4f,64,0,0,3,3,381,16,6.89,3,-0.6,0.05,1,1000,0.3125,0.00020406065027039604,1.4093129536331772,2.2205607861607333,NaN,NaN
B_4f,64,0,0,3,3,381,16,6.89,3,-0.6,0.05,1,3000,0.3125,0.00018715459828324535,1.402396766471438,2.187244320173792,NaN,NaN
B_4f,64,0,0,3,3,381,16,6.89,3,-0.6,0.05,2,1,0,0.8266463207054606,1.640316581245741,0.010746943488622436,NaN,NaN
B_4f,64,0,0,3,3,381,16,6.89,3,-0.6,0.05,2,3,0,0.2910118435715019,1.4604315057119361,0.018042017760385907,NaN,NaN
B_4f,64,0,0,3,3,381,16,6.89,3,-0.6,0.05,2,10,0.0625,0.03740952605297075,1.321134446921435,0.08533579657109124,NaN,NaN
B_4f,64,0,0,3,3,381,16,6.89,3,-0.6,0.05,2,30,0.25,0.0001327338041254984,1.3094482811773045,1.3123508653772307,NaN,NaN
B_4f,64,0,0,3,3,381,16,6.89,3,-0.6,0.05,2,100,0.25,0.00012518892862079285,1.403179125193232,2.21093151564588,NaN,NaN
B_4f,64,0,0,3,3,381,16,6.89,3,-0.6,0.05,2,300,0.4375,0.00019097911964598667,1.4102642859655385,2.2632832397686595,NaN,NaN
B_4f,64,0,0,3,3,381,16,6.89,3,-0.6,0.05,2,1000,0.4375,0.0002279123234082353,1.4115644021751406,2.2823426586054727,NaN,NaN
B_4f,64,0,0,3,3,381,16,6.89,3,-0.6,0.05,2,3000,0.4375,0.00016859436362902462,1.4084051141274732,2.2490556864115527,NaN,NaN
B_4f,64,0,0,3,3,381,16,6.89,3,-0.6,0.05,3,1,0,1.2498059624650908,1.783204571555326,0.0017978783049267715,NaN,NaN
B_4f,64,0,0,3,3,381,16,6.89,3,-0.6,0.05,3,3,0,0.738061141974492,1.679018082668629,0.0044373960218589475,NaN,NaN
B_4f,64,0,0,3,3,381,16,6.89,3,-0.6,0.05,3,10,0,0.3231752978042575,1.5746245796106544,0.03413965135966335,NaN,NaN
B_4f,64,0,0,3,3,381,16,6.89,3,-0.6,0.05,3,30,0.125,0.2193218129558776,1.5646418928286612,1.5769293485812463,NaN,NaN
B_4f,64,0,0,3,3,381,16,6.89,3,-0.6,0.05,3,100,0.1875,0.7723939086905758,1.6403907627544712,2.2056151052537203,NaN,NaN
B_4f,64,0,0,3,3,381,16,6.89,3,-0.6,0.05,3,300,0.1875,0.7732264732885583,1.6490966811460546,2.225434271930814,NaN,NaN
B_4f,64,0,0,3,3,381,16,6.89,3,-0.6,0.05,3,1000,0.1875,0.7727950802732795,1.6546211736135743,2.221313512936719,NaN,NaN
B_4f,64,0,0,3,3,381,16,6.89,3,-0.6,0.05,3,3000,0.1875,0.7750435078610395,1.6446378341923271,2.1886873783670193,NaN,NaN
B_4f,64,0,0,3,3,381,16,6.89,3,-0.9,0.3,1,1,0,0.7632077219103418,1.5186159229162546,0.006098504023358112,NaN,NaN
B_4f,64,0,0,3,3,381,16,6.89,3,-0.9,0.3,1,3,0.0625,0.16943255873395288,1.1546103838816304,0.0048457382833003255,NaN,NaN
B_4f,64,0,0,3,3,381,16,6.89,3,-0.9,0.3,1,10,0.125,0.000030834773628679235,0.7044998620016165,0.0014950023824440136,NaN,NaN
B_4f,64,0,0,3,3,381,16,6.89,3,-0.9,0.3,1,30,0.3125,0.000023854108276817995,0.3127260318359078,0.00040604039297687406,NaN,NaN
B_4f,64,0,0,3,3,381,16,6.89,3,-0.9,0.3,1,100,0.5625,0.0000013884212571144516,0.027973526912133624,0.00003064668645903837,NaN,NaN
B_4f,64,0,0,3,3,381,16,6.89,3,-0.9,0.3,1,300,0.5625,3.2058180199110284e-137,1.9185742782732684e-131,1.0198892780408305e-132,NaN,NaN
B_4f,64,0,0,3,3,381,16,6.89,3,-0.9,0.3,1,1000,0.5625,0,0,0,NaN,NaN
B_4f,64,0,0,3,3,381,16,6.89,3,-0.9,0.3,1,3000,0.5625,0,0,0,NaN,NaN
B_4f,64,0,0,3,3,381,16,6.89,3,-0.9,0.3,2,1,0,0.757509638863556,1.5031284721874356,0.009848121351348863,NaN,NaN
B_4f,64,0,0,3,3,381,16,6.89,3,-0.9,0.3,2,3,0.0625,0.16341895745883195,1.1358648022746847,0.0051493841935316515,NaN,NaN
B_4f,64,0,0,3,3,381,16,6.89,3,-0.9,0.3,2,10,0.125,0.000015716314574647716,0.6983194904422806,0.0009030388637022281,NaN,NaN
B_4f,64,0,0,3,3,381,16,6.89,3,-0.9,0.3,2,30,0.25,0.000009693853253215789,0.3355532961039286,0.0003668904591611871,NaN,NaN
B_4f,64,0,0,3,3,381,16,6.89,3,-0.9,0.3,2,100,0.5,0.0000015278675148940593,0.027333878844653846,0.00002706766271801081,NaN,NaN
B_4f,64,0,0,3,3,381,16,6.89,3,-0.9,0.3,2,300,0.5,5.32382123467767e-141,2.954720436067736e-136,6.887771731506089e-138,NaN,NaN
B_4f,64,0,0,3,3,381,16,6.89,3,-0.9,0.3,2,1000,0.5,0,0,0,NaN,NaN
B_4f,64,0,0,3,3,381,16,6.89,3,-0.9,0.3,2,3000,0.5,0,0,0,NaN,NaN
B_4f,64,0,0,3,3,381,16,6.89,3,-0.9,0.3,3,1,0,1.1452782641898185,1.6340660052366132,0.0016475124988440534,NaN,NaN
B_4f,64,0,0,3,3,381,16,6.89,3,-0.9,0.3,3,3,0,0.5221148858415807,1.3192290373250217,0.0020929856872577085,NaN,NaN
B_4f,64,0,0,3,3,381,16,6.89,3,-0.9,0.3,3,10,0.0625,0.004200870637602627,0.8502076210788714,0.0014743293285845714,NaN,NaN
B_4f,64,0,0,3,3,381,16,6.89,3,-0.9,0.3,3,30,0.25,0.00007956618591493208,0.42076224845393984,0.0003922232480378669,NaN,NaN
B_4f,64,0,0,3,3,381,16,6.89,3,-0.9,0.3,3,100,0.625,0.0000014308447916158456,0.04395584916147054,0.000030005890028289816,NaN,NaN
B_4f,64,0,0,3,3,381,16,6.89,3,-0.9,0.3,3,300,0.625,1.695469701609374e-132,8.307122460105033e-128,2.5108127555689103e-130,NaN,NaN
B_4f,64,0,0,3,3,381,16,6.89,3,-0.9,0.3,3,1000,0.625,0,0,0,NaN,NaN
B_4f,64,0,0,3,3,381,16,6.89,3,-0.9,0.3,3,3000,0.625,0,0,0,NaN,NaN
B_4f,64,0,0,3,3,381,16,6.89,3.5,-0.6,0.05,1,1,0,0.9195564970459945,1.8297156833525723,0.0073478279057544275,NaN,NaN
B_4f,64,0,0,3,3,381,16,6.89,3.5,-0.6,0.05,1,3,0,0.38806669386073417,1.8505357539295153,0.018590990255742842,NaN,NaN
B_4f,64,0,0,3,3,381,16,6.89,3.5,-0.6,0.05,1,10,0.125,0.1189210990640611,1.9207323532318787,0.3431538100073437,NaN,NaN
B_4f,64,0,0,3,3,381,16,6.89,3.5,-0.6,0.05,1,30,0.125,0.5390647885753292,2.008955320726682,2.7025199431572715,NaN,NaN
B_4f,64,0,0,3,3,381,16,6.89,3.5,-0.6,0.05,1,100,0.375,1.1270692253815922,2.140835133233627,3.067953399401384,NaN,NaN
B_4f,64,0,0,3,3,381,16,6.89,3.5,-0.6,0.05,1,300,0.375,1.1891503100696412,2.1559382061360868,3.1209937983496463,NaN,NaN
B_4f,64,0,0,3,3,381,16,6.89,3.5,-0.6,0.05,1,1000,0.375,1.1798261608737972,2.1622665117199698,3.100266623598318,NaN,NaN
B_4f,64,0,0,3,3,381,16,6.89,3.5,-0.6,0.05,1,3000,0.375,1.1856442966160552,2.154516699275967,3.1058928195790223,NaN,NaN
B_4f,64,0,0,3,3,381,16,6.89,3.5,-0.6,0.05,2,1,0,0.9126911193303913,1.8110555132160364,0.011865582216153296,NaN,NaN
B_4f,64,0,0,3,3,381,16,6.89,3.5,-0.6,0.05,2,3,0,0.3870936287405484,1.8236806695408605,0.025916848839436086,NaN,NaN
B_4f,64,0,0,3,3,381,16,6.89,3.5,-0.6,0.05,2,10,0.125,0.12759393689526463,1.8893674260863818,0.3032953148492539,NaN,NaN
B_4f,64,0,0,3,3,381,16,6.89,3.5,-0.6,0.05,2,30,0.25,0.5457173813696302,1.9998774857206716,2.5242517512168825,NaN,NaN
B_4f,64,0,0,3,3,381,16,6.89,3.5,-0.6,0.05,2,100,0.375,1.1788239779796705,2.153910905697578,3.0613025393668645,NaN,NaN
B_4f,64,0,0,3,3,381,16,6.89,3.5,-0.6,0.05,2,300,0.4375,1.1895908736485439,2.177450931617588,3.0874273459522286,NaN,NaN
B_4f,64,0,0,3,3,381,16,6.89,3.5,-0.6,0.05,2,1000,0.4375,1.1815196474813563,2.183128719012733,3.146517209949052,NaN,NaN
B_4f,64,0,0,3,3,381,16,6.89,3.5,-0.6,0.05,2,3000,0.4375,1.1858664088627562,2.1885027347827646,3.1333564115063997,NaN,NaN
B_4f,64,0,0,3,3,381,16,6.89,3.5,-0.6,0.05,3,1,0,1.379897030031656,1.9688165732340983,0.0019850176810115023,NaN,NaN
B_4f,64,0,0,3,3,381,16,6.89,3.5,-0.6,0.05,3,3,0,0.943316898582759,2.091349300652269,0.005913601623531045,NaN,NaN
B_4f,64,0,0,3,3,381,16,6.89,3.5,-0.6,0.05,3,10,0,0.5758346328650572,2.2312672946334398,0.1373163867755486,NaN,NaN
B_4f,64,0,0,3,3,381,16,6.89,3.5,-0.6,0.05,3,30,0.1875,0.5332839729855395,2.2691918313076864,2.668306956736959,NaN,NaN
B_4f,64,0,0,3,3,381,16,6.89,3.5,-0.6,0.05,3,100,0.25,1.2305565695885166,2.3588370511484116,3.0834051217588216,NaN,NaN
B_4f,64,0,0,3,3,381,16,6.89,3.5,-0.6,0.05,3,300,0.25,1.2300884909369285,2.366950232637892,3.1213498283468595,NaN,NaN
B_4f,64,0,0,3,3,381,16,6.89,3.5,-0.6,0.05,3,1000,0.25,1.2288097028102516,2.3735190559737935,3.07042735821898,NaN,NaN
B_4f,64,0,0,3,3,381,16,6.89,3.5,-0.6,0.05,3,3000,0.25,1.2301924850486001,2.3673184871091455,3.015759854177103,NaN,NaN
B_4f,64,0,0,3,3,381,16,6.89,3.5,-0.9,0.3,1,1,0,0.846151328095741,1.6836555018423702,0.006761274985328147,NaN,NaN
B_4f,64,0,0,3,3,381,16,6.89,3.5,-0.9,0.3,1,3,0.0625,0.24312307123725146,1.500977732599905,0.006711018521454429,NaN,NaN
B_4f,64,0,0,3,3,381,16,6.89,3.5,-0.9,0.3,1,10,0.125,0.00010863160470038392,1.292790595063988,0.0033432111921994543,NaN,NaN
B_4f,64,0,0,3,3,381,16,6.89,3.5,-0.9,0.3,1,30,0.125,0.00005166499105868409,1.1962348517023438,0.002711384326570625,NaN,NaN
B_4f,64,0,0,3,3,381,16,6.89,3.5,-0.9,0.3,1,100,0.125,0.00009531745905362912,1.1403346361464572,0.002032449792114833,NaN,NaN
B_4f,64,0,0,3,3,381,16,6.89,3.5,-0.9,0.3,1,300,0.125,0.00006711486708586255,1.130937122082298,0.0018037636501727569,NaN,NaN
B_4f,64,0,0,3,3,381,16,6.89,3.5,-0.9,0.3,1,1000,0.125,0.00007476406819041512,1.1363564705420364,0.0018466820828212517,NaN,NaN
B_4f,64,0,0,3,3,381,16,6.89,3.5,-0.9,0.3,1,3000,0.125,0.00006198862365838575,1.1250313055151042,0.0017638021118179749,NaN,NaN
B_4f,64,0,0,3,3,381,16,6.89,3.5,-0.9,0.3,2,1,0,0.8398339908896009,1.6664849116782587,0.010918391836804276,NaN,NaN
B_4f,64,0,0,3,3,381,16,6.89,3.5,-0.9,0.3,2,3,0.0625,0.23577904978526204,1.4771525791432019,0.007550670436045169,NaN,NaN
B_4f,64,0,0,3,3,381,16,6.89,3.5,-0.9,0.3,2,10,0.125,0.00005541088210572928,1.2718572360287288,0.002007990766401639,NaN,NaN
B_4f,64,0,0,3,3,381,16,6.89,3.5,-0.9,0.3,2,30,0.125,0.000021195036636801563,1.1896330644129516,0.001487444625372372,NaN,NaN
B_4f,64,0,0,3,3,381,16,6.89,3.5,-0.9,0.3,2,100,0.125,0.000019209111515729033,1.1596333844281526,0.0013227545385684843,NaN,NaN
B_4f,64,0,0,3,3,381,16,6.89,3.5,-0.9,0.3,2,300,0.125,0.000020680505161056915,1.170104108700338,0.0018483141122808049,NaN,NaN
B_4f,64,0,0,3,3,381,16,6.89,3.5,-0.9,0.3,2,1000,0.125,0.000024212605215525514,1.1784633249568124,0.0013756683675696718,NaN,NaN
B_4f,64,0,0,3,3,381,16,6.89,3.5,-0.9,0.3,2,3000,0.125,0.00002631411366736528,1.1646690505868864,0.0018397204476265966,NaN,NaN
B_4f,64,0,0,3,3,381,16,6.89,3.5,-0.9,0.3,3,1,0,1.2697443912880677,1.8116524254578916,0.0018265602521183569,NaN,NaN
B_4f,64,0,0,3,3,381,16,6.89,3.5,-0.9,0.3,3,3,0,0.7047619974445771,1.7100665921461382,0.0027510569542725646,NaN,NaN
B_4f,64,0,0,3,3,381,16,6.89,3.5,-0.9,0.3,3,10,0.0625,0.08360350475578432,1.5402362648759726,0.002923677563371493,NaN,NaN
B_4f,64,0,0,3,3,381,16,6.89,3.5,-0.9,0.3,3,30,0.0625,0.00017931306347086272,1.4515551242117863,0.002651063778177809,NaN,NaN
B_4f,64,0,0,3,3,381,16,6.89,3.5,-0.9,0.3,3,100,0.0625,0.0001289594083971193,1.419223641095433,0.0021186099975284067,NaN,NaN
B_4f,64,0,0,3,3,381,16,6.89,3.5,-0.9,0.3,3,300,0.0625,0.00016570216867992755,1.4040603519473405,0.0018610238564633122,NaN,NaN
B_4f,64,0,0,3,3,381,16,6.89,3.5,-0.9,0.3,3,1000,0.0625,0.00014540482938709553,1.4090530248238977,0.0014413904291762487,NaN,NaN
B_4f,64,0,0,3,3,381,16,6.89,3.5,-0.9,0.3,3,3000,0.0625,0.00011962768377648202,1.4032053723978657,0.0017634301010806205,NaN,NaN
B_4f,64,0,0,3,4,444.5,9,5.06,2.2,-0.6,0.05,1,1,0,1.4141436286362308,1.5029128891757229,0.0006740001449451029,0.0003018283546052111,0.0000842970668688981
B_4f,64,0,0,3,4,444.5,9,5.06,2.2,-0.6,0.05,1,3,0,0.9698456556390727,1.0947677302575431,0.0009174449542965381,0.0003018283546052111,0.0000842970668688981
B_4f,64,0,0,3,4,444.5,9,5.06,2.2,-0.6,0.05,1,10,0,0.48781776822740475,0.6133961588813371,0.0003413300398503694,0.0003018283546052111,0.0000842970668688981
B_4f,64,0,0,3,4,444.5,9,5.06,2.2,-0.6,0.05,1,30,0,0.3217798262567487,0.4460819917571858,0.000159598416334036,0.0003018283546052111,0.0000842970668688981
B_4f,64,0,0,3,4,444.5,9,5.06,2.2,-0.6,0.05,1,100,0,0.2952625816906158,0.4268851491796745,0.0001630638212235246,0.0003018283546052111,0.0000842970668688981
B_4f,64,0,0,3,4,444.5,9,5.06,2.2,-0.6,0.05,1,300,0,0.29529076657805936,0.44001721394709886,0.0001668819824537088,0.0003018283546052111,0.0000842970668688981
B_4f,64,0,0,3,4,444.5,9,5.06,2.2,-0.6,0.05,1,1000,0,0.29519206860493125,0.4454525664242697,0.00014993194400768535,0.0003018283546052111,0.0000842970668688981
B_4f,64,0,0,3,4,444.5,9,5.06,2.2,-0.6,0.05,1,3000,0,0.29573956415373687,0.4453022421626736,0.00015060713045512666,0.0003018283546052111,0.0000842970668688981
B_4f,64,0,0,3,4,444.5,9,5.06,2.2,-0.6,0.05,2,1,0,1.4393989512338294,1.4939203920339643,0.0004224299305037585,-0.0005124029923343233,0.00012069059210824943
B_4f,64,0,0,3,4,444.5,9,5.06,2.2,-0.6,0.05,2,3,0,1.0110100038950856,1.0846110460333385,0.000356162510240856,-0.0005124029923343233,0.00012069059210824943
B_4f,64,0,0,3,4,444.5,9,5.06,2.2,-0.6,0.05,2,10,0,0.5291707754339969,0.6030385649272179,0.0003496433767228302,-0.0005124029923343233,0.00012069059210824943
B_4f,64,0,0,3,4,444.5,9,5.06,2.2,-0.6,0.05,2,30,0,0.3587136939918843,0.43382936449904397,0.000167678135255247,-0.0005124029923343233,0.00012069059210824943
B_4f,64,0,0,3,4,444.5,9,5.06,2.2,-0.6,0.05,2,100,0,0.3335288027893212,0.41333534257147814,0.0001664948179526381,-0.0005124029923343233,0.00012069059210824943
B_4f,64,0,0,3,4,444.5,9,5.06,2.2,-0.6,0.05,2,300,0,0.33209635477376964,0.4234085895997092,0.0001593040423795545,-0.0005124029923343233,0.00012069059210824943
B_4f,64,0,0,3,4,444.5,9,5.06,2.2,-0.6,0.05,2,1000,0,0.33003835091244077,0.42500797991565,0.00016619480297545806,-0.0005124029923343233,0.00012069059210824943
B_4f,64,0,0,3,4,444.5,9,5.06,2.2,-0.6,0.05,2,3000,0,0.3325618524686372,0.42709637062248873,0.00014652039141690675,-0.0005124029923343233,0.00012069059210824943
B_4f,64,0,0,3,4,444.5,9,5.06,2.2,-0.6,0.05,3,1,0,1.4128009577119705,1.4966769237134707,0.0010763122116315446,0.0008159691983712432,0.0001839907984101897
B_4f,64,0,0,3,4,444.5,9,5.06,2.2,-0.6,0.05,3,3,0,0.9704816500954229,1.0892681436711775,0.0011451536267531681,0.0008159691983712432,0.0001839907984101897
B_4f,64,0,0,3,4,444.5,9,5.06,2.2,-0.6,0.05,3,10,0,0.48877514850409853,0.6082955840864479,0.0007200245112178081,0.0008159691983712432,0.0001839907984101897
B_4f,64,0,0,3,4,444.5,9,5.06,2.2,-0.6,0.05,3,30,0,0.3225288262056688,0.44046488249138205,0.00032303588511017276,0.0008159691983712432,0.0001839907984101897
B_4f,64,0,0,3,4,444.5,9,5.06,2.2,-0.6,0.05,3,100,0,0.2964557588900605,0.42085574875058446,0.00032097723786503194,0.0008159691983712432,0.0001839907984101897
B_4f,64,0,0,3,4,444.5,9,5.06,2.2,-0.6,0.05,3,300,0,0.2964448499934639,0.4316789745265077,0.00030439518146695605,0.0008159691983712432,0.0001839907984101897
B_4f,64,0,0,3,4,444.5,9,5.06,2.2,-0.6,0.05,3,1000,0,0.29656136911666464,0.4348293846848272,0.0003072653751537481,0.0008159691983712432,0.0001839907984101897
B_4f,64,0,0,3,4,444.5,9,5.06,2.2,-0.6,0.05,3,3000,0,0.29747750010710466,0.4362774625667933,0.0003376557235938889,0.0008159691983712432,0.0001839907984101897
B_4f,64,0,0,3,4,444.5,9,5.06,2.2,-0.9,0.3,1,1,0,1.2844564105560814,1.365084886653826,0.0006121894476343602,NaN,NaN
B_4f,64,0,0,3,4,444.5,9,5.06,2.2,-0.9,0.3,1,3,0,0.6810762889626303,0.7809262785487806,0.0003371693350788698,NaN,NaN
B_4f,64,0,0,3,4,444.5,9,5.06,2.2,-0.9,0.3,1,10,0.3333333333333333,0.02889605742305141,0.06723994508480151,0.00005333655718167025,NaN,NaN
B_4f,64,0,0,3,4,444.5,9,5.06,2.2,-0.9,0.3,1,30,0.3333333333333333,3.203946670776162e-19,1.2635386886879774e-17,4.3359607545623945e-20,NaN,NaN
B_4f,64,0,0,3,4,444.5,9,5.06,2.2,-0.9,0.3,1,100,0.3333333333333333,9.506930434848286e-81,4.932668909533879e-78,5.98753544358999e-80,NaN,NaN
B_4f,64,0,0,3,4,444.5,9,5.06,2.2,-0.9,0.3,1,300,0.3333333333333333,3.374936630659498e-256,1.328121300307591e-250,8.094291058024823e-252,NaN,NaN
B_4f,64,0,0,3,4,444.5,9,5.06,2.2,-0.9,0.3,1,1000,0.3333333333333333,0,0,0,NaN,NaN
B_4f,64,0,0,3,4,444.5,9,5.06,2.2,-0.9,0.3,1,3000,0.3333333333333333,0,0,0,NaN,NaN
B_4f,64,0,0,3,4,444.5,9,5.06,2.2,-0.9,0.3,2,1,0,1.3073956370633857,1.3569170666624595,0.00038369004481502166,NaN,NaN
B_4f,64,0,0,3,4,444.5,9,5.06,2.2,-0.9,0.3,2,3,0,0.7152680015469727,0.7734602827422679,0.00016669703313291004,NaN,NaN
B_4f,64,0,0,3,4,444.5,9,5.06,2.2,-0.9,0.3,2,10,0.4444444444444444,0.0475580625875707,0.06702570843097479,0.00004672155766488581,NaN,NaN
B_4f,64,0,0,3,4,444.5,9,5.06,2.2,-0.9,0.3,2,30,0.4444444444444444,1.8706419006558725e-18,1.0192167723225884e-17,7.699980202928089e-20,NaN,NaN
B_4f,64,0,0,3,4,444.5,9,5.06,2.2,-0.9,0.3,2,100,0.4444444444444444,2.1542790894163195e-79,3.7559935289441516e-78,9.414171155901732e-80,NaN,NaN
B_4f,64,0,0,3,4,444.5,9,5.06,2.2,-0.9,0.3,2,300,0.4444444444444444,1.3328537039982564e-253,9.887615735562066e-251,8.86359445138239e-252,NaN,NaN
B_4f,64,0,0,3,4,444.5,9,5.06,2.2,-0.9,0.3,2,1000,0.4444444444444444,0,0,0,NaN,NaN
B_4f,64,0,0,3,4,444.5,9,5.06,2.2,-0.9,0.3,2,3000,0.4444444444444444,0,0,0,NaN,NaN
B_4f,64,0,0,3,4,444.5,9,5.06,2.2,-0.9,0.3,3,1,0,1.2832368722849963,1.3594208044122502,0.0009776065825245475,NaN,NaN
B_4f,64,0,0,3,4,444.5,9,5.06,2.2,-0.9,0.3,3,3,0,0.681419792443226,0.7768397838496901,0.00044891521108336247,NaN,NaN
B_4f,64,0,0,3,4,444.5,9,5.06,2.2,-0.9,0.3,3,10,0.7777777777777778,0.029099379842451707,0.06700888353380882,0.00007372346522361413,NaN,NaN
B_4f,64,0,0,3,4,444.5,9,5.06,2.2,-0.9,0.3,3,30,0.7777777777777778,3.2554177260481964e-19,1.1074516360257478e-17,1.481600223374575e-19,NaN,NaN
B_4f,64,0,0,3,4,444.5,9,5.06,2.2,-0.9,0.3,3,100,0.7777777777777778,9.32174230459953e-81,4.209842946770009e-78,1.8324096217032887e-79,NaN,NaN
B_4f,64,0,0,3,4,444.5,9,5.06,2.2,-0.9,0.3,3,300,0.7777777777777778,9.87083779810912e-256,1.126538854909625e-250,1.7665186369295428e-251,NaN,NaN
B_4f,64,0,0,3,4,444.5,9,5.06,2.2,-0.9,0.3,3,1000,0.7777777777777778,0,0,0,NaN,NaN
B_4f,64,0,0,3,4,444.5,9,5.06,2.2,-0.9,0.3,3,3000,0.7777777777777778,0,0,0,NaN,NaN
B_4f,64,0,0,3,4,444.5,9,5.06,2.6,-0.6,0.05,1,1,0,1.555431503312815,1.6530697499328306,0.0007413398734441363,0.00020718741986963944,0.000021972976039171512
B_4f,64,0,0,3,4,444.5,9,5.06,2.6,-0.6,0.05,1,3,0,1.239794597789563,1.3981784129088002,0.0012857233485590435,0.00020718741986963944,0.000021972976039171512
B_4f,64,0,0,3,4,444.5,9,5.06,2.6,-0.6,0.05,1,10,0,0.8593540161874114,1.0555552520613272,0.0009029494761423962,0.00020718741986963944,0.000021972976039171512
B_4f,64,0,0,3,4,444.5,9,5.06,2.6,-0.6,0.05,1,30,0,0.7884075857579418,0.9943402649368904,0.0005746454827013235,0.00020718741986963944,0.000021972976039171512
B_4f,64,0,0,3,4,444.5,9,5.06,2.6,-0.6,0.05,1,100,0,0.7876048989780318,1.0262344640486434,0.0006867757610737452,0.00020718741986963944,0.000021972976039171512
B_4f,64,0,0,3,4,444.5,9,5.06,2.6,-0.6,0.05,1,300,0,0.7888775514738092,1.0377636001006094,0.00043408319713768805,0.00020718741986963944,0.000021972976039171512
B_4f,64,0,0,3,4,444.5,9,5.06,2.6,-0.6,0.05,1,1000,0,0.7866507451070865,1.061334850056615,0.0006418455963496095,0.00020718741986963944,0.000021972976039171512
B_4f,64,0,0,3,4,444.5,9,5.06,2.6,-0.6,0.05,1,3000,0,0.78586389193951,1.061640756247888,0.0007200942796863285,0.00020718741986963944,0.000021972976039171512
B_4f,64,0,0,3,4,444.5,9,5.06,2.6,-0.6,0.05,2,1,0,1.5832100992058749,1.6431788074115043,0.0004646351392760865,-0.0011236659817005323,0.00005910163655194394
B_4f,64,0,0,3,4,444.5,9,5.06,2.6,-0.6,0.05,2,3,0,1.2919931742941826,1.3852949050021566,0.0004822980395745233,-0.0011236659817005323,0.00005910163655194394
B_4f,64,0,0,3,4,444.5,9,5.06,2.6,-0.6,0.05,2,10,0,0.9240747202321375,1.039739462746406,0.0007954109424139075,-0.0011236659817005323,0.00005910163655194394
B_4f,64,0,0,3,4,444.5,9,5.06,2.6,-0.6,0.05,2,30,0,0.8454234353245963,0.9726770443989681,0.00047174544684126123,-0.0011236659817005323,0.00005910163655194394
B_4f,64,0,0,3,4,444.5,9,5.06,2.6,-0.6,0.05,2,100,0,0.8454754588837937,0.9957049212799681,0.0004409788909941137,-0.0011236659817005323,0.00005910163655194394
B_4f,64,0,0,3,4,444.5,9,5.06,2.6,-0.6,0.05,2,300,0,0.8492277281771287,1.0065526598350294,0.0003743730911349417,-0.0011236659817005323,0.00005910163655194394
B_4f,64,0,0,3,4,444.5,9,5.06,2.6,-0.6,0.05,2,1000,0,0.8452415126079591,1.026195557223831,0.0006392057203534091,-0.0011236659817005323,0.00005910163655194394
B_4f,64,0,0,3,4,444.5,9,5.06,2.6,-0.6,0.05,2,3000,0,0.8483652469153768,1.0262850058113586,0.0007001163907992804,-0.0011236659817005323,0.00005910163655194394
B_4f,64,0,0,3,4,444.5,9,5.06,2.6,-0.6,0.05,3,1,0,1.5539546853914334,1.6462107457007693,0.0011838471619650729,0.00009400599971016355,0.00006101060920830337
B_4f,64,0,0,3,4,444.5,9,5.06,2.6,-0.6,0.05,3,3,0,1.2402780827607482,1.391033460088737,0.0015844073266573157,0.00009400599971016355,0.00006101060920830337
B_4f,64,0,0,3,4,444.5,9,5.06,2.6,-0.6,0.05,3,10,0,0.8602829271899416,1.0475601185077192,0.0019384228431060585,0.00009400599971016355,0.00006101060920830337
B_4f,64,0,0,3,4,444.5,9,5.06,2.6,-0.6,0.05,3,30,0,0.7884885623329605,0.983386916553591,0.0012741016259390943,0.00009400599971016355,0.00006101060920830337
B_4f,64,0,0,3,4,444.5,9,5.06,2.6,-0.6,0.05,3,100,0,0.7882298150797012,1.0099708776101288,0.0012498892037217314,0.00009400599971016355,0.00006101060920830337
B_4f,64,0,0,3,4,444.5,9,5.06,2.6,-0.6,0.05,3,300,0,0.7908554205458856,1.0225725978668037,0.0008248063643503613,0.00009400599971016355,0.00006101060920830337
B_4f,64,0,0,3,4,444.5,9,5.06,2.6,-0.6,0.05,3,1000,0,0.7879006093739883,1.0443551227120982,0.0014175203173327669,0.00009400599971016355,0.00006101060920830337
B_4f,64,0,0,3,4,444.5,9,5.06,2.6,-0.6,0.05,3,3000,0,0.7892172213374692,1.041457768201903,0.001274272961299738,0.00009400599971016355,0.00006101060920830337
B_4f,64,0,0,3,4,444.5,9,5.06,2.6,-0.9,0.3,1,1,0,1.4196352118057454,1.508749192476402,0.0006766175083990555,NaN,NaN
B_4f,64,0,0,3,4,444.5,9,5.06,2.6,-0.9,0.3,1,3,0,0.9214793079323752,1.0558830401083807,0.00047947289115145807,NaN,NaN
B_4f,64,0,0,3,4,444.5,9,5.06,2.6,-0.9,0.3,1,10,0.1111111111111111,0.242666371166507,0.3680193233719644,0.00015050050670649745,NaN,NaN
B_4f,64,0,0,3,4,444.5,9,5.06,2.6,-0.9,0.3,1,30,0.3333333333333333,3.8024064851267567e-13,3.131539866608095e-8,4.9125476856919806e-11,NaN,NaN
B_4f,64,0,0,3,4,444.5,9,5.06,2.6,-0.9,0.3,1,100,0.3333333333333333,4.4869576806425247e-69,1.4078775232030477e-63,1.249964896893846e-65,NaN,NaN
B_4f,64,0,0,3,4,444.5,9,5.06,2.6,-0.9,0.3,1,300,0.3333333333333333,1.536689433453229e-227,1.1830556566095006e-221,6.880658440616268e-223,NaN,NaN
B_4f,64,0,0,3,4,444.5,9,5.06,2.6,-0.9,0.3,1,1000,0.3333333333333333,0,0,0,NaN,NaN
B_4f,64,0,0,3,4,444.5,9,5.06,2.6,-0.9,0.3,1,3000,0.3333333333333333,0,0,0,NaN,NaN
B_4f,64,0,0,3,4,444.5,9,5.06,2.6,-0.9,0.3,2,1,0,1.4449886090979562,1.4997217745211167,0.0004240703643675303,NaN,NaN
B_4f,64,0,0,3,4,444.5,9,5.06,2.6,-0.9,0.3,2,3,0,0.9672739197480359,1.04580055429485,0.0002215543959257205,NaN,NaN
B_4f,64,0,0,3,4,444.5,9,5.06,2.6,-0.9,0.3,2,10,0,0.2872825822133647,0.3592078883139076,0.00013035809022994983,NaN,NaN
B_4f,64,0,0,3,4,444.5,9,5.06,2.6,-0.9,0.3,2,30,0.4444444444444444,5.013917802818254e-12,2.1657627913213155e-8,5.4445999866320364e-11,NaN,NaN
B_4f,64,0,0,3,4,444.5,9,5.06,2.6,-0.9,0.3,2,100,0.4444444444444444,1.3386095201346791e-67,9.752509236019841e-64,1.363602727889457e-65,NaN,NaN
B_4f,64,0,0,3,4,444.5,9,5.06,2.6,-0.9,0.3,2,300,0.4444444444444444,2.6340739080677193e-226,8.220403643365899e-222,6.60056410448388e-223,NaN,NaN
B_4f,64,0,0,3,4,444.5,9,5.06,2.6,-0.9,0.3,2,1000,0.4444444444444444,0,0,0,NaN,NaN
B_4f,64,0,0,3,4,444.5,9,5.06,2.6,-0.9,0.3,2,3000,0.4444444444444444,0,0,0,NaN,NaN
B_4f,64,0,0,3,4,444.5,9,5.06,2.6,-0.9,0.3,3,1,0,1.4182873268502507,1.5024890107165365,0.0010804918846908074,NaN,NaN
B_4f,64,0,0,3,4,444.5,9,5.06,2.6,-0.9,0.3,3,3,0,0.9214924031122638,1.0501508036071996,0.0006244349019421516,NaN,NaN
B_4f,64,0,0,3,4,444.5,9,5.06,2.6,-0.9,0.3,3,10,0.1111111111111111,0.24360109236173125,0.3635605448807927,0.00020498460663534603,NaN,NaN
B_4f,64,0,0,3,4,444.5,9,5.06,2.6,-0.9,0.3,3,30,0.7777777777777778,5.89188926331245e-13,2.4979576976054375e-8,1.0969811510799074e-10,NaN,NaN
B_4f,64,0,0,3,4,444.5,9,5.06,2.6,-0.9,0.3,3,100,0.7777777777777778,1.4236236875031587e-68,1.1268129624060192e-63,2.7667176118993252e-65,NaN,NaN
B_4f,64,0,0,3,4,444.5,9,5.06,2.6,-0.9,0.3,3,300,0.7777777777777778,3.2960411052483075e-227,9.466012793022258e-222,1.3073494541151994e-222,NaN,NaN
B_4f,64,0,0,3,4,444.5,9,5.06,2.6,-0.9,0.3,3,1000,0.7777777777777778,0,0,0,NaN,NaN
B_4f,64,0,0,3,4,444.5,9,5.06,2.6,-0.9,0.3,3,3000,0.7777777777777778,0,0,0,NaN,NaN
B_4f,64,0,0,3,4,444.5,9,5.06,3,-0.6,0.05,1,1,0,1.6967193779893983,1.8032266106899388,0.000808679601943173,NaN,NaN
B_4f,64,0,0,3,4,444.5,9,5.06,3,-0.6,0.05,1,3,0,1.5259343382619537,1.7188285532663932,0.0017236123110335236,NaN,NaN
B_4f,64,0,0,3,4,444.5,9,5.06,3,-0.6,0.05,1,10,0,1.2743538542535455,1.5412989961848025,0.0023022648922880105,NaN,NaN
B_4f,64,0,0,3,4,444.5,9,5.06,3,-0.6,0.05,1,30,0,1.261007515121218,1.5360223953359498,0.003084091376231936,NaN,NaN
B_4f,64,0,0,3,4,444.5,9,5.06,3,-0.6,0.05,1,100,0.1111111111111111,1.2675706229391823,1.5940302973532532,2.170501616840122,NaN,NaN
B_4f,64,0,0,3,4,444.5,9,5.06,3,-0.6,0.05,1,300,0.1111111111111111,1.2645155350399864,1.6012054708086592,2.268735165600489,NaN,NaN
B_4f,64,0,0,3,4,444.5,9,5.06,3,-0.6,0.05,1,1000,0.1111111111111111,1.2655199365040666,1.621683063148394,2.27204997404139,NaN,NaN
B_4f,64,0,0,3,4,444.5,9,5.06,3,-0.6,0.05,1,3000,0.1111111111111111,1.264603093600706,1.6169315594718467,2.268973370114638,NaN,NaN
B_4f,64,0,0,3,4,444.5,9,5.06,3,-0.6,0.05,2,1,0,1.7270212471779212,1.7924372227890442,0.0005068403480484193,NaN,NaN
B_4f,64,0,0,3,4,444.5,9,5.06,3,-0.6,0.05,2,3,0,1.589390536075561,1.7031233754686066,0.0006294032107995539,NaN,NaN
B_4f,64,0,0,3,4,444.5,9,5.06,3,-0.6,0.05,2,10,0,1.3659988763846114,1.5216658014183826,0.0017061178033839328,NaN,NaN
B_4f,64,0,0,3,4,444.5,9,5.06,3,-0.6,0.05,2,30,0,1.341849590718933,1.5093254870877282,0.0021547786466422597,NaN,NaN
B_4f,64,0,0,3,4,444.5,9,5.06,3,-0.6,0.05,2,100,0.1111111111111111,1.350847172875387,1.5542196352234712,2.1809207144134093,NaN,NaN
B_4f,64,0,0,3,4,444.5,9,5.06,3,-0.6,0.05,2,300,0.1111111111111111,1.3762942501685218,1.5721638799276756,2.2440055229230205,NaN,NaN
B_4f,64,0,0,3,4,444.5,9,5.06,3,-0.6,0.05,2,1000,0.1111111111111111,1.3729202678625043,1.6000395478428087,2.2471985270179236,NaN,NaN
B_4f,64,0,0,3,4,444.5,9,5.06,3,-0.6,0.05,2,3000,0.2222222222222222,1.3775484600253767,1.5966239619405647,2.25247263578917,NaN,NaN
B_4f,64,0,0,3,4,444.5,9,5.06,3,-0.6,0.05,3,1,0,1.6951084130708973,1.7957445676880697,0.0012913821122986007,NaN,NaN
B_4f,64,0,0,3,4,444.5,9,5.06,3,-0.6,0.05,3,3,0,1.5262531571973734,1.7099745621162257,0.002102451627897294,NaN,NaN
B_4f,64,0,0,3,4,444.5,9,5.06,3,-0.6,0.05,3,10,0,1.2752713667104163,1.5312666020771974,0.005167233800966001,NaN,NaN
B_4f,64,0,0,3,4,444.5,9,5.06,3,-0.6,0.05,3,30,0,1.2675064498528132,1.5245331740494592,0.22773887602161608,NaN,NaN
B_4f,64,0,0,3,4,444.5,9,5.06,3,-0.6,0.05,3,100,0.1111111111111111,1.25849896163771,1.568907964681697,2.1971061397100127,NaN,NaN
B_4f,64,0,0,3,4,444.5,9,5.06,3,-0.6,0.05,3,300,0.1111111111111111,1.265917652245345,1.5853698873229158,2.2483822237478353,NaN,NaN
B_4f,64,0,0,3,4,444.5,9,5.06,3,-0.6,0.05,3,1000,0.1111111111111111,1.265491044215022,1.604926124773512,2.2465703352387663,NaN,NaN
B_4f,64,0,0,3,4,444.5,9,5.06,3,-0.6,0.05,3,3000,0.1111111111111111,1.264185433971169,1.599742715710418,2.236196809393891,NaN,NaN
B_4f,64,0,0,3,4,444.5,9,5.06,3,-0.9,0.3,1,1,0,1.55481401305541,1.6524134982989789,0.0007410455691637475,NaN,NaN
B_4f,64,0,0,3,4,444.5,9,5.06,3,-0.9,0.3,1,3,0,1.1839302427792395,1.354584656661699,0.0006475203672757003,NaN,NaN
B_4f,64,0,0,3,4,444.5,9,5.06,3,-0.9,0.3,1,10,0,0.6145841390601703,0.8207410668219168,0.00020978134088669035,NaN,NaN
B_4f,64,0,0,3,4,444.5,9,5.06,3,-0.9,0.3,1,30,0.1111111111111111,0.07649979837562233,0.3440335499532856,0.0001466951066455476,NaN,NaN
B_4f,64,0,0,3,4,444.5,9,5.06,3,-0.9,0.3,1,100,0.3333333333333333,4.4230230647885666e-23,1.2175972780018419e-17,2.9191325420244416e-20,NaN,NaN
B_4f,64,0,0,3,4,444.5,9,5.06,3,-0.9,0.3,1,300,0.3333333333333333,3.909449143590213e-169,2.5187817088026375e-163,1.0297082901594136e-164,NaN,NaN
B_4f,64,0,0,3,4,444.5,9,5.06,3,-0.9,0.3,1,1000,0.3333333333333333,0,0,0,NaN,NaN
B_4f,64,0,0,3,4,444.5,9,5.06,3,-0.9,0.3,1,3000,0.3333333333333333,0,0,0,NaN,NaN
B_4f,64,0,0,3,4,444.5,9,5.06,3,-0.9,0.3,2,1,0,1.5825815811325281,1.6425264823797747,0.00046445068392004255,NaN,NaN
B_4f,64,0,0,3,4,444.5,9,5.06,3,-0.9,0.3,2,3,0,1.2419253222492255,1.3417728806676628,0.00028466061548363894,NaN,NaN
B_4f,64,0,0,3,4,444.5,9,5.06,3,-0.9,0.3,2,10,0,0.6717957367735958,0.7984140061398116,0.00020943433657341366,NaN,NaN
B_4f,64,0,0,3,4,444.5,9,5.06,3,-0.9,0.3,2,30,0.2222222222222222,0.2027118332812407,0.3402422294494726,0.00014810071437098215,NaN,NaN
B_4f,64,0,0,3,4,444.5,9,5.06,3,-0.9,0.3,2,100,0.4444444444444444,5.675257130087322e-22,1.028192753047887e-16,3.1152374475444533e-19,NaN,NaN
B_4f,64,0,0,3,4,444.5,9,5.06,3,-0.9,0.3,2,300,0.4444444444444444,3.615417908294291e-167,2.121136389508969e-162,1.14619120959391e-163,NaN,NaN
B_4f,64,0,0,3,4,444.5,9,5.06,3,-0.9,0.3,2,1000,0.4444444444444444,0,0,0,NaN,NaN
B_4f,64,0,0,3,4,444.5,9,5.06,3,-0.9,0.3,2,3000,0.4444444444444444,0,0,0,NaN,NaN
B_4f,64,0,0,3,4,444.5,9,5.06,3,-0.9,0.3,3,1,0,1.553337781415505,1.645557217020824,0.0011833771868570663,NaN,NaN
B_4f,64,0,0,3,4,444.5,9,5.06,3,-0.9,0.3,3,3,0,1.1835654489962704,1.3471230304600017,0.0008301672834078355,NaN,NaN
B_4f,64,0,0,3,4,444.5,9,5.06,3,-0.9,0.3,3,10,0,0.615645426096178,0.8092510465295005,0.00034413776207107617,NaN,NaN
B_4f,64,0,0,3,4,444.5,9,5.06,3,-0.9,0.3,3,30,0.3333333333333333,0.0787117240116964,0.3464088747998595,0.0002479783795118385,NaN,NaN
B_4f,64,0,0,3,4,444.5,9,5.06,3,-0.9,0.3,3,100,0.7777777777777778,1.2449291432767191e-21,1.4039923846123267e-16,7.544214303937187e-19,NaN,NaN
B_4f,64,0,0,3,4,444.5,9,5.06,3,-0.9,0.3,3,300,0.7777777777777778,1.3408359633512801e-167,2.887969423481739e-162,2.685931621342667e-163,NaN,NaN
B_4f,64,0,0,3,4,444.5,9,5.06,3,-0.9,0.3,3,1000,0.7777777777777778,0,0,0,NaN,NaN
B_4f,64,0,0,3,4,444.5,9,5.06,3,-0.9,0.3,3,3000,0.7777777777777778,0,0,0,NaN,NaN
B_4f,64,0,0,3,4,444.5,9,5.06,3.5,-0.6,0.05,1,1,0,1.8733292213351274,1.9909226866363239,0.000892854262566961,NaN,NaN
B_4f,64,0,0,3,4,444.5,9,5.06,3.5,-0.6,0.05,1,3,0,1.9019258141030901,2.138826648974432,0.002372933782411454,NaN,NaN
B_4f,64,0,0,3,4,444.5,9,5.06,3.5,-0.6,0.05,1,10,0,1.8281275719998444,2.179205817465412,0.008188451190506936,NaN,NaN
B_4f,64,0,0,3,4,444.5,9,5.06,3.5,-0.6,0.05,1,30,0.1111111111111111,1.873486908582182,2.220327159757255,1.549853767082011,NaN,NaN
B_4f,64,0,0,3,4,444.5,9,5.06,3.5,-0.6,0.05,1,100,0.2222222222222222,1.8688367285229586,2.289650023168756,2.990987906209196,NaN,NaN
B_4f,64,0,0,3,4,444.5,9,5.06,3.5,-0.6,0.05,1,300,0.5555555555555556,1.8709306792544556,2.299677721791744,3.117427753227563,NaN,NaN
B_4f,64,0,0,3,4,444.5,9,5.06,3.5,-0.6,0.05,1,1000,0.6666666666666666,1.8622126872101776,2.319418488248324,3.1074624610863966,NaN,NaN
B_4f,64,0,0,3,4,444.5,9,5.06,3.5,-0.6,0.05,1,3000,0.6666666666666666,1.8651105918774462,2.324437066005524,3.1238936537586124,NaN,NaN
B_4f,64,0,0,3,4,444.5,9,5.06,3.5,-0.6,0.05,2,1,0,1.906785182142979,1.9790102420109685,0.000559596859013831,NaN,NaN
B_4f,64,0,0,3,4,444.5,9,5.06,3.5,-0.6,0.05,2,3,0,1.979698150106196,2.119498052543075,0.0008435341739649659,NaN,NaN
B_4f,64,0,0,3,4,444.5,9,5.06,3.5,-0.6,0.05,2,10,0,1.9545909457398212,2.156165526611545,0.004722600034149021,NaN,NaN
B_4f,64,0,0,3,4,444.5,9,5.06,3.5,-0.6,0.05,2,30,0.1111111111111111,1.9649731416045357,2.1780322174105224,1.007273696969678,NaN,NaN
B_4f,64,0,0,3,4,444.5,9,5.06,3.5,-0.6,0.05,2,100,0.2222222222222222,1.9833896352233882,2.241680424538096,3.0981920938576564,NaN,NaN
B_4f,64,0,0,3,4,444.5,9,5.06,3.5,-0.6,0.05,2,300,0.4444444444444444,2.0133521628074234,2.2686464011904537,3.1116865008880614,NaN,NaN
B_4f,64,0,0,3,4,444.5,9,5.06,3.5,-0.6,0.05,2,1000,0.4444444444444444,2.0148243613708137,2.3035107160944888,3.1341457200266394,NaN,NaN
B_4f,64,0,0,3,4,444.5,9,5.06,3.5,-0.6,0.05,2,3000,0.4444444444444444,2.0140625527958465,2.302908851279158,3.1538943010419973,NaN,NaN
B_4f,64,0,0,3,4,444.5,9,5.06,3.5,-0.6,0.05,3,1,0,1.8715505726702264,1.9826618451721931,0.0014258008002155168,NaN,NaN
B_4f,64,0,0,3,4,444.5,9,5.06,3.5,-0.6,0.05,3,3,0,1.9020433053742498,2.1277781533687627,0.00286478642485821,NaN,NaN
B_4f,64,0,0,3,4,444.5,9,5.06,3.5,-0.6,0.05,3,10,0,1.8293553088128673,2.167438003228258,0.019757325207740272,NaN,NaN
B_4f,64,0,0,3,4,444.5,9,5.06,3.5,-0.6,0.05,3,30,0.1111111111111111,1.8688525555210178,2.196448949745434,2.1241101330964347,NaN,NaN
B_4f,64,0,0,3,4,444.5,9,5.06,3.5,-0.6,0.05,3,100,0.1111111111111111,1.857754628791625,2.257552098376319,3.0670096888800416,NaN,NaN
B_4f,64,0,0,3,4,444.5,9,5.06,3.5,-0.6,0.05,3,300,0.2222222222222222,1.8688479152409856,2.281473778904181,3.1076986547172005,NaN,NaN
B_4f,64,0,0,3,4,444.5,9,5.06,3.5,-0.6,0.05,3,1000,0.2222222222222222,1.8701790307566262,2.3197358518440727,3.100753885202278,NaN,NaN
B_4f,64,0,0,3,4,444.5,9,5.06,3.5,-0.6,0.05,3,3000,0.2222222222222222,1.8642207157302069,2.3226881602211438,3.141076687789227,NaN,NaN
B_4f,64,0,0,3,4,444.5,9,5.06,3.5,-0.9,0.3,1,1,0,1.723787514617489,1.8319938805771985,0.0008215806451196144,-0.000361608195009222,0.00006664807330944436
B_4f,64,0,0,3,4,444.5,9,5.06,3.5,-0.9,0.3,1,3,0,1.5368146774703895,1.7540176917412709,0.0008923339756626471,-0.000361608195009222,0.00006664807330944436
B_4f,64,0,0,3,4,444.5,9,5.06,3.5,-0.9,0.3,1,10,0,1.1716381333494919,1.4803110775189596,0.0003360649023179668,-0.000361608195009222,0.00006664807330944436
B_4f,64,0,0,3,4,444.5,9,5.06,3.5,-0.9,0.3,1,30,0,1.0391105265543026,1.3836447592192134,0.0002229095470167874,-0.000361608195009222,0.00006664807330944436
B_4f,64,0,0,3,4,444.5,9,5.06,3.5,-0.9,0.3,1,100,0,1.027630036593157,1.4100896737231616,0.0002973519150933794,-0.000361608195009222,0.00006664807330944436
B_4f,64,0,0,3,4,444.5,9,5.06,3.5,-0.9,0.3,1,300,0,1.029357779567638,1.4828230510354325,0.0002784023731098258,-0.000361608195009222,0.00006664807330944436
B_4f,64,0,0,3,4,444.5,9,5.06,3.5,-0.9,0.3,1,1000,0,1.0295412183266932,1.5417993274737618,0.00032768852670198435,-0.000361608195009222,0.00006664807330944436
B_4f,64,0,0,3,4,444.5,9,5.06,3.5,-0.9,0.3,1,3000,0,1.0252177269912701,1.5438684691290154,0.00034992587052052373,-0.000361608195009222,0.00006664807330944436
B_4f,64,0,0,3,4,444.5,9,5.06,3.5,-0.9,0.3,2,1,0,1.7545727961757427,1.8210323672030975,0.0005149260833606776,-0.0003487319852582151,0.00013605855610035057
B_4f,64,0,0,3,4,444.5,9,5.06,3.5,-0.9,0.3,2,3,0,1.610490207971675,1.7377042042345197,0.0003750899957111479,-0.0003487319852582151,0.00013605855610035057
B_4f,64,0,0,3,4,444.5,9,5.06,3.5,-0.9,0.3,2,10,0,1.2562722393463674,1.447696751378189,0.0003832129202639312,-0.0003487319852582151,0.00013605855610035057
B_4f,64,0,0,3,4,444.5,9,5.06,3.5,-0.9,0.3,2,30,0,1.0938663398299222,1.3280859729402912,0.00019879070313169568,-0.0003487319852582151,0.00013605855610035057
B_4f,64,0,0,3,4,444.5,9,5.06,3.5,-0.9,0.3,2,100,0,1.0622721196282534,1.3335381640289072,0.00021459883335749004,-0.0003487319852582151,0.00013605855610035057
B_4f,64,0,0,3,4,444.5,9,5.06,3.5,-0.9,0.3,2,300,0,1.0643303714102148,1.3952525258254995,0.00014616907868500892,-0.0003487319852582151,0.00013605855610035057
B_4f,64,0,0,3,4,444.5,9,5.06,3.5,-0.9,0.3,2,1000,0,1.0450684758554427,1.425815378032423,0.00025818677337379793,-0.0003487319852582151,0.00013605855610035057
B_4f,64,0,0,3,4,444.5,9,5.06,3.5,-0.9,0.3,2,3000,0,1.047777942503011,1.4263420316862008,0.00040800337515929213,-0.0003487319852582151,0.00013605855610035057
B_4f,64,0,0,3,4,444.5,9,5.06,3.5,-0.9,0.3,3,1,0,1.722150849622074,1.824392474901183,0.0013119838145648815,0.00009535983130276399,0.00015033788853927114
B_4f,64,0,0,3,4,444.5,9,5.06,3.5,-0.9,0.3,3,3,0,1.5359576975803504,1.7443362513626497,0.0011284558079402126,0.00009535983130276399,0.00015033788853927114
B_4f,64,0,0,3,4,444.5,9,5.06,3.5,-0.9,0.3,3,10,0,1.172076152232249,1.4634370337471998,0.0006921039353471891,0.00009535983130276399,0.00015033788853927114
B_4f,64,0,0,3,4,444.5,9,5.06,3.5,-0.9,0.3,3,30,0,1.0383001653132693,1.3553462693435756,0.0003979273671255065,0.00009535983130276399,0.00015033788853927114
B_4f,64,0,0,3,4,444.5,9,5.06,3.5,-0.9,0.3,3,100,0,1.0275118884692083,1.3715539923342512,0.0004609326155288299,0.00009535983130276399,0.00015033788853927114
B_4f,64,0,0,3,4,444.5,9,5.06,3.5,-0.9,0.3,3,300,0,1.030754050231631,1.4366679350083282,0.00031533321152261783,0.00009535983130276399,0.00015033788853927114
B_4f,64,0,0,3,4,444.5,9,5.06,3.5,-0.9,0.3,3,1000,0,1.0339283014065748,1.4718177589791124,0.0006068279693890156,0.00009535983130276399,0.00015033788853927114
B_4f,64,0,0,3,4,444.5,9,5.06,3.5,-0.9,0.3,3,3000,0,1.0324294395448348,1.475524446251699,0.0009206298288426413,0.00009535983130276399,0.00015033788853927114
B_4f,64,0,0,4,2,381,16,6.89,2.2,-0.6,0.05,1,1,0,1.2255669336461468,1.489203512004847,0.010639562225542644,NaN,NaN
B_4f,64,0,0,4,2,381,16,6.89,2.2,-0.6,0.05,1,3,0,0.7533809916922428,1.0808413930157026,0.01827614421579697,NaN,NaN
B_4f,64,0,0,4,2,381,16,6.89,2.2,-0.6,0.05,1,10,0,0.32184463812935316,0.6174552213141267,0.01263228035542834,NaN,NaN
B_4f,64,0,0,4,2,381,16,6.89,2.2,-0.6,0.05,1,30,0.125,0.13693950751177614,0.42850603859217534,0.0032831051637456877,NaN,NaN
B_4f,64,0,0,4,2,381,16,6.89,2.2,-0.6,0.05,1,100,0.125,0.00002824656215240354,0.38538214268828375,0.0011221554923950838,NaN,NaN
B_4f,64,0,0,4,2,381,16,6.89,2.2,-0.6,0.05,1,300,0.125,0.00007286921079191612,0.4113212563278388,0.002343013425610809,NaN,NaN
B_4f,64,0,0,4,2,381,16,6.89,2.2,-0.6,0.05,1,1000,0.125,0.00005999782751636459,0.41258143803916636,0.0019273920334880559,NaN,NaN
B_4f,64,0,0,4,2,381,16,6.89,2.2,-0.6,0.05,1,3000,0.125,0.00004465453206311724,0.4130468004901487,0.0014614736771250113,NaN,NaN
B_4f,64,0,0,4,2,381,16,6.89,2.2,-0.6,0.05,2,1,0,1.2076260888786456,1.4766052323575316,0.007817729770389194,NaN,NaN
B_4f,64,0,0,4,2,381,16,6.89,2.2,-0.6,0.05,2,3,0,0.7453470067926239,1.0707762103568854,0.013842366621372552,NaN,NaN
B_4f,64,0,0,4,2,381,16,6.89,2.2,-0.6,0.05,2,10,0,0.3210778313379119,0.6166749792918209,0.011360166022242693,NaN,NaN
B_4f,64,0,0,4,2,381,16,6.89,2.2,-0.6,0.05,2,30,0.125,0.14002579607903592,0.4347237859673437,0.003168063187465539,NaN,NaN
B_4f,64,0,0,4,2,381,16,6.89,2.2,-0.6,0.05,2,100,0.125,0.000013555543568637765,0.3845320276937988,0.0007899291182059097,NaN,NaN
B_4f,64,0,0,4,2,381,16,6.89,2.2,-0.6,0.05,2,300,0.125,0.0000314897611525042,0.40523382775419614,0.0012282535520961224,NaN,NaN
B_4f,64,0,0,4,2,381,16,6.89,2.2,-0.6,0.05,2,1000,0.125,0.00001964358003896067,0.41023496230898215,0.0014298780766860866,NaN,NaN
B_4f,64,0,0,4,2,381,16,6.89,2.2,-0.6,0.05,2,3000,0.125,0.0000253490647952702,0.4005371747485046,0.0011710287482642994,NaN,NaN
B_4f,64,0,0,4,2,381,16,6.89,2.2,-0.6,0.05,3,1,0,1.2313389441614166,1.537470006801116,0.005829971141671149,NaN,NaN
B_4f,64,0,0,4,2,381,16,6.89,2.2,-0.6,0.05,3,3,0,0.7598738583019333,1.14418744341762,0.009434733678640658,NaN,NaN
B_4f,64,0,0,4,2,381,16,6.89,2.2,-0.6,0.05,3,10,0,0.32559812536752714,0.6802307331391433,0.0035354657597047472,NaN,NaN
B_4f,64,0,0,4,2,381,16,6.89,2.2,-0.6,0.05,3,30,0.0625,0.1438562545793205,0.4963674714702949,0.0008440485730387444,NaN,NaN
B_4f,64,0,0,4,2,381,16,6.89,2.2,-0.6,0.05,3,100,0.0625,0.000032699969220670864,0.4710274570856493,0.0011573855256977873,NaN,NaN
B_4f,64,0,0,4,2,381,16,6.89,2.2,-0.6,0.05,3,300,0.0625,0.00013635268636618693,0.4971846229145873,0.0026052983645078404,NaN,NaN
B_4f,64,0,0,4,2,381,16,6.89,2.2,-0.6,0.05,3,1000,0.0625,0.00005430124497380931,0.48320711431860486,0.0022893093027087485,NaN,NaN
B_4f,64,0,0,4,2,381,16,6.89,2.2,-0.6,0.05,3,3000,0.0625,0.00024231664236651,0.49614666754932807,0.0014524921387079003,NaN,NaN
B_4f,64,0,0,4,2,381,16,6.89,2.2,-0.9,0.3,1,1,0,1.1131735649832577,1.3526327587120237,0.009663837271810796,NaN,NaN
B_4f,64,0,0,4,2,381,16,6.89,2.2,-0.9,0.3,1,3,0,0.5134630529378064,0.7715982639422276,0.0053261957794368785,NaN,NaN
B_4f,64,0,0,4,2,381,16,6.89,2.2,-0.9,0.3,1,10,0.5625,0.006388607056506909,0.07281134875570433,0.000410183949279504,NaN,NaN
B_4f,64,0,0,4,2,381,16,6.89,2.2,-0.9,0.3,1,30,0.5625,8.805797630512335e-21,2.7752295367240144e-17,1.3263495227972539e-18,NaN,NaN
B_4f,64,0,0,4,2,381,16,6.89,2.2,-0.9,0.3,1,100,0.5625,1.7042094353252577e-82,1.1946762573455928e-77,8.391091282022262e-79,NaN,NaN
B_4f,64,0,0,4,2,381,16,6.89,2.2,-0.9,0.3,1,300,0.5625,2.782161756103342e-254,4.460394149298377e-250,8.218564863041822e-251,NaN,NaN
B_4f,64,0,0,4,2,381,16,6.89,2.2,-0.9,0.3,1,1000,0.5625,0,0,0,NaN,NaN
B_4f,64,0,0,4,2,381,16,6.89,2.2,-0.9,0.3,1,3000,0.5625,0,0,0,NaN,NaN
B_4f,64,0,0,4,2,381,16,6.89,2.2,-0.9,0.3,2,1,0,1.0968780256860005,1.341189832599506,0.0071007873006898,NaN,NaN
B_4f,64,0,0,4,2,381,16,6.89,2.2,-0.9,0.3,2,3,0,0.5097770676787235,0.7636916803734126,0.00425858683141256,NaN,NaN
B_4f,64,0,0,4,2,381,16,6.89,2.2,-0.9,0.3,2,10,0.5,0.0066961058424638694,0.07188619606154235,0.00023031279546798628,NaN,NaN
B_4f,64,0,0,4,2,381,16,6.89,2.2,-0.9,0.3,2,30,0.5,9.179996365013991e-21,2.7632876763988882e-17,7.166622415557933e-19,NaN,NaN
B_4f,64,0,0,4,2,381,16,6.89,2.2,-0.9,0.3,2,100,0.5,5.084240936661239e-82,1.1936436530263295e-77,4.4829263108803745e-79,NaN,NaN
B_4f,64,0,0,4,2,381,16,6.89,2.2,-0.9,0.3,2,300,0.5,7.943171863618911e-255,4.5594908463069494e-250,4.6049871448672935e-251,NaN,NaN
B_4f,64,0,0,4,2,381,16,6.89,2.2,-0.9,0.3,2,1000,0.5,0,0,0,NaN,NaN
B_4f,64,0,0,4,2,381,16,6.89,2.2,-0.9,0.3,2,3000,0.5,0,0,0,NaN,NaN
B_4f,64,0,0,4,2,381,16,6.89,2.2,-0.9,0.3,3,1,0,1.118416240308455,1.3964728661811125,0.005295320542156,NaN,NaN
B_4f,64,0,0,4,2,381,16,6.89,2.2,-0.9,0.3,3,3,0,0.5222097402279141,0.8217941819509569,0.002465797500826914,NaN,NaN
B_4f,64,0,0,4,2,381,16,6.89,2.2,-0.9,0.3,3,10,0.625,0.007847576704378573,0.08540953457600618,0.0003699492236380635,NaN,NaN
B_4f,64,0,0,4,2,381,16,6.89,2.2,-0.9,0.3,3,30,0.625,1.3674713531503673e-20,2.914061156522731e-17,1.1608650216987642e-18,NaN,NaN
B_4f,64,0,0,4,2,381,16,6.89,2.2,-0.9,0.3,3,100,0.625,1.4064955143690646e-81,1.2590414596966526e-77,7.323506936582604e-79,NaN,NaN
B_4f,64,0,0,4,2,381,16,6.89,2.2,-0.9,0.3,3,300,0.625,4.9696885971413556e-254,4.763396079833154e-250,7.278384690250323e-251,NaN,NaN
B_4f,64,0,0,4,2,381,16,6.89,2.2,-0.9,0.3,3,1000,0.625,0,0,0,NaN,NaN
B_4f,64,0,0,4,2,381,16,6.89,2.2,-0.9,0.3,3,3000,0.625,0,0,0,NaN,NaN
B_4f,64,0,0,4,2,381,16,6.89,2.6,-0.6,0.05,1,1,0,1.348014006080896,1.6379906612811759,0.011702566791624716,NaN,NaN
B_4f,64,0,0,4,2,381,16,6.89,2.6,-0.6,0.05,1,3,0,0.9680653486110226,1.381017379829798,0.026553592129860783,NaN,NaN
B_4f,64,0,0,4,2,381,16,6.89,2.6,-0.6,0.05,1,10,0,0.6059745157683392,1.0672384748858699,0.068383545730117,NaN,NaN
B_4f,64,0,0,4,2,381,16,6.89,2.6,-0.6,0.05,1,30,0.0625,0.5139695470313074,0.983223317894065,0.6175443023267595,NaN,NaN
B_4f,64,0,0,4,2,381,16,6.89,2.6,-0.6,0.05,1,100,0.1875,0.5247554645970969,1.0205468368655128,1.4958965699291664,NaN,NaN
B_4f,64,0,0,4,2,381,16,6.89,2.6,-0.6,0.05,1,300,0.3125,0.49943552072555847,1.0462813876440702,1.554116779285533,NaN,NaN
B_4f,64,0,0,4,2,381,16,6.89,2.6,-0.6,0.05,1,1000,0.3125,0.5259190591845283,1.0455881849357953,1.5176154879170287,NaN,NaN
B_4f,64,0,0,4,2,381,16,6.89,2.6,-0.6,0.05,1,3000,0.3125,0.5061476269453687,1.0340472484656915,1.5114690368658181,NaN,NaN
B_4f,64,0,0,4,2,381,16,6.89,2.6,-0.6,0.05,2,1,0,1.3282806815569033,1.6241336805232338,0.00859880348997973,NaN,NaN
B_4f,64,0,0,4,2,381,16,6.89,2.6,-0.6,0.05,2,3,0,0.9559905106508084,1.368202498753499,0.019933354921370428,NaN,NaN
B_4f,64,0,0,4,2,381,16,6.89,2.6,-0.6,0.05,2,10,0,0.5991364614692053,1.064203561717621,0.05844951916861754,NaN,NaN
B_4f,64,0,0,4,2,381,16,6.89,2.6,-0.6,0.05,2,30,0.0625,0.5087183380912933,0.9868431977039027,0.5672493802975853,NaN,NaN
B_4f,64,0,0,4,2,381,16,6.89,2.6,-0.6,0.05,2,100,0.25,0.5187238796358307,1.027419507371097,1.5114544640558831,NaN,NaN
B_4f,64,0,0,4,2,381,16,6.89,2.6,-0.6,0.05,2,300,0.375,0.509430426380451,1.0422890281747734,1.5461210581083908,NaN,NaN
B_4f,64,0,0,4,2,381,16,6.89,2.6,-0.6,0.05,2,1000,0.375,0.5247674492613872,1.0384749941743585,1.5382033793449486,NaN,NaN
B_4f,64,0,0,4,2,381,16,6.89,2.6,-0.6,0.05,2,3000,0.375,0.5222309298946044,1.0346986791563988,1.5446065139468486,NaN,NaN
B_4f,64,0,0,4,2,381,16,6.89,2.6,-0.6,0.05,3,1,0,1.3543627013697637,1.6910794883566846,0.006412446793615278,NaN,NaN
B_4f,64,0,0,4,2,381,16,6.89,2.6,-0.6,0.05,3,3,0,0.9746947355977208,1.4607033058665522,0.013919851800881134,NaN,NaN
B_4f,64,0,0,4,2,381,16,6.89,2.6,-0.6,0.05,3,10,0,0.6110764832859152,1.161551259356802,0.018046741182810938,NaN,NaN
B_4f,64,0,0,4,2,381,16,6.89,2.6,-0.6,0.05,3,30,0,0.5151820743213911,1.0746106672133084,0.10780082203797203,NaN,NaN
B_4f,64,0,0,4,2,381,16,6.89,2.6,-0.6,0.05,3,100,0.1875,0.5226680426923098,1.1246055771807177,1.5026138626352334,NaN,NaN
B_4f,64,0,0,4,2,381,16,6.89,2.6,-0.6,0.05,3,300,0.1875,0.502489808792162,1.1491955938594653,1.5210663628646202,NaN,NaN
B_4f,64,0,0,4,2,381,16,6.89,2.6,-0.6,0.05,3,1000,0.1875,0.5155035733105624,1.1366729311448092,1.4843782197413806,NaN,NaN
B_4f,64,0,0,4,2,381,16,6.89,2.6,-0.6,0.05,3,3000,0.1875,0.5330059980814725,1.11405981848254,1.5157374452692554,NaN,NaN
B_4f,64,0,0,4,2,381,16,6.89,2.6,-0.9,0.3,1,1,0,1.2303262117064768,1.4949865773009758,0.010680879132584904,NaN,NaN
B_4f,64,0,0,4,2,381,16,6.89,2.6,-0.9,0.3,1,3,0,0.699307778756937,1.0437727062218325,0.007899515242236432,NaN,NaN
B_4f,64,0,0,4,2,381,16,6.89,2.6,-0.9,0.3,1,10,0.125,0.10598338612403245,0.3827263699579773,0.0018998119429831822,NaN,NaN
B_4f,64,0,0,4,2,381,16,6.89,2.6,-0.9,0.3,1,30,0.5625,2.0187673032313972e-9,0.000020772315490673784,2.3839661828736308e-7,NaN,NaN
B_4f,64,0,0,4,2,381,16,6.89,2.6,-0.9,0.3,1,100,0.5625,8.584126268578204e-65,1.041158972004975e-60,3.724007240426134e-62,NaN,NaN
B_4f,64,0,0,4,2,381,16,6.89,2.6,-0.9,0.3,1,300,0.5625,6.4354956581574365e-223,1.4242413579919452e-218,1.8638361881424127e-219,NaN,NaN
B_4f,64,0,0,4,2,381,16,6.89,2.6,-0.9,0.3,1,1000,0.5625,0,0,0,NaN,NaN
B_4f,64,0,0,4,2,381,16,6.89,2.6,-0.9,0.3,1,3000,0.5625,0,0,0,NaN,NaN
B_4f,64,0,0,4,2,381,16,6.89,2.6,-0.9,0.3,2,1,0,1.2123156967589628,1.4823393744049365,0.007848088577204525,NaN,NaN
B_4f,64,0,0,4,2,381,16,6.89,2.6,-0.9,0.3,2,3,0,0.6937852794666513,1.032919795790689,0.006209939986810345,NaN,NaN
B_4f,64,0,0,4,2,381,16,6.89,2.6,-0.9,0.3,2,10,0.125,0.10869866469102556,0.3830274669831967,0.0012216518463539657,NaN,NaN
B_4f,64,0,0,4,2,381,16,6.89,2.6,-0.9,0.3,2,30,0.5,1.2456757824716078e-9,0.000021031423920786508,1.8761206032447016e-7,NaN,NaN
B_4f,64,0,0,4,2,381,16,6.89,2.6,-0.9,0.3,2,100,0.5,6.6465020036866355e-65,1.0564204866548671e-60,3.0756193961934667e-62,NaN,NaN
B_4f,64,0,0,4,2,381,16,6.89,2.6,-0.9,0.3,2,300,0.5,5.545014098000761e-223,1.4321707164867967e-218,1.6439055858137594e-219,NaN,NaN
B_4f,64,0,0,4,2,381,16,6.89,2.6,-0.9,0.3,2,1000,0.5,0,0,0,NaN,NaN
B_4f,64,0,0,4,2,381,16,6.89,2.6,-0.9,0.3,2,3000,0.5,0,0,0,NaN,NaN
B_4f,64,0,0,4,2,381,16,6.89,2.6,-0.9,0.3,3,1,0,1.236120636830249,1.5434405067149937,0.005852610830279868,NaN,NaN
B_4f,64,0,0,4,2,381,16,6.89,2.6,-0.9,0.3,3,3,0,0.7098875711564213,1.1104818917371275,0.003734611872880619,NaN,NaN
B_4f,64,0,0,4,2,381,16,6.89,2.6,-0.9,0.3,3,10,0.0625,0.11666708395397588,0.4443557228216532,0.001519804024567037,NaN,NaN
B_4f,64,0,0,4,2,381,16,6.89,2.6,-0.9,0.3,3,30,0.625,2.3514345901668424e-8,0.00009256123584255678,4.5601423604608207e-7,NaN,NaN
B_4f,64,0,0,4,2,381,16,6.89,2.6,-0.9,0.3,3,100,0.625,1.8421651262211513e-63,4.980530390384899e-60,7.98147086963302e-62,NaN,NaN
B_4f,64,0,0,4,2,381,16,6.89,2.6,-0.9,0.3,3,300,0.625,3.4292513353502345e-221,6.847883540776527e-218,4.68324142547651e-219,NaN,NaN
B_4f,64,0,0,4,2,381,16,6.89,2.6,-0.9,0.3,3,1000,0.625,0,0,0,NaN,NaN
B_4f,64,0,0,4,2,381,16,6.89,2.6,-0.9,0.3,3,3000,0.625,0,0,0,NaN,NaN
B_4f,64,0,0,4,2,381,16,6.89,3,-0.6,0.05,1,1,0,1.4704610785156471,1.7867778105575063,0.012765571357706793,NaN,NaN
B_4f,64,0,0,4,2,381,16,6.89,3,-0.6,0.05,1,3,0,1.1967883497917033,1.6981550209177356,0.036727810864705134,NaN,NaN
B_4f,64,0,0,4,2,381,16,6.89,3,-0.6,0.05,1,10,0,0.9361016720905758,1.5632258346218206,0.23267353766700846,NaN,NaN
B_4f,64,0,0,4,2,381,16,6.89,3,-0.6,0.05,1,30,0.1875,0.9001285569578625,1.5241463627623792,1.644973110164781,NaN,NaN
B_4f,64,0,0,4,2,381,16,6.89,3,-0.6,0.05,1,100,0.375,0.912393234310978,1.5634529326982056,2.280780484451239,NaN,NaN
B_4f,64,0,0,4,2,381,16,6.89,3,-0.6,0.05,1,300,0.375,1.1347084010545097,1.6607562853783193,2.2823722979753134,NaN,NaN
B_4f,64,0,0,4,2,381,16,6.89,3,-0.6,0.05,1,1000,0.4375,1.1653041133790638,1.652593281016525,2.2719580475069088,NaN,NaN
B_4f,64,0,0,4,2,381,16,6.89,3,-0.6,0.05,1,3000,0.4375,1.1705289033964745,1.667910583955294,2.206125575135456,NaN,NaN
B_4f,64,0,0,4,2,381,16,6.89,3,-0.6,0.05,2,1,0,1.448935274235163,1.7716621286889374,0.009379877209570264,NaN,NaN
B_4f,64,0,0,4,2,381,16,6.89,3,-0.6,0.05,2,3,0,1.1801533625196161,1.6825094872072683,0.027385340133909843,NaN,NaN
B_4f,64,0,0,4,2,381,16,6.89,3,-0.6,0.05,2,10,0,0.9247363159217761,1.5583214825924636,0.1909531587907913,NaN,NaN
B_4f,64,0,0,4,2,381,16,6.89,3,-0.6,0.05,2,30,0.25,0.8862622689333886,1.5297517046384728,1.5318696313351443,NaN,NaN
B_4f,64,0,0,4,2,381,16,6.89,3,-0.6,0.05,2,100,0.4375,0.8917795396436549,1.5678945475997752,2.292997685840056,NaN,NaN
B_4f,64,0,0,4,2,381,16,6.89,3,-0.6,0.05,2,300,0.5,1.0168410022381926,1.6428859695956057,2.267957969019374,NaN,NaN
B_4f,64,0,0,4,2,381,16,6.89,3,-0.6,0.05,2,1000,0.5,1.1077673845775573,1.6571193046544526,2.2706608953754275,NaN,NaN
B_4f,64,0,0,4,2,381,16,6.89,3,-0.6,0.05,2,3000,0.5,1.1179099138196853,1.6447217827005742,2.207397026197114,NaN,NaN
B_4f,64,0,0,4,2,381,16,6.89,3,-0.6,0.05,3,1,0,1.4773864585781122,1.8446889699122546,0.006994922445559409,NaN,NaN
B_4f,64,0,0,4,2,381,16,6.89,3,-0.6,0.05,3,3,0,1.2031287849747974,1.7946985530593391,0.019509595743723823,NaN,NaN
B_4f,64,0,0,4,2,381,16,6.89,3,-0.6,0.05,3,10,0,0.942012694263279,1.6864661971020858,0.08305456166394859,NaN,NaN
B_4f,64,0,0,4,2,381,16,6.89,3,-0.6,0.05,3,30,0.1875,0.9025891470540106,1.6421645867056704,1.6793324405320629,NaN,NaN
B_4f,64,0,0,4,2,381,16,6.89,3,-0.6,0.05,3,100,0.25,0.9085347801038745,1.6898921072648765,2.2651916566224024,NaN,NaN
B_4f,64,0,0,4,2,381,16,6.89,3,-0.6,0.05,3,300,0.25,1.0406236746662265,1.7550907222720415,2.2643536666913247,NaN,NaN
B_4f,64,0,0,4,2,381,16,6.89,3,-0.6,0.05,3,1000,0.375,0.9660021168962513,1.7527842818127748,2.189790570805103,NaN,NaN
B_4f,64,0,0,4,2,381,16,6.89,3,-0.6,0.05,3,3000,0.375,1.1232270390997172,1.7630625160740934,2.1882021237266804,NaN,NaN
B_4f,64,0,0,4,2,381,16,6.89,3,-0.9,0.3,1,1,0,1.347478858429697,1.637340395889928,0.01169792099335904,NaN,NaN
B_4f,64,0,0,4,2,381,16,6.89,3,-0.9,0.3,1,3,0,0.9034140760148494,1.338999550638004,0.011131374016412173,NaN,NaN
B_4f,64,0,0,4,2,381,16,6.89,3,-0.9,0.3,1,10,0,0.344250702876078,0.8412181198248857,0.0035282665854779694,NaN,NaN
B_4f,64,0,0,4,2,381,16,6.89,3,-0.9,0.3,1,30,0.125,0.00011992775418728143,0.41884944783107536,0.0009644045169942516,NaN,NaN
B_4f,64,0,0,4,2,381,16,6.89,3,-0.9,0.3,1,100,0.5625,0.0000014054642018004736,0.047070422163414484,0.000005130297184078383,NaN,NaN
B_4f,64,0,0,4,2,381,16,6.89,3,-0.9,0.3,1,300,0.5625,1.0404282939863105e-113,2.2465629859145062e-110,1.3455323688126623e-111,NaN,NaN
B_4f,64,0,0,4,2,381,16,6.89,3,-0.9,0.3,1,1000,0.5625,0,0,0,NaN,NaN
B_4f,64,0,0,4,2,381,16,6.89,3,-0.9,0.3,1,3000,0.5625,0,0,0,NaN,NaN
B_4f,64,0,0,4,2,381,16,6.89,3,-0.9,0.3,2,1,0,1.3277533678319247,1.6234889162103663,0.00859538985371924,NaN,NaN
B_4f,64,0,0,4,2,381,16,6.89,3,-0.9,0.3,2,3,0,0.8953030996172532,1.324992694218859,0.008615081242693149,NaN,NaN
B_4f,64,0,0,4,2,381,16,6.89,3,-0.9,0.3,2,10,0,0.34581514196518287,0.8423863506718874,0.0026337511927316,NaN,NaN
B_4f,64,0,0,4,2,381,16,6.89,3,-0.9,0.3,2,30,0.125,0.000016942283402704778,0.42984454874180916,0.0005306309245971181,NaN,NaN
B_4f,64,0,0,4,2,381,16,6.89,3,-0.9,0.3,2,100,0.5,0.0000012673243844553061,0.05198317095451477,0.000006631369621767754,NaN,NaN
B_4f,64,0,0,4,2,381,16,6.89,3,-0.9,0.3,2,300,0.5,7.757335644316312e-115,2.5955716002643847e-110,1.3776640637294949e-111,NaN,NaN
B_4f,64,0,0,4,2,381,16,6.89,3,-0.9,0.3,2,1000,0.5,0,0,0,NaN,NaN
B_4f,64,0,0,4,2,381,16,6.89,3,-0.9,0.3,2,3000,0.5,0,0,0,NaN,NaN
B_4f,64,0,0,4,2,381,16,6.89,3,-0.9,0.3,3,1,0,1.3538250333520419,1.6904081472488746,0.006409901118403782,NaN,NaN
B_4f,64,0,0,4,2,381,16,6.89,3,-0.9,0.3,3,3,0,0.9156389477479224,1.4230433253001735,0.005347588322282663,NaN,NaN
B_4f,64,0,0,4,2,381,16,6.89,3,-0.9,0.3,3,10,0,0.36360696860443265,0.9511731079099623,0.00233793573557282,NaN,NaN
B_4f,64,0,0,4,2,381,16,6.89,3,-0.9,0.3,3,30,0.0625,0.00013757285800644736,0.5334072075025105,0.0009465399772705182,NaN,NaN
B_4f,64,0,0,4,2,381,16,6.89,3,-0.9,0.3,3,100,0.4375,0.000007360406239951675,0.09884055634901909,0.000022633816798509466,NaN,NaN
B_4f,64,0,0,4,2,381,16,6.89,3,-0.9,0.3,3,300,0.625,4.778878073603779e-98,7.748115852701116e-95,3.154340241819594e-96,NaN,NaN
B_4f,64,0,0,4,2,381,16,6.89,3,-0.9,0.3,3,1000,0.625,0,0,0,NaN,NaN
B_4f,64,0,0,4,2,381,16,6.89,3,-0.9,0.3,3,3000,0.625,0,0,0,NaN,NaN
B_4f,64,0,0,4,2,381,16,6.89,3.5,-0.6,0.05,1,1,0,1.6235199190590859,1.9727617471529177,0.014094327065309388,NaN,NaN
B_4f,64,0,0,4,2,381,16,6.89,3.5,-0.6,0.05,1,3,0,1.4970211754402536,2.1134587231180824,0.05226092010056464,NaN,NaN
B_4f,64,0,0,4,2,381,16,6.89,3.5,-0.6,0.05,1,10,0.0625,1.3858576990722813,2.2165927819012223,0.5965448223014183,NaN,NaN
B_4f,64,0,0,4,2,381,16,6.89,3.5,-0.6,0.05,1,30,0.3125,1.3900287413486865,2.1977468475371618,2.5249921741468415,NaN,NaN
B_4f,64,0,0,4,2,381,16,6.89,3.5,-0.6,0.05,1,100,0.4375,1.3978105735022872,2.2390701808610434,2.990153995200409,NaN,NaN
B_4f,64,0,0,4,2,381,16,6.89,3.5,-0.6,0.05,1,300,0.4375,1.7015422457122424,2.361022105328596,3.124782347142485,NaN,NaN
B_4f,64,0,0,4,2,381,16,6.89,3.5,-0.6,0.05,1,1000,0.4375,1.74340943473227,2.3722817919924215,3.1576588185756647,NaN,NaN
B_4f,64,0,0,4,2,381,16,6.89,3.5,-0.6,0.05,1,3000,0.4375,1.7601502158727742,2.403455332072748,3.165777634580665,NaN,NaN
B_4f,64,0,0,4,2,381,16,6.89,3.5,-0.6,0.05,2,1,0,1.5997535150829854,1.9560726888960651,0.010356219359058406,NaN,NaN
B_4f,64,0,0,4,2,381,16,6.89,3.5,-0.6,0.05,2,3,0,1.4759238595913888,2.0942242704791925,0.03872933410358963,NaN,NaN
B_4f,64,0,0,4,2,381,16,6.89,3.5,-0.6,0.05,2,10,0.0625,1.3749460993434894,2.211332817611467,0.4956250857933073,NaN,NaN
B_4f,64,0,0,4,2,381,16,6.89,3.5,-0.6,0.05,2,30,0.375,1.3458285204273388,2.19733049149043,2.489431654560456,NaN,NaN
B_4f,64,0,0,4,2,381,16,6.89,3.5,-0.6,0.05,2,100,0.5,1.4048557646382935,2.271183170851619,3.040024572957172,NaN,NaN
B_4f,64,0,0,4,2,381,16,6.89,3.5,-0.6,0.05,2,300,0.5,1.731312943088323,2.395305102843594,3.0483250108871616,NaN,NaN
B_4f,64,0,0,4,2,381,16,6.89,3.5,-0.6,0.05,2,1000,0.5,1.7714036576962375,2.4035785879693,3.0414410094560735,NaN,NaN
B_4f,64,0,0,4,2,381,16,6.89,3.5,-0.6,0.05,2,3000,0.5,1.7651588475506146,2.40468404203543,3.1245939377462797,NaN,NaN
B_4f,64,0,0,4,2,381,16,6.89,3.5,-0.6,0.05,3,1,0,1.6311661550885463,2.036700821856715,0.007723017010489583,NaN,NaN
B_4f,64,0,0,4,2,381,16,6.89,3.5,-0.6,0.05,3,3,0,1.5042666870558539,2.231546261729556,0.028164095210127093,NaN,NaN
B_4f,64,0,0,4,2,381,16,6.89,3.5,-0.6,0.05,3,10,0.0625,1.3924723719027623,2.3730935240031896,0.32082029021577,NaN,NaN
B_4f,64,0,0,4,2,381,16,6.89,3.5,-0.6,0.05,3,30,0.1875,1.3911772362447896,2.3456947922039126,2.6997300393279726,NaN,NaN
B_4f,64,0,0,4,2,381,16,6.89,3.5,-0.6,0.05,3,100,0.375,1.3938413654731665,2.4048705499797394,3.032305036396836,NaN,NaN
B_4f,64,0,0,4,2,381,16,6.89,3.5,-0.6,0.05,3,300,0.375,1.67555911173307,2.484536654247662,3.1487222209341947,NaN,NaN
B_4f,64,0,0,4,2,381,16,6.89,3.5,-0.6,0.05,3,1000,0.375,1.7509555899285054,2.4263278606140353,3.167931528953607,NaN,NaN
B_4f,64,0,0,4,2,381,16,6.89,3.5,-0.6,0.05,3,3000,0.375,1.7154604086604233,2.505138183365774,3.0277576220707423,NaN,NaN
B_4f,64,0,0,4,2,381,16,6.89,3.5,-0.9,0.3,1,1,0,1.4939196668337207,1.8152826691261186,0.01296922331932669,0.0007835080034413892,0.0007175965151899552
B_4f,64,0,0,4,2,381,16,6.89,3.5,-0.9,0.3,1,3,0,1.1794576730101396,1.7332220371314575,0.016184821416020352,0.0007835080034413892,0.0007175965151899552
B_4f,64,0,0,4,2,381,16,6.89,3.5,-0.9,0.3,1,10,0,0.7538061426612958,1.5084271849657789,0.006097666879564739,0.0007835080034413892,0.0007175965151899552
B_4f,64,0,0,4,2,381,16,6.89,3.5,-0.9,0.3,1,30,0,0.4875209150590437,1.3166532350483238,0.003123002952657229,0.0007835080034413892,0.0007175965151899552
B_4f,64,0,0,4,2,381,16,6.89,3.5,-0.9,0.3,1,100,0,0.37959005752428654,1.2911351106783613,0.0028524030029473822,0.0007835080034413892,0.0007175965151899552
B_4f,64,0,0,4,2,381,16,6.89,3.5,-0.9,0.3,1,300,0,0.29046592941664123,1.3612670369974609,0.0028177529775457633,0.0007835080034413892,0.0007175965151899552
B_4f,64,0,0,4,2,381,16,6.89,3.5,-0.9,0.3,1,1000,0,0.4783199812733637,1.4445463714083875,0.004873998554930868,0.0007835080034413892,0.0007175965151899552
B_4f,64,0,0,4,2,381,16,6.89,3.5,-0.9,0.3,1,3000,0,0.4868961383229025,1.4336068416399348,0.004766540647071589,0.0007835080034413892,0.0007175965151899552
B_4f,64,0,0,4,2,381,16,6.89,3.5,-0.9,0.3,2,1,0,1.4720504566731278,1.7999258434671541,0.009529516449362656,0.0000743605961167537,0.0010169947741163162
B_4f,64,0,0,4,2,381,16,6.89,3.5,-0.9,0.3,2,3,0,1.166790599270741,1.7150921515539583,0.012312507234126222,0.0000743605961167537,0.0010169947741163162
B_4f,64,0,0,4,2,381,16,6.89,3.5,-0.9,0.3,2,10,0,0.7457274357506748,1.5029281837920354,0.005273410684048338,0.0000743605961167537,0.0010169947741163162
B_4f,64,0,0,4,2,381,16,6.89,3.5,-0.9,0.3,2,30,0,0.49171496943875437,1.3387284786526294,0.002986753264763076,0.0000743605961167537,0.0010169947741163162
B_4f,64,0,0,4,2,381,16,6.89,3.5,-0.9,0.3,2,100,0,0.3964339226306116,1.3198291943761942,0.0023621553551511423,0.0000743605961167537,0.0010169947741163162
B_4f,64,0,0,4,2,381,16,6.89,3.5,-0.9,0.3,2,300,0,0.32661200368605814,1.3943498995623371,0.002071900966724934,0.0000743605961167537,0.0010169947741163162
B_4f,64,0,0,4,2,381,16,6.89,3.5,-0.9,0.3,2,1000,0,0.41846685172330267,1.4271624338193185,0.003359989903406391,0.0000743605961167537,0.0010169947741163162
B_4f,64,0,0,4,2,381,16,6.89,3.5,-0.9,0.3,2,3000,0,0.4114033817568583,1.4001408499366117,0.0026579309713026054,0.0000743605961167537,0.0010169947741163162
B_4f,64,0,0,4,2,381,16,6.89,3.5,-0.9,0.3,3,1,0,1.5009555290042842,1.8741176979162257,0.007106513978558625,0.0005939456316702975,0.001054959242289905
B_4f,64,0,0,4,2,381,16,6.89,3.5,-0.9,0.3,3,3,0,1.193430379325825,1.8396441604320297,0.007886195875301887,0.0005939456316702975,0.001054959242289905
B_4f,64,0,0,4,2,381,16,6.89,3.5,-0.9,0.3,3,10,0,0.780373174414633,1.669340386333888,0.002830837494045812,0.0005939456316702975,0.001054959242289905
B_4f,64,0,0,4,2,381,16,6.89,3.5,-0.9,0.3,3,30,0,0.5279582869518465,1.5148911999529386,0.001650426079083825,0.0005939456316702975,0.001054959242289905
B_4f,64,0,0,4,2,381,16,6.89,3.5,-0.9,0.3,3,100,0,0.47729072734770966,1.5279373405792054,0.0017292214279393313,0.0005939456316702975,0.001054959242289905
B_4f,64,0,0,4,2,381,16,6.89,3.5,-0.9,0.3,3,300,0,0.44254657295029076,1.606144184970736,0.002123753529630162,0.0005939456316702975,0.001054959242289905
B_4f,64,0,0,4,2,381,16,6.89,3.5,-0.9,0.3,3,1000,0,0.5637662517081697,1.6109938483011477,0.00249199672408774,0.0005939456316702975,0.001054959242289905
B_4f,64,0,0,4,2,381,16,6.89,3.5,-0.9,0.3,3,3000,0,0.5260114649597528,1.5828104266038094,0.002657805961051286,0.0005939456316702975,0.001054959242289905
B_4f,64,0,0,4,3,444.5,9,5.06,2.2,-0.6,0.05,1,1,0,1.5217635189096692,1.5864447894941813,0.00045641380542960725,0.0007197535916357027,0.000232626449151425
B_4f,64,0,0,4,3,444.5,9,5.06,2.2,-0.6,0.05,1,3,0,1.0689384795832497,1.17712309069609,0.0012111790483120457,0.0007197535916357027,0.000232626449151425
B_4f,64,0,0,4,3,444.5,9,5.06,2.2,-0.6,0.05,1,10,0,0.5950640311012297,0.7169306787765803,0.00101691073940816,0.0007197535916357027,0.000232626449151425
B_4f,64,0,0,4,3,444.5,9,5.06,2.2,-0.6,0.05,1,30,0,0.394265774619273,0.5331846561053312,0.0003716883545789498,0.0007197535916357027,0.000232626449151425
B_4f,64,0,0,4,3,444.5,9,5.06,2.2,-0.6,0.05,1,100,0,0.34889099884286545,0.5023095637668987,0.0003370925982178077,0.0007197535916357027,0.000232626449151425
B_4f,64,0,0,4,3,444.5,9,5.06,2.2,-0.6,0.05,1,300,0,0.41021996813763617,0.5548377734583664,0.0005072992736410473,0.0007197535916357027,0.000232626449151425
B_4f,64,0,0,4,3,444.5,9,5.06,2.2,-0.6,0.05,1,1000,0,0.42949721026302035,0.5577592106264698,0.0005228011590567215,0.0007197535916357027,0.000232626449151425
B_4f,64,0,0,4,3,444.5,9,5.06,2.2,-0.6,0.05,1,3000,0,0.4277120527483973,0.5595627689059978,0.0005028136570101909,0.0007197535916357027,0.000232626449151425
B_4f,64,0,0,4,3,444.5,9,5.06,2.2,-0.6,0.05,2,1,0,1.5213810159195316,1.5696263537299209,0.0007566766983458577,-0.00097377270195238,0.0003210151130491826
B_4f,64,0,0,4,3,444.5,9,5.06,2.2,-0.6,0.05,2,3,0,1.0688987131174343,1.1489163859155755,0.001506110618873122,-0.00097377270195238,0.0003210151130491826
B_4f,64,0,0,4,3,444.5,9,5.06,2.2,-0.6,0.05,2,10,0,0.5953830419931138,0.6854913274016007,0.0011485810293977402,-0.00097377270195238,0.0003210151130491826
B_4f,64,0,0,4,3,444.5,9,5.06,2.2,-0.6,0.05,2,30,0,0.3945401368576648,0.49742159847998324,0.0004129099083725422,-0.00097377270195238,0.0003210151130491826
B_4f,64,0,0,4,3,444.5,9,5.06,2.2,-0.6,0.05,2,100,0,0.34890154670704177,0.46254945416362864,0.0002929333155337907,-0.00097377270195238,0.0003210151130491826
B_4f,64,0,0,4,3,444.5,9,5.06,2.2,-0.6,0.05,2,300,0,0.41004189558788096,0.5180691738361932,0.00038695390047803154,-0.00097377270195238,0.0003210151130491826
B_4f,64,0,0,4,3,444.5,9,5.06,2.2,-0.6,0.05,2,1000,0,0.427498324729341,0.5219914956860927,0.00041927590222984296,-0.00097377270195238,0.0003210151130491826
B_4f,64,0,0,4,3,444.5,9,5.06,2.2,-0.6,0.05,2,3000,0,0.42470804263061973,0.5223965633476513,0.0004934001342573268,-0.00097377270195238,0.0003210151130491826
B_4f,64,0,0,4,3,444.5,9,5.06,2.2,-0.6,0.05,3,1,0,1.5222315154470885,1.5770880256027684,0.0012418205505677529,0.0007191626121352432,0.0003831007500015444
B_4f,64,0,0,4,3,444.5,9,5.06,2.2,-0.6,0.05,3,3,0,1.067093040245821,1.1589574253625694,0.0029948888564207765,0.0007191626121352432,0.0003831007500015444
B_4f,64,0,0,4,3,444.5,9,5.06,2.2,-0.6,0.05,3,10,0,0.5919306710426098,0.6959887043919123,0.0030538334895270193,0.0007191626121352432,0.0003831007500015444
B_4f,64,0,0,4,3,444.5,9,5.06,2.2,-0.6,0.05,3,30,0,0.38882105222971036,0.5088257095489442,0.000982833431271856,0.0007191626121352432,0.0003831007500015444
B_4f,64,0,0,4,3,444.5,9,5.06,2.2,-0.6,0.05,3,100,0,0.3392095063299669,0.4734663098858091,0.0005853719098487016,0.0007191626121352432,0.0003831007500015444
B_4f,64,0,0,4,3,444.5,9,5.06,2.2,-0.6,0.05,3,300,0,0.36929838930343334,0.5173578420591702,0.0006252024132907751,0.0007191626121352432,0.0003831007500015444
B_4f,64,0,0,4,3,444.5,9,5.06,2.2,-0.6,0.05,3,1000,0,0.4243196128219903,0.5324277022455813,0.0007481966046835117,0.0007191626121352432,0.0003831007500015444
B_4f,64,0,0,4,3,444.5,9,5.06,2.2,-0.6,0.05,3,3000,0,0.4230446861396348,0.5329358619628685,0.0008313935437724016,0.0007191626121352432,0.0003831007500015444
B_4f,64,0,0,4,3,444.5,9,5.06,2.2,-0.9,0.3,1,1,0,1.3822067770435145,1.4409563064143824,0.0004145573521522111,NaN,NaN
B_4f,64,0,0,4,3,444.5,9,5.06,2.2,-0.9,0.3,1,3,0,0.759408404943804,0.8447965554566003,0.000497155190197306,NaN,NaN
B_4f,64,0,0,4,3,444.5,9,5.06,2.2,-0.9,0.3,1,10,0.3333333333333333,0.07739939731520432,0.09026857316494448,0.000031713775367226146,NaN,NaN
B_4f,64,0,0,4,3,444.5,9,5.06,2.2,-0.9,0.3,1,30,0.3333333333333333,5.3671810914820797e-17,5.613314924607771e-17,2.0693236559660874e-19,NaN,NaN
B_4f,64,0,0,4,3,444.5,9,5.06,2.2,-0.9,0.3,1,100,0.3333333333333333,2.4366081155415464e-77,2.5177371949394534e-77,1.4563210635857383e-79,NaN,NaN
B_4f,64,0,0,4,3,444.5,9,5.06,2.2,-0.9,0.3,1,300,0.3333333333333333,8.310935785630582e-250,9.680460507986409e-250,2.6197109513749566e-251,NaN,NaN
B_4f,64,0,0,4,3,444.5,9,5.06,2.2,-0.9,0.3,1,1000,0.3333333333333333,0,0,0,NaN,NaN
B_4f,64,0,0,4,3,444.5,9,5.06,2.2,-0.9,0.3,1,3000,0.3333333333333333,0,0,0,NaN,NaN
B_4f,64,0,0,4,3,444.5,9,5.06,2.2,-0.9,0.3,2,1,0,1.3818593523493108,1.4256802430814357,0.000687283961987683,NaN,NaN
B_4f,64,0,0,4,3,444.5,9,5.06,2.2,-0.9,0.3,2,3,0,0.7593477232690672,0.822601353337215,0.0005865182101207195,NaN,NaN
B_4f,64,0,0,4,3,444.5,9,5.06,2.2,-0.9,0.3,2,10,0.4444444444444444,0.07727985688524328,0.08713730203960172,0.00006812896778507018,NaN,NaN
B_4f,64,0,0,4,3,444.5,9,5.06,2.2,-0.9,0.3,2,30,0.4444444444444444,5.5504810339260305e-17,5.715424483501852e-17,3.4279378524582914e-19,NaN,NaN
B_4f,64,0,0,4,3,444.5,9,5.06,2.2,-0.9,0.3,2,100,0.4444444444444444,2.4251969581129965e-77,2.550774440136369e-77,2.1332124664870102e-79,NaN,NaN
B_4f,64,0,0,4,3,444.5,9,5.06,2.2,-0.9,0.3,2,300,0.4444444444444444,8.208486959178358e-250,9.533623747651456e-250,3.1457570977990943e-251,NaN,NaN
B_4f,64,0,0,4,3,444.5,9,5.06,2.2,-0.9,0.3,2,1000,0.4444444444444444,0,0,0,NaN,NaN
B_4f,64,0,0,4,3,444.5,9,5.06,2.2,-0.9,0.3,2,3000,0.4444444444444444,0,0,0,NaN,NaN
B_4f,64,0,0,4,3,444.5,9,5.06,2.2,-0.9,0.3,3,1,0,1.3826318549072016,1.4324576255738979,0.001127936607454273,NaN,NaN
B_4f,64,0,0,4,3,444.5,9,5.06,2.2,-0.9,0.3,3,3,0,0.7578411643638705,0.8305794179103169,0.0011245925222147005,NaN,NaN
B_4f,64,0,0,4,3,444.5,9,5.06,2.2,-0.9,0.3,3,10,0.7777777777777778,0.07709939976510632,0.0885723484691922,0.00010152251342892125,NaN,NaN
B_4f,64,0,0,4,3,444.5,9,5.06,2.2,-0.9,0.3,3,30,0.7777777777777778,5.597819133205087e-17,5.903954826383063e-17,7.104229805274e-19,NaN,NaN
B_4f,64,0,0,4,3,444.5,9,5.06,2.2,-0.9,0.3,3,100,0.7777777777777778,2.4647451987648073e-77,2.6519807866249905e-77,4.281499737704537e-79,NaN,NaN
B_4f,64,0,0,4,3,444.5,9,5.06,2.2,-0.9,0.3,3,300,0.7777777777777778,8.552561108768185e-250,1.0134120074292393e-249,6.366286856755647e-251,NaN,NaN
B_4f,64,0,0,4,3,444.5,9,5.06,2.2,-0.9,0.3,3,1000,0.7777777777777778,0,0,0,NaN,NaN
B_4f,64,0,0,4,3,444.5,9,5.06,2.2,-0.9,0.3,3,3000,0.7777777777777778,0,0,0,NaN,NaN
B_4f,64,0,0,4,3,444.5,9,5.06,2.6,-0.6,0.05,1,1,0,1.6738037565441262,1.7449473687658033,0.0005020143620041827,NaN,NaN
B_4f,64,0,0,4,3,444.5,9,5.06,2.6,-0.6,0.05,1,3,0,1.3700793892190446,1.5052838618909028,0.001649234586296023,NaN,NaN
B_4f,64,0,0,4,3,444.5,9,5.06,2.6,-0.6,0.05,1,10,0,1.0398011962143952,1.2272659758948148,0.0033147368553648818,NaN,NaN
B_4f,64,0,0,4,3,444.5,9,5.06,2.6,-0.6,0.05,1,30,0,0.9579242566801054,1.163017079680484,0.005187749700856548,NaN,NaN
B_4f,64,0,0,4,3,444.5,9,5.06,2.6,-0.6,0.05,1,100,0.1111111111111111,1.0565002049813934,1.2175651401396157,0.9641659647640085,NaN,NaN
B_4f,64,0,0,4,3,444.5,9,5.06,2.6,-0.6,0.05,1,300,0.1111111111111111,1.0592601289546577,1.233314469304519,1.5656668740236244,NaN,NaN
B_4f,64,0,0,4,3,444.5,9,5.06,2.6,-0.6,0.05,1,1000,0.1111111111111111,1.0751354787231873,1.244461061584474,1.5810866759777928,NaN,NaN
B_4f,64,0,0,4,3,444.5,9,5.06,2.6,-0.6,0.05,1,3000,0.2222222222222222,1.0698745904024154,1.242225080428191,1.579702940106154,NaN,NaN
B_4f,64,0,0,4,3,444.5,9,5.06,2.6,-0.6,0.05,2,1,0,1.6733830374679837,1.7264485937514138,0.0008322766871742089,NaN,NaN
B_4f,64,0,0,4,3,444.5,9,5.06,2.6,-0.6,0.05,2,3,0,1.3700456762435407,1.470085207149965,0.0020759408416322605,NaN,NaN
B_4f,64,0,0,4,3,444.5,9,5.06,2.6,-0.6,0.05,2,10,0,1.040340286339521,1.178891395973542,0.0036931144225009226,NaN,NaN
B_4f,64,0,0,4,3,444.5,9,5.06,2.6,-0.6,0.05,2,30,0,0.9586211403449652,1.1101617717544185,0.004995435548445093,NaN,NaN
B_4f,64,0,0,4,3,444.5,9,5.06,2.6,-0.6,0.05,2,100,0.1111111111111111,1.0560433260995388,1.1854318381528324,1.1098678509226891,NaN,NaN
B_4f,64,0,0,4,3,444.5,9,5.06,2.6,-0.6,0.05,2,300,0.1111111111111111,1.0591563800676365,1.1880554527656366,1.5409175616582405,NaN,NaN
B_4f,64,0,0,4,3,444.5,9,5.06,2.6,-0.6,0.05,2,1000,0.1111111111111111,1.0773533366303931,1.206727031654523,1.5944708528556533,NaN,NaN
B_4f,64,0,0,4,3,444.5,9,5.06,2.6,-0.6,0.05,2,3000,0.3333333333333333,1.0756683260808015,1.2012088473935874,1.5976578008552649,NaN,NaN
B_4f,64,0,0,4,3,444.5,9,5.06,2.6,-0.6,0.05,3,1,0,1.6743185108752998,1.7346557654017243,0.0013658915308886262,NaN,NaN
B_4f,64,0,0,4,3,444.5,9,5.06,2.6,-0.6,0.05,3,3,0,1.3678736228956772,1.4827467965908225,0.004139432269053158,NaN,NaN
B_4f,64,0,0,4,3,444.5,9,5.06,2.6,-0.6,0.05,3,10,0,1.035564680402171,1.1954511203586442,0.01317930568412135,NaN,NaN
B_4f,64,0,0,4,3,444.5,9,5.06,2.6,-0.6,0.05,3,30,0.1111111111111111,0.9534431541588395,1.1360268761599008,0.44262215493748647,NaN,NaN
B_4f,64,0,0,4,3,444.5,9,5.06,2.6,-0.6,0.05,3,100,0.1111111111111111,1.0553645235759768,1.1950510429955745,1.6324485800332302,NaN,NaN
B_4f,64,0,0,4,3,444.5,9,5.06,2.6,-0.6,0.05,3,300,0.1111111111111111,1.0618211255831556,1.2070446214165504,1.614942619490069,NaN,NaN
B_4f,64,0,0,4,3,444.5,9,5.06,2.6,-0.6,0.05,3,1000,0.1111111111111111,1.0858522762386729,1.232518325375507,1.6241100234788974,NaN,NaN
B_4f,64,0,0,4,3,444.5,9,5.06,2.6,-0.6,0.05,3,3000,0.1111111111111111,1.0557081940314161,1.2075420710528388,1.5956250858303662,NaN,NaN
B_4f,64,0,0,4,3,444.5,9,5.06,2.6,-0.9,0.3,1,1,0,1.5276730253835518,1.5926054745398381,0.00045818620981730645,NaN,NaN
B_4f,64,0,0,4,3,444.5,9,5.06,2.6,-0.9,0.3,1,3,0,1.0327944086946448,1.1452901917071456,0.0006788277070068587,NaN,NaN
B_4f,64,0,0,4,3,444.5,9,5.06,2.6,-0.9,0.3,1,10,0,0.3545842313458049,0.4611811986307999,0.00008792201562098197,NaN,NaN
B_4f,64,0,0,4,3,444.5,9,5.06,2.6,-0.9,0.3,1,30,0.3333333333333333,3.653513260460878e-8,0.000004352847650578587,1.0344819219477365e-8,NaN,NaN
B_4f,64,0,0,4,3,444.5,9,5.06,2.6,-0.9,0.3,1,100,0.3333333333333333,2.2346332488479175e-63,2.1320605710867783e-61,1.4431354710766026e-63,NaN,NaN
B_4f,64,0,0,4,3,444.5,9,5.06,2.6,-0.9,0.3,1,300,0.3333333333333333,2.7005505282573645e-221,2.9235363663867804e-219,9.828222335057576e-221,NaN,NaN
B_4f,64,0,0,4,3,444.5,9,5.06,2.6,-0.9,0.3,1,1000,0.3333333333333333,0,0,0,NaN,NaN
B_4f,64,0,0,4,3,444.5,9,5.06,2.6,-0.9,0.3,1,3000,0.3333333333333333,0,0,0,NaN,NaN
B_4f,64,0,0,4,3,444.5,9,5.06,2.6,-0.9,0.3,2,1,0,1.5272890370089451,1.5757217272775739,0.0007596151219523824,NaN,NaN
B_4f,64,0,0,4,3,444.5,9,5.06,2.6,-0.9,0.3,2,3,0,1.032722890902837,1.116123471647204,0.0008252343302974917,NaN,NaN
B_4f,64,0,0,4,3,444.5,9,5.06,2.6,-0.9,0.3,2,10,0,0.3546050015580562,0.43391509595966915,0.00014207741736254023,NaN,NaN
B_4f,64,0,0,4,3,444.5,9,5.06,2.6,-0.9,0.3,2,30,0.4444444444444444,3.624894189655515e-8,0.0000031859996351944603,1.4761985004905668e-8,NaN,NaN
B_4f,64,0,0,4,3,444.5,9,5.06,2.6,-0.9,0.3,2,100,0.4444444444444444,2.187674576282335e-63,1.5704185947711367e-61,1.7069465372377264e-63,NaN,NaN
B_4f,64,0,0,4,3,444.5,9,5.06,2.6,-0.9,0.3,2,300,0.4444444444444444,2.6369513050053843e-221,2.1486808600018118e-219,1.0288549225371074e-220,NaN,NaN
B_4f,64,0,0,4,3,444.5,9,5.06,2.6,-0.9,0.3,2,1000,0.4444444444444444,0,0,0,NaN,NaN
B_4f,64,0,0,4,3,444.5,9,5.06,2.6,-0.9,0.3,2,3000,0.4444444444444444,0,0,0,NaN,NaN
B_4f,64,0,0,4,3,444.5,9,5.06,2.6,-0.9,0.3,3,1,0,1.5281428393049026,1.5832123752677283,0.0012466429467494083,NaN,NaN
B_4f,64,0,0,4,3,444.5,9,5.06,2.6,-0.9,0.3,3,3,0,1.0309086214823175,1.1268250239051603,0.0015763449932071829,NaN,NaN
B_4f,64,0,0,4,3,444.5,9,5.06,2.6,-0.9,0.3,3,10,0,0.35240805085544014,0.44396276728411455,0.00025298129444067626,NaN,NaN
B_4f,64,0,0,4,3,444.5,9,5.06,2.6,-0.9,0.3,3,30,0.7777777777777778,3.411421220037278e-8,0.000003747242537559037,2.974971108731922e-8,NaN,NaN
B_4f,64,0,0,4,3,444.5,9,5.06,2.6,-0.9,0.3,3,100,0.7777777777777778,2.3622208140891537e-63,1.8365592456963946e-61,3.537384134753429e-63,NaN,NaN
B_4f,64,0,0,4,3,444.5,9,5.06,2.6,-0.9,0.3,3,300,0.7777777777777778,3.2377026547686614e-221,2.5091110976125875e-219,2.1146939767107764e-220,NaN,NaN
B_4f,64,0,0,4,3,444.5,9,5.06,2.6,-0.9,0.3,3,1000,0.7777777777777778,0,0,0,NaN,NaN
B_4f,64,0,0,4,3,444.5,9,5.06,2.6,-0.9,0.3,3,3000,0.7777777777777778,0,0,0,NaN,NaN
B_4f,64,0,0,4,3,444.5,9,5.06,3,-0.6,0.05,1,1,0,1.8258439941785838,1.9034499480374254,0.0005476149185787567,NaN,NaN
B_4f,64,0,0,4,3,444.5,9,5.06,3,-0.6,0.05,1,3,0,1.6886185898114079,1.8515679875360005,0.002158442366134454,NaN,NaN
B_4f,64,0,0,4,3,444.5,9,5.06,3,-0.6,0.05,1,10,0,1.529188944861661,1.7783848065077938,0.010659558180663177,NaN,NaN
B_4f,64,0,0,4,3,444.5,9,5.06,3,-0.6,0.05,1,30,0.1111111111111111,1.5115997607110112,1.7903678331643353,1.0244948699451757,NaN,NaN
B_4f,64,0,0,4,3,444.5,9,5.06,3,-0.6,0.05,1,100,0.3333333333333333,1.634157815903531,1.8353240789411813,2.2588516164747596,NaN,NaN
B_4f,64,0,0,4,3,444.5,9,5.06,3,-0.6,0.05,1,300,0.5555555555555556,1.6316681719962765,1.8580204564648704,2.252301895813521,NaN,NaN
B_4f,64,0,0,4,3,444.5,9,5.06,3,-0.6,0.05,1,1000,0.6666666666666666,1.6449238843951708,1.861385633724706,2.3104789193927693,NaN,NaN
B_4f,64,0,0,4,3,444.5,9,5.06,3,-0.6,0.05,1,3000,0.6666666666666666,1.6365790760151555,1.8566263000525767,2.3235738464928715,NaN,NaN
B_4f,64,0,0,4,3,444.5,9,5.06,3,-0.6,0.05,2,1,0,1.825385059016438,1.8832708337729078,0.000907876676002556,NaN,NaN
B_4f,64,0,0,4,3,444.5,9,5.06,3,-0.6,0.05,2,3,0,1.6885954022334446,1.8091863370705692,0.002741993225877245,NaN,NaN
B_4f,64,0,0,4,3,444.5,9,5.06,3,-0.6,0.05,2,10,0,1.5299166304986123,1.713916614709978,0.011602759697257482,NaN,NaN
B_4f,64,0,0,4,3,444.5,9,5.06,3,-0.6,0.05,2,30,0.1111111111111111,1.5125041930672718,1.7236601357504409,1.228321756362064,NaN,NaN
B_4f,64,0,0,4,3,444.5,9,5.06,3,-0.6,0.05,2,100,0.3333333333333333,1.6364673099971365,1.7925482631769087,2.2871640927008223,NaN,NaN
B_4f,64,0,0,4,3,444.5,9,5.06,3,-0.6,0.05,2,300,0.5555555555555556,1.6486832601162216,1.8084116606921516,2.342674176094702,NaN,NaN
B_4f,64,0,0,4,3,444.5,9,5.06,3,-0.6,0.05,2,1000,0.5555555555555556,1.6439396309865804,1.800824796660493,2.3314522912111015,NaN,NaN
B_4f,64,0,0,4,3,444.5,9,5.06,3,-0.6,0.05,2,3000,0.5555555555555556,1.655701574341864,1.8117701857328146,2.3197815817670806,NaN,NaN
B_4f,64,0,0,4,3,444.5,9,5.06,3,-0.6,0.05,3,1,0,1.8264055063035143,1.8922235052006808,0.0014899625112095027,NaN,NaN
B_4f,64,0,0,4,3,444.5,9,5.06,3,-0.6,0.05,3,3,0,1.6860547969436763,1.8245367478443033,0.005485996366071683,NaN,NaN
B_4f,64,0,0,4,3,444.5,9,5.06,3,-0.6,0.05,3,10,0,1.5240910072519398,1.7365256645023344,0.05710693379267411,NaN,NaN
B_4f,64,0,0,4,3,444.5,9,5.06,3,-0.6,0.05,3,30,0.1111111111111111,1.5027790342451257,1.7449439027738987,1.7356536809286467,NaN,NaN
B_4f,64,0,0,4,3,444.5,9,5.06,3,-0.6,0.05,3,100,0.1111111111111111,1.6246621522951716,1.8015686350977536,2.344394083175589,NaN,NaN
B_4f,64,0,0,4,3,444.5,9,5.06,3,-0.6,0.05,3,300,0.2222222222222222,1.644440683465369,1.8297381999242481,2.3762080818615074,NaN,NaN
B_4f,64,0,0,4,3,444.5,9,5.06,3,-0.6,0.05,3,1000,0.2222222222222222,1.6448880566185105,1.8246916509824551,2.350263148447621,NaN,NaN
B_4f,64,0,0,4,3,444.5,9,5.06,3,-0.6,0.05,3,3000,0.2222222222222222,1.649399713679515,1.837439901157521,2.3404014798363155,NaN,NaN
B_4f,64,0,0,4,3,444.5,9,5.06,3,-0.9,0.3,1,1,0,1.673139273723588,1.7442546426652947,0.0005018150674824021,NaN,NaN
B_4f,64,0,0,4,3,444.5,9,5.06,3,-0.9,0.3,1,3,0,1.3300757931758334,1.4707640213242748,0.000882752703707831,NaN,NaN
B_4f,64,0,0,4,3,444.5,9,5.06,3,-0.9,0.3,1,10,0,0.7977588652619003,1.0181994845452635,0.0002803422528928956,NaN,NaN
B_4f,64,0,0,4,3,444.5,9,5.06,3,-0.9,0.3,1,30,0,0.28929743442687983,0.5115202713992683,0.00010719496082883508,NaN,NaN
B_4f,64,0,0,4,3,444.5,9,5.06,3,-0.9,0.3,1,100,0.3333333333333333,0.000006996387707252403,0.043371688243056955,0.00004524460857030128,NaN,NaN
B_4f,64,0,0,4,3,444.5,9,5.06,3,-0.9,0.3,1,300,0.3333333333333333,6.669885983621923e-142,4.373689423361843e-139,1.3394290397077652e-140,NaN,NaN
B_4f,64,0,0,4,3,444.5,9,5.06,3,-0.9,0.3,1,1000,0.3333333333333333,0,0,0,NaN,NaN
B_4f,64,0,0,4,3,444.5,9,5.06,3,-0.9,0.3,1,3000,0.3333333333333333,0,0,0,NaN,NaN
B_4f,64,0,0,4,3,444.5,9,5.06,3,-0.9,0.3,2,1,0,1.6727187216685786,1.72576321147371,0.000831946281917081,NaN,NaN
B_4f,64,0,0,4,3,444.5,9,5.06,3,-0.9,0.3,2,3,0,1.3299962938821221,1.4343405728721739,0.0010983599848931008,NaN,NaN
B_4f,64,0,0,4,3,444.5,9,5.06,3,-0.9,0.3,2,10,0,0.7982121890186499,0.9620202628934256,0.000327736973459315,NaN,NaN
B_4f,64,0,0,4,3,444.5,9,5.06,3,-0.9,0.3,2,30,0,0.28981213168545533,0.45464178502414027,0.00021206325335422,NaN,NaN
B_4f,64,0,0,4,3,444.5,9,5.06,3,-0.9,0.3,2,100,0.4444444444444444,0.0000063486524546768644,0.033419794253123636,0.00006356286229437829,NaN,NaN
B_4f,64,0,0,4,3,444.5,9,5.06,3,-0.9,0.3,2,300,0.4444444444444444,9.435849921009252e-142,7.412255549342429e-139,3.769973375643257e-140,NaN,NaN
B_4f,64,0,0,4,3,444.5,9,5.06,3,-0.9,0.3,2,1000,0.4444444444444444,0,0,0,NaN,NaN
B_4f,64,0,0,4,3,444.5,9,5.06,3,-0.9,0.3,2,3000,0.4444444444444444,0,0,0,NaN,NaN
B_4f,64,0,0,4,3,444.5,9,5.06,3,-0.9,0.3,3,1,0,1.6736538237026053,1.7339671249615602,0.0013653492860445419,NaN,NaN
B_4f,64,0,0,4,3,444.5,9,5.06,3,-0.9,0.3,3,3,0,1.3279029297429246,1.4478849125253475,0.002093459332211432,NaN,NaN
B_4f,64,0,0,4,3,444.5,9,5.06,3,-0.9,0.3,3,10,0,0.7931602286499787,0.9824240923648977,0.0006925323115163824,NaN,NaN
B_4f,64,0,0,4,3,444.5,9,5.06,3,-0.9,0.3,3,30,0,0.2854257447064474,0.4750152441696418,0.0003709407796038802,NaN,NaN
B_4f,64,0,0,4,3,444.5,9,5.06,3,-0.9,0.3,3,100,0.7777777777777778,0.000012260922445732643,0.03888809490557259,0.00012286546012894062,NaN,NaN
B_4f,64,0,0,4,3,444.5,9,5.06,3,-0.9,0.3,3,300,0.7777777777777778,3.9268820338709775e-141,1.7081377383781088e-138,1.471869125648133e-139,NaN,NaN
B_4f,64,0,0,4,3,444.5,9,5.06,3,-0.9,0.3,3,1000,0.7777777777777778,0,0,0,NaN,NaN
B_4f,64,0,0,4,3,444.5,9,5.06,3,-0.9,0.3,3,3000,0.7777777777777778,0,0,0,NaN,NaN
B_4f,64,0,0,4,3,444.5,9,5.06,3.5,-0.6,0.05,1,1,0,2.015894291221655,2.1015781721269517,0.0006046156142969751,NaN,NaN
B_4f,64,0,0,4,3,444.5,9,5.06,3.5,-0.6,0.05,1,3,0,2.1060798575826523,2.3043641512934387,0.0028990785074705597,NaN,NaN
B_4f,64,0,0,4,3,444.5,9,5.06,3.5,-0.6,0.05,1,10,0,2.170203961233191,2.4939286803515297,0.047379507100899616,NaN,NaN
B_4f,64,0,0,4,3,444.5,9,5.06,3.5,-0.6,0.05,1,30,0.2222222222222222,2.1962847124347498,2.5546696112815708,2.4821737342371692,NaN,NaN
B_4f,64,0,0,4,3,444.5,9,5.06,3.5,-0.6,0.05,1,100,0.6666666666666666,2.33133989660208,2.6097694003821097,3.1854737657123504,NaN,NaN
B_4f,64,0,0,4,3,444.5,9,5.06,3.5,-0.6,0.05,1,300,0.6666666666666666,2.365103212522435,2.627430165959414,3.2254684337073187,NaN,NaN
B_4f,64,0,0,4,3,444.5,9,5.06,3.5,-0.6,0.05,1,1000,0.6666666666666666,2.36140436196454,2.629579062909965,3.2508775675606403,NaN,NaN
B_4f,64,0,0,4,3,444.5,9,5.06,3.5,-0.6,0.05,1,3000,0.6666666666666666,2.3706193120202905,2.6309289907502555,3.2550269603738653,NaN,NaN
B_4f,64,0,0,4,3,444.5,9,5.06,3.5,-0.6,0.05,2,1,0,2.0153875859520043,2.079298633799773,0.0010023766620379931,NaN,NaN
B_4f,64,0,0,4,3,444.5,9,5.06,3.5,-0.6,0.05,2,3,0,2.1060760109739585,2.2528274082096456,0.0037146735412152865,NaN,NaN
B_4f,64,0,0,4,3,444.5,9,5.06,3.5,-0.6,0.05,2,10,0,2.1711557509051933,2.409826034972727,0.05299668326874671,NaN,NaN
B_4f,64,0,0,4,3,444.5,9,5.06,3.5,-0.6,0.05,2,30,0.3333333333333333,2.1973317224372924,2.470038755081583,2.6338387463496065,NaN,NaN
B_4f,64,0,0,4,3,444.5,9,5.06,3.5,-0.6,0.05,2,100,0.5555555555555556,2.335211836626877,2.541049223004971,3.2329548081511756,NaN,NaN
B_4f,64,0,0,4,3,444.5,9,5.06,3.5,-0.6,0.05,2,300,0.5555555555555556,2.364144377817142,2.5550942413882707,3.250515104437447,NaN,NaN
B_4f,64,0,0,4,3,444.5,9,5.06,3.5,-0.6,0.05,2,1000,0.5555555555555556,2.3590698446454317,2.5542084683463737,3.237713311998484,NaN,NaN
B_4f,64,0,0,4,3,444.5,9,5.06,3.5,-0.6,0.05,2,3000,0.5555555555555556,2.3499033131043463,2.550726636261569,3.2104069168106357,NaN,NaN
B_4f,64,0,0,4,3,444.5,9,5.06,3.5,-0.6,0.05,3,1,0,2.016514250588778,2.089183179949375,0.001645051236610599,NaN,NaN
B_4f,64,0,0,4,3,444.5,9,5.06,3.5,-0.6,0.05,3,3,0,2.1030680684316008,2.2715917004187864,0.007467363666833534,NaN,NaN
B_4f,64,0,0,4,3,444.5,9,5.06,3.5,-0.6,0.05,3,10,0.1111111111111111,2.1638387209728207,2.4400637438270487,0.2521121925692713,NaN,NaN
B_4f,64,0,0,4,3,444.5,9,5.06,3.5,-0.6,0.05,3,30,0.1111111111111111,2.175261342498779,2.4861108235483367,2.944070895823619,NaN,NaN
B_4f,64,0,0,4,3,444.5,9,5.06,3.5,-0.6,0.05,3,100,0.2222222222222222,2.326076550355493,2.557037917228579,3.2782110152023622,NaN,NaN
B_4f,64,0,0,4,3,444.5,9,5.06,3.5,-0.6,0.05,3,300,0.2222222222222222,2.367818588436505,2.5838400807801345,3.318979910023858,NaN,NaN
B_4f,64,0,0,4,3,444.5,9,5.06,3.5,-0.6,0.05,3,1000,0.2222222222222222,2.3751282193843397,2.598942861903013,3.286564217664113,NaN,NaN
B_4f,64,0,0,4,3,444.5,9,5.06,3.5,-0.6,0.05,3,3000,0.2222222222222222,2.375637902128386,2.598134016844575,3.2839933818510048,NaN,NaN
B_4f,64,0,0,4,3,444.5,9,5.06,3.5,-0.9,0.3,1,1,0,1.8549720841486348,1.9338161028221155,0.000556351139563772,-0.0014693196751666383,0.00015980172020684368
B_4f,64,0,0,4,3,444.5,9,5.06,3.5,-0.9,0.3,1,3,0,1.7277208470910292,1.9045054053130246,0.0011670482231458282,-0.0014693196751666383,0.00015980172020684368
B_4f,64,0,0,4,3,444.5,9,5.06,3.5,-0.9,0.3,1,10,0,1.4765841479034991,1.79557996867222,0.0007509709250667344,-0.0014693196751666383,0.00015980172020684368
B_4f,64,0,0,4,3,444.5,9,5.06,3.5,-0.9,0.3,1,30,0,1.2368472683245375,1.686313533520554,0.0005678558296637276,-0.0014693196751666383,0.00015980172020684368
B_4f,64,0,0,4,3,444.5,9,5.06,3.5,-0.9,0.3,1,100,0,1.3063420059250963,1.7260854505535015,0.0005701671918163306,-0.0014693196751666383,0.00015980172020684368
B_4f,64,0,0,4,3,444.5,9,5.06,3.5,-0.9,0.3,1,300,0,1.5004645627166,1.8148399073522892,0.0006733439211342753,-0.0014693196751666383,0.00015980172020684368
B_4f,64,0,0,4,3,444.5,9,5.06,3.5,-0.9,0.3,1,1000,0,1.5080075574196,1.8197072005787458,0.0006295524503532907,-0.0014693196751666383,0.00015980172020684368
B_4f,64,0,0,4,3,444.5,9,5.06,3.5,-0.9,0.3,1,3000,0,1.4958967514089527,1.8443448818937844,0.000598048612783695,-0.0014693196751666383,0.00015980172020684368
B_4f,64,0,0,4,3,444.5,9,5.06,3.5,-0.9,0.3,2,1,0,1.8545058274931228,1.9133150667188832,0.0009223602318729544,-0.0004153441456469994,0.00021288111777593413
B_4f,64,0,0,4,3,444.5,9,5.06,3.5,-0.9,0.3,2,3,0,1.7276361904140574,1.8587783885463356,0.0014844716509932506,-0.0004153441456469994,0.00021288111777593413
B_4f,64,0,0,4,3,444.5,9,5.06,3.5,-0.9,0.3,2,10,0,1.4775641590959563,1.7141539797012912,0.0008990676337029613,-0.0004153441456469994,0.00021288111777593413
B_4f,64,0,0,4,3,444.5,9,5.06,3.5,-0.9,0.3,2,30,0,1.2385736799157452,1.5716570157839405,0.0005662294892728904,-0.0004153441456469994,0.00021288111777593413
B_4f,64,0,0,4,3,444.5,9,5.06,3.5,-0.9,0.3,2,100,0,1.3211879927280055,1.6251231425098998,0.0005025466456218915,-0.0004153441456469994,0.00021288111777593413
B_4f,64,0,0,4,3,444.5,9,5.06,3.5,-0.9,0.3,2,300,0,1.5010908611575786,1.7299114477816238,0.0007747200589654332,-0.0004153441456469994,0.00021288111777593413
B_4f,64,0,0,4,3,444.5,9,5.06,3.5,-0.9,0.3,2,1000,0,1.5080149062200459,1.7387336222921574,0.0007086893751907595,-0.0004153441456469994,0.00021288111777593413
B_4f,64,0,0,4,3,444.5,9,5.06,3.5,-0.9,0.3,2,3000,0,1.5139369985344415,1.7736625326997346,0.0006764383214741641,-0.0004153441456469994,0.00021288111777593413
B_4f,64,0,0,4,3,444.5,9,5.06,3.5,-0.9,0.3,3,1,0,1.8555425541997328,1.9224105620788488,0.001513732210163462,0.00018265155559801547,0.000228193364656398
B_4f,64,0,0,4,3,444.5,9,5.06,3.5,-0.9,0.3,3,3,0,1.7252261616141455,1.87596206650521,0.002826380988023132,0.00018265155559801547,0.000228193364656398
B_4f,64,0,0,4,3,444.5,9,5.06,3.5,-0.9,0.3,3,10,0,1.4703329921615944,1.7433343621914201,0.0019157179745376985,0.00018265155559801547,0.000228193364656398
B_4f,64,0,0,4,3,444.5,9,5.06,3.5,-0.9,0.3,3,30,0,1.2155381949068302,1.6069391191383955,0.0012363999288354517,0.00018265155559801547,0.000228193364656398
B_4f,64,0,0,4,3,444.5,9,5.06,3.5,-0.9,0.3,3,100,0,1.1613829546401468,1.597647988153516,0.0009528150314699504,0.00018265155559801547,0.000228193364656398
B_4f,64,0,0,4,3,444.5,9,5.06,3.5,-0.9,0.3,3,300,0,1.4801992421688306,1.757848826909718,0.0013204503063842692,0.00018265155559801547,0.000228193364656398
B_4f,64,0,0,4,3,444.5,9,5.06,3.5,-0.9,0.3,3,1000,0,1.5129938438414006,1.7673108746823798,0.0013069602403471003,0.00018265155559801547,0.000228193364656398
B_4f,64,0,0,4,3,444.5,9,5.06,3.5,-0.9,0.3,3,3000,0,1.5413770312088106,1.8229965828575128,0.0009409775659714105,0.00018265155559801547,0.000228193364656398
B_4f,64,0,0,4,4,508,9,3.88,2.2,-0.6,0.05,1,1,0,1.366452741783792,1.5044798979336444,0.0007187285439905258,0.0006312966059793103,0.00018980061437716902
B_4f,64,0,0,4,4,508,9,3.88,2.2,-0.6,0.05,1,3,0,0.9325230735294214,1.0855943856990795,0.0008780963875840232,0.0006312966059793103,0.00018980061437716902
B_4f,64,0,0,4,4,508,9,3.88,2.2,-0.6,0.05,1,10,0,0.4991310280545503,0.644782665558222,0.0003322067389923211,0.0006312966059793103,0.00018980061437716902
B_4f,64,0,0,4,4,508,9,3.88,2.2,-0.6,0.05,1,30,0,0.3165684106138415,0.4513003653439887,0.00009342822269261744,0.0006312966059793103,0.00018980061437716902
B_4f,64,0,0,4,4,508,9,3.88,2.2,-0.6,0.05,1,100,0,0.2698508425008888,0.4182344421405326,0.00014565002501911971,0.0006312966059793103,0.00018980061437716902
B_4f,64,0,0,4,4,508,9,3.88,2.2,-0.6,0.05,1,300,0,0.26786522265783524,0.4319510076273043,0.0002680009849196075,0.0006312966059793103,0.00018980061437716902
B_4f,64,0,0,4,4,508,9,3.88,2.2,-0.6,0.05,1,1000,0,0.26771005262061925,0.42791460700809236,0.00022846704001970412,0.0006312966059793103,0.00018980061437716902
B_4f,64,0,0,4,4,508,9,3.88,2.2,-0.6,0.05,1,3000,0,0.2673726231650055,0.4324194334005836,0.00011413013652167987,0.0006312966059793103,0.00018980061437716902
B_4f,64,0,0,4,4,508,9,3.88,2.2,-0.6,0.05,2,1,0,1.3667327538155616,1.4693455092066017,0.0009266956079610469,0.0014764882232751165,0.00010930593073103326
B_4f,64,0,0,4,4,508,9,3.88,2.2,-0.6,0.05,2,3,0,0.9315233333465398,1.046209920922039,0.001244339774470322,0.0014764882232751165,0.00010930593073103326
B_4f,64,0,0,4,4,508,9,3.88,2.2,-0.6,0.05,2,10,0,0.4987421700758936,0.6078690311612227,0.0007694235754860268,0.0014764882232751165,0.00010930593073103326
B_4f,64,0,0,4,4,508,9,3.88,2.2,-0.6,0.05,2,30,0,0.3161093434938431,0.4174448122721339,0.00020486377333161278,0.0014764882232751165,0.00010930593073103326
B_4f,64,0,0,4,4,508,9,3.88,2.2,-0.6,0.05,2,100,0,0.2690808915110841,0.38069117182723167,0.00017842671069925964,0.0014764882232751165,0.00010930593073103326
B_4f,64,0,0,4,4,508,9,3.88,2.2,-0.6,0.05,2,300,0,0.2671216230801972,0.3875289783837581,0.00023664372888493006,0.0014764882232751165,0.00010930593073103326
B_4f,64,0,0,4,4,508,9,3.88,2.2,-0.6,0.05,2,1000,0,0.26705580036152315,0.38391833784360424,0.00021479301120732743,0.0014764882232751165,0.00010930593073103326
B_4f,64,0,0,4,4,508,9,3.88,2.2,-0.6,0.05,2,3000,0,0.2662286027379258,0.3907504200289047,0.00014961043734256323,0.0014764882232751165,0.00010930593073103326
B_4f,64,0,0,4,4,508,9,3.88,2.2,-0.6,0.05,3,1,0,1.3632756437343285,1.4819859375822837,0.0017642012632134024,0.000982556582538167,0.000203506870246791
B_4f,64,0,0,4,4,508,9,3.88,2.2,-0.6,0.05,3,3,0,0.9302687394764918,1.0618661338486297,0.0024797405291923833,0.000982556582538167,0.000203506870246791
B_4f,64,0,0,4,4,508,9,3.88,2.2,-0.6,0.05,3,10,0,0.49852398936297637,0.6234902082867589,0.001395734420849658,0.000982556582538167,0.000203506870246791
B_4f,64,0,0,4,4,508,9,3.88,2.2,-0.6,0.05,3,30,0,0.3165904709086966,0.43283917221400053,0.0003022868482858793,0.000982556582538167,0.000203506870246791
B_4f,64,0,0,4,4,508,9,3.88,2.2,-0.6,0.05,3,100,0,0.2699241341575235,0.3980065554773167,0.0003000267353636326,0.000982556582538167,0.000203506870246791
B_4f,64,0,0,4,4,508,9,3.88,2.2,-0.6,0.05,3,300,0,0.26678339665313405,0.40364282232526694,0.00043521456099382275,0.000982556582538167,0.000203506870246791
B_4f,64,0,0,4,4,508,9,3.88,2.2,-0.6,0.05,3,1000,0,0.2666442879572257,0.40002874506531055,0.00039034480217318355,0.000982556582538167,0.000203506870246791
B_4f,64,0,0,4,4,508,9,3.88,2.2,-0.6,0.05,3,3000,0,0.26660837223048595,0.40636501751169607,0.0004463418422328158,0.000982556582538167,0.000203506870246791
B_4f,64,0,0,4,4,508,9,3.88,2.2,-0.9,0.3,1,1,0,1.241139123611336,1.3665081893536033,0.000652815928371124,NaN,NaN
B_4f,64,0,0,4,4,508,9,3.88,2.2,-0.9,0.3,1,3,0,0.6588257725156383,0.7756734309974992,0.0003606406777996445,NaN,NaN
B_4f,64,0,0,4,4,508,9,3.88,2.2,-0.9,0.3,1,10,0.3333333333333333,0.05073756470933759,0.08181020476103236,0.00004964901101452771,NaN,NaN
B_4f,64,0,0,4,4,508,9,3.88,2.2,-0.9,0.3,1,30,0.3333333333333333,4.793524325327424e-18,3.2706597099033183e-17,4.23919462295369e-20,NaN,NaN
B_4f,64,0,0,4,4,508,9,3.88,2.2,-0.9,0.3,1,100,0.3333333333333333,9.236982862454328e-79,1.3509483690578484e-77,5.673263615142278e-80,NaN,NaN
B_4f,64,0,0,4,4,508,9,3.88,2.2,-0.9,0.3,1,300,0.3333333333333333,3.230590370391129e-252,4.5256339185048243e-250,1.147878193420497e-251,NaN,NaN
B_4f,64,0,0,4,4,508,9,3.88,2.2,-0.9,0.3,1,1000,0.3333333333333333,0,0,0,NaN,NaN
B_4f,64,0,0,4,4,508,9,3.88,2.2,-0.9,0.3,1,3000,0.3333333333333333,0,0,0,NaN,NaN
B_4f,64,0,0,4,4,508,9,3.88,2.2,-0.9,0.3,2,1,0,1.241393456510736,1.3345958786677774,0.0008417109055800992,NaN,NaN
B_4f,64,0,0,4,4,508,9,3.88,2.2,-0.9,0.3,2,3,0,0.6581689933963222,0.7455975639299508,0.0005423189102385855,NaN,NaN
B_4f,64,0,0,4,4,508,9,3.88,2.2,-0.9,0.3,2,10,0.4444444444444444,0.05071745282628167,0.07398650387444874,0.00009488973303995588,NaN,NaN
B_4f,64,0,0,4,4,508,9,3.88,2.2,-0.9,0.3,2,30,0.4444444444444444,4.812718403989471e-18,2.5534352679173606e-17,4.4379068202155737e-20,NaN,NaN
B_4f,64,0,0,4,4,508,9,3.88,2.2,-0.9,0.3,2,100,0.4444444444444444,9.272239358332357e-79,1.0284762656231928e-77,4.404431946223045e-80,NaN,NaN
B_4f,64,0,0,4,4,508,9,3.88,2.2,-0.9,0.3,2,300,0.4444444444444444,3.2216871806216754e-252,3.3682116420453396e-250,6.774373820124102e-252,NaN,NaN
B_4f,64,0,0,4,4,508,9,3.88,2.2,-0.9,0.3,2,1000,0.4444444444444444,0,0,0,NaN,NaN
B_4f,64,0,0,4,4,508,9,3.88,2.2,-0.9,0.3,2,3000,0.4444444444444444,0,0,0,NaN,NaN
B_4f,64,0,0,4,4,508,9,3.88,2.2,-0.9,0.3,3,1,0,1.2382533884752716,1.3460770881648478,0.001602411223413648,NaN,NaN
B_4f,64,0,0,4,4,508,9,3.88,2.2,-0.9,0.3,3,3,0,0.6575410112916062,0.7576330926272243,0.0009541057131553147,NaN,NaN
B_4f,64,0,0,4,4,508,9,3.88,2.2,-0.9,0.3,3,10,0.7777777777777778,0.05091551695871166,0.07727889889355002,0.00016537875318706793,NaN,NaN
B_4f,64,0,0,4,4,508,9,3.88,2.2,-0.9,0.3,3,30,0.7777777777777778,4.747361641194153e-18,2.799974075357495e-17,9.160621309977798e-20,NaN,NaN
B_4f,64,0,0,4,4,508,9,3.88,2.2,-0.9,0.3,3,100,0.7777777777777778,8.816699831308925e-79,1.1417994199661597e-77,8.067922142640574e-80,NaN,NaN
B_4f,64,0,0,4,4,508,9,3.88,2.2,-0.9,0.3,3,300,0.7777777777777778,2.7634351814901475e-252,3.7886362744350564e-250,1.3370096450797535e-251,NaN,NaN
B_4f,64,0,0,4,4,508,9,3.88,2.2,-0.9,0.3,3,1000,0.7777777777777778,0,0,0,NaN,NaN
B_4f,64,0,0,4,4,508,9,3.88,2.2,-0.9,0.3,3,3000,0.7777777777777778,0,0,0,NaN,NaN
B_4f,64,0,0,4,4,508,9,3.88,2.6,-0.6,0.05,1,1,0,1.502975793490222,1.6547933194053244,0.0007905371116589644,NaN,NaN
B_4f,64,0,0,4,4,508,9,3.88,2.6,-0.6,0.05,1,3,0,1.192744074410604,1.388445714226653,0.001211825745569676,NaN,NaN
B_4f,64,0,0,4,4,508,9,3.88,2.6,-0.6,0.05,1,10,0,0.878421080536229,1.1122131681248522,0.0009305663756853021,NaN,NaN
B_4f,64,0,0,4,4,508,9,3.88,2.6,-0.6,0.05,1,30,0,0.7848192857523121,1.0278259914769674,0.0006667000044109204,NaN,NaN
B_4f,64,0,0,4,4,508,9,3.88,2.6,-0.6,0.05,1,100,0,0.7812498862897326,1.0570434607990475,0.0018295805006769714,NaN,NaN
B_4f,64,0,0,4,4,508,9,3.88,2.6,-0.6,0.05,1,300,0.1111111111111111,0.7845522282409108,1.081714339991841,1.557279321911319,NaN,NaN
B_4f,64,0,0,4,4,508,9,3.88,2.6,-0.6,0.05,1,1000,0.1111111111111111,0.7835844967138087,1.0792982749677336,1.5946356062666638,NaN,NaN
B_4f,64,0,0,4,4,508,9,3.88,2.6,-0.6,0.05,1,3000,0.1111111111111111,0.7834331991796242,1.0799145986863357,1.5932966767933696,NaN,NaN
B_4f,64,0,0,4,4,508,9,3.88,2.6,-0.6,0.05,2,1,0,1.5032837816794704,1.616148634403714,0.0010192822803962989,NaN,NaN
B_4f,64,0,0,4,4,508,9,3.88,2.6,-0.6,0.05,2,3,0,1.191508614260847,1.338112014078576,0.0016998539096205866,NaN,NaN
B_4f,64,0,0,4,4,508,9,3.88,2.6,-0.6,0.05,2,10,0,0.8778207876560011,1.0529603305502795,0.0020340491736345412,NaN,NaN
B_4f,64,0,0,4,4,508,9,3.88,2.6,-0.6,0.05,2,30,0,0.7844110478690841,0.9666204831625795,0.001369866427337659,NaN,NaN
B_4f,64,0,0,4,4,508,9,3.88,2.6,-0.6,0.05,2,100,0,0.7807666251277519,0.986959036691536,0.0020497249724712235,NaN,NaN
B_4f,64,0,0,4,4,508,9,3.88,2.6,-0.6,0.05,2,300,0.1111111111111111,0.7854052867650684,1.0086695655192806,1.5578788863428223,NaN,NaN
B_4f,64,0,0,4,4,508,9,3.88,2.6,-0.6,0.05,2,1000,0.1111111111111111,0.7834739796199206,1.0065479556856678,1.58741977774254,NaN,NaN
B_4f,64,0,0,4,4,508,9,3.88,2.6,-0.6,0.05,2,3000,0.1111111111111111,0.7839495236595295,1.0068451300466132,1.5877745265940937,NaN,NaN
B_4f,64,0,0,4,4,508,9,3.88,2.6,-0.6,0.05,3,1,0,1.4994812698115954,1.6300519749928626,0.0019404635904153112,NaN,NaN
B_4f,64,0,0,4,4,508,9,3.88,2.6,-0.6,0.05,3,3,0,1.1896976580124958,1.358011467345418,0.0034774807682115723,NaN,NaN
B_4f,64,0,0,4,4,508,9,3.88,2.6,-0.6,0.05,3,10,0,0.8766225838466121,1.07758574055311,0.005535556445987333,NaN,NaN
B_4f,64,0,0,4,4,508,9,3.88,2.6,-0.6,0.05,3,30,0,0.784277348094687,0.9934371787317522,0.02674013844205644,NaN,NaN
B_4f,64,0,0,4,4,508,9,3.88,2.6,-0.6,0.05,3,100,0.1111111111111111,0.7818944312068976,1.0235426359140136,1.2904713627637925,NaN,NaN
B_4f,64,0,0,4,4,508,9,3.88,2.6,-0.6,0.05,3,300,0.1111111111111111,0.7838774429375192,1.0376886671339125,1.6217765655888647,NaN,NaN
B_4f,64,0,0,4,4,508,9,3.88,2.6,-0.6,0.05,3,1000,0.1111111111111111,0.7816041052814782,1.0374323497084825,1.6257842597463856,NaN,NaN
B_4f,64,0,0,4,4,508,9,3.88,2.6,-0.6,0.05,3,3000,0.1111111111111111,0.7802002679820168,1.037249407003732,1.6272927619992017,NaN,NaN
B_4f,64,0,0,4,4,508,9,3.88,2.6,-0.9,0.3,1,1,0,1.3717591256098491,1.5103222864428894,0.0007215196024768797,NaN,NaN
B_4f,64,0,0,4,4,508,9,3.88,2.6,-0.9,0.3,1,3,0,0.8913092605241367,1.0508906383196919,0.0005031531405927958,NaN,NaN
B_4f,64,0,0,4,4,508,9,3.88,2.6,-0.9,0.3,1,10,0,0.26902775057059664,0.39541106789302005,0.00010791727932622779,NaN,NaN
B_4f,64,0,0,4,4,508,9,3.88,2.6,-0.9,0.3,1,30,0.3333333333333333,4.398805129481715e-11,8.359655692395787e-8,1.0530765025044033e-10,NaN,NaN
B_4f,64,0,0,4,4,508,9,3.88,2.6,-0.9,0.3,1,100,0.3333333333333333,3.0663534745262455e-67,4.132695224393378e-63,1.5928228821860292e-65,NaN,NaN
B_4f,64,0,0,4,4,508,9,3.88,2.6,-0.9,0.3,1,300,0.3333333333333333,6.841204757114367e-226,4.705523518333811e-221,1.1778479426979008e-222,NaN,NaN
B_4f,64,0,0,4,4,508,9,3.88,2.6,-0.9,0.3,1,1000,0.3333333333333333,0,0,0,NaN,NaN
B_4f,64,0,0,4,4,508,9,3.88,2.6,-0.9,0.3,1,3000,0.3333333333333333,0,0,0,NaN,NaN
B_4f,64,0,0,4,4,508,9,3.88,2.6,-0.9,0.3,2,1,0,1.3720402250201071,1.4750514593697703,0.0009302942707141699,NaN,NaN
B_4f,64,0,0,4,4,508,9,3.88,2.6,-0.9,0.3,2,3,0,0.8904920261599014,1.0098516978409298,0.00073079755567469,NaN,NaN
B_4f,64,0,0,4,4,508,9,3.88,2.6,-0.9,0.3,2,10,0,0.26890288499073156,0.3634184975892908,0.00026781223186930883,NaN,NaN
B_4f,64,0,0,4,4,508,9,3.88,2.6,-0.9,0.3,2,30,0.4444444444444444,4.454316877374335e-11,6.009627559728992e-8,8.130787617734392e-11,NaN,NaN
B_4f,64,0,0,4,4,508,9,3.88,2.6,-0.9,0.3,2,100,0.4444444444444444,3.1140094879920056e-67,2.9821621782545653e-63,1.0611250141377838e-65,NaN,NaN
B_4f,64,0,0,4,4,508,9,3.88,2.6,-0.9,0.3,2,300,0.4444444444444444,6.848296056000058e-226,3.389079357871217e-221,6.986506340291141e-223,NaN,NaN
B_4f,64,0,0,4,4,508,9,3.88,2.6,-0.9,0.3,2,1000,0.4444444444444444,0,0,0,NaN,NaN
B_4f,64,0,0,4,4,508,9,3.88,2.6,-0.9,0.3,2,3000,0.4444444444444444,0,0,0,NaN,NaN
B_4f,64,0,0,4,4,508,9,3.88,2.6,-0.9,0.3,3,1,0,1.3685696898474247,1.4877409746715027,0.0017710522349029287,NaN,NaN
B_4f,64,0,0,4,4,508,9,3.88,2.6,-0.9,0.3,3,3,0,0.8893763195933047,1.0261320635029891,0.0013299659963332613,NaN,NaN
B_4f,64,0,0,4,4,508,9,3.88,2.6,-0.9,0.3,3,10,0,0.2695110607236329,0.37733913165951577,0.00040623728542078867,NaN,NaN
B_4f,64,0,0,4,4,508,9,3.88,2.6,-0.9,0.3,3,30,0.7777777777777778,3.3809694387887415e-11,6.963988933606104e-8,1.650826794771097e-10,NaN,NaN
B_4f,64,0,0,4,4,508,9,3.88,2.6,-0.9,0.3,3,100,0.7777777777777778,3.808833180012847e-68,3.457948660076986e-63,2.1324602114530886e-65,NaN,NaN
B_4f,64,0,0,4,4,508,9,3.88,2.6,-0.9,0.3,3,300,0.7777777777777778,1.8847085474313777e-225,3.932512066260637e-221,1.4305880820830734e-222,NaN,NaN
B_4f,64,0,0,4,4,508,9,3.88,2.6,-0.9,0.3,3,1000,0.7777777777777778,0,0,0,NaN,NaN
B_4f,64,0,0,4,4,508,9,3.88,2.6,-0.9,0.3,3,3000,0.7777777777777778,0,0,0,NaN,NaN
B_4f,64,0,0,4,4,508,9,3.88,3,-0.6,0.05,1,1,0,1.639498845196653,1.8051067408770052,0.0008623456793274042,NaN,NaN
B_4f,64,0,0,4,4,508,9,3.88,3,-0.6,0.05,1,3,0,1.468494241945338,1.7084858994901804,0.0016036028509919893,NaN,NaN
B_4f,64,0,0,4,4,508,9,3.88,3,-0.6,0.05,1,10,0,1.304619223539449,1.6230128810378108,0.0024300448850726893,NaN,NaN
B_4f,64,0,0,4,4,508,9,3.88,3,-0.6,0.05,1,30,0,1.2692291528853485,1.5944912950401353,0.06412558178988181,NaN,NaN
B_4f,64,0,0,4,4,508,9,3.88,3,-0.6,0.05,1,100,0.1111111111111111,1.2726538566490322,1.6384315888926893,2.241937404740018,NaN,NaN
B_4f,64,0,0,4,4,508,9,3.88,3,-0.6,0.05,1,300,0.2222222222222222,1.2781253764662768,1.6630373870285649,2.301359643921327,NaN,NaN
B_4f,64,0,0,4,4,508,9,3.88,3,-0.6,0.05,1,1000,0.3333333333333333,1.2757133923288126,1.6623573253787491,2.3294697396100967,NaN,NaN
B_4f,64,0,0,4,4,508,9,3.88,3,-0.6,0.05,1,3000,0.3333333333333333,1.2813626546050505,1.6645081711034466,2.3364331536351712,NaN,NaN
B_4f,64,0,0,4,4,508,9,3.88,3,-0.6,0.05,2,1,0,1.6398348095433797,1.7629517596008268,0.0011118689528315483,NaN,NaN
B_4f,64,0,0,4,4,508,9,3.88,3,-0.6,0.05,2,3,0,1.4670054969796855,1.6467778144056933,0.0022347811944519796,NaN,NaN
B_4f,64,0,0,4,4,508,9,3.88,3,-0.6,0.05,2,10,0,1.3038635319724834,1.5423794000542892,0.0053900940633977625,NaN,NaN
B_4f,64,0,0,4,4,508,9,3.88,3,-0.6,0.05,2,30,0.1111111111111111,1.2725276880537235,1.5167645350373136,0.43381934454117577,NaN,NaN
B_4f,64,0,0,4,4,508,9,3.88,3,-0.6,0.05,2,100,0.1111111111111111,1.2751245899448176,1.543808015791568,2.1890057976732775,NaN,NaN
B_4f,64,0,0,4,4,508,9,3.88,3,-0.6,0.05,2,300,0.1111111111111111,1.273942286345913,1.5628000229516121,2.276416694014172,NaN,NaN
B_4f,64,0,0,4,4,508,9,3.88,3,-0.6,0.05,2,1000,0.1111111111111111,1.2710754784403657,1.5629016932293152,2.2959179522978457,NaN,NaN
B_4f,64,0,0,4,4,508,9,3.88,3,-0.6,0.05,2,3000,0.3333333333333333,1.269362947550453,1.5618856161255814,2.3308638216773434,NaN,NaN
B_4f,64,0,0,4,4,508,9,3.88,3,-0.6,0.05,3,1,0,1.635686895888862,1.7781180124034435,0.0021167259176172156,NaN,NaN
B_4f,64,0,0,4,4,508,9,3.88,3,-0.6,0.05,3,3,0,1.4645841080190876,1.6710775129816045,0.0046747648136076046,NaN,NaN
B_4f,64,0,0,4,4,508,9,3.88,3,-0.6,0.05,3,10,0,1.3017478927099386,1.5757511232932249,0.023520933627378893,NaN,NaN
B_4f,64,0,0,4,4,508,9,3.88,3,-0.6,0.05,3,30,0.1111111111111111,1.2663202548178558,1.5518402202204942,1.0879869871261691,NaN,NaN
B_4f,64,0,0,4,4,508,9,3.88,3,-0.6,0.05,3,100,0.1111111111111111,1.2736099582674192,1.5820587856242612,2.2839067230497867,NaN,NaN
B_4f,64,0,0,4,4,508,9,3.88,3,-0.6,0.05,3,300,0.1111111111111111,1.2737774753429414,1.6064734765948714,2.294148512710785,NaN,NaN
B_4f,64,0,0,4,4,508,9,3.88,3,-0.6,0.05,3,1000,0.1111111111111111,1.2742976446756877,1.608437933358239,2.324942008129031,NaN,NaN
B_4f,64,0,0,4,4,508,9,3.88,3,-0.6,0.05,3,3000,0.1111111111111111,1.2738021647137296,1.606724316820901,2.328323327899049,NaN,NaN
B_4f,64,0,0,4,4,508,9,3.88,3,-0.9,0.3,1,1,0,1.5023791276083631,1.654136383532176,0.0007902232765826358,NaN,NaN
B_4f,64,0,0,4,4,508,9,3.88,3,-0.9,0.3,1,3,0,1.14470170047372,1.3496307762403958,0.000667872606845714,NaN,NaN
B_4f,64,0,0,4,4,508,9,3.88,3,-0.9,0.3,1,10,0,0.6244803576516305,0.8777781327931621,0.00017551092575603797,NaN,NaN
B_4f,64,0,0,4,4,508,9,3.88,3,-0.9,0.3,1,30,0.1111111111111111,0.19161808799579155,0.38766499131918847,0.00011668360321685028,NaN,NaN
B_4f,64,0,0,4,4,508,9,3.88,3,-0.9,0.3,1,100,0.3333333333333333,2.1486605727567223e-12,2.3725022248115352e-8,9.422871601614593e-11,NaN,NaN
B_4f,64,0,0,4,4,508,9,3.88,3,-0.9,0.3,1,300,0.3333333333333333,8.502269415397897e-158,5.59263573211727e-154,8.315025034417799e-156,NaN,NaN
B_4f,64,0,0,4,4,508,9,3.88,3,-0.9,0.3,1,1000,0.3333333333333333,0,0,0,NaN,NaN
B_4f,64,0,0,4,4,508,9,3.88,3,-0.9,0.3,1,3000,0.3333333333333333,0,0,0,NaN,NaN
B_4f,64,0,0,4,4,508,9,3.88,3,-0.9,0.3,2,1,0,1.5026869935294775,1.615507040071763,0.0010188776358482387,NaN,NaN
B_4f,64,0,0,4,4,508,9,3.88,3,-0.9,0.3,2,3,0,1.1437090000506922,1.2969647077876254,0.0009448707763020772,NaN,NaN
B_4f,64,0,0,4,4,508,9,3.88,3,-0.9,0.3,2,10,0,0.6242322968578246,0.8135259048033237,0.00045214028883938645,NaN,NaN
B_4f,64,0,0,4,4,508,9,3.88,3,-0.9,0.3,2,30,0.2222222222222222,0.19130779210284685,0.33914935230230214,0.00021022064637443553,NaN,NaN
B_4f,64,0,0,4,4,508,9,3.88,3,-0.9,0.3,2,100,0.4444444444444444,1.8426697457672006e-12,1.5687405281011313e-8,2.966059524569064e-11,NaN,NaN
B_4f,64,0,0,4,4,508,9,3.88,3,-0.9,0.3,2,300,0.4444444444444444,7.324317940623223e-158,3.699559679518636e-154,6.11377839126661e-156,NaN,NaN
B_4f,64,0,0,4,4,508,9,3.88,3,-0.9,0.3,2,1000,0.4444444444444444,0,0,0,NaN,NaN
B_4f,64,0,0,4,4,508,9,3.88,3,-0.9,0.3,2,3000,0.4444444444444444,0,0,0,NaN,NaN
B_4f,64,0,0,4,4,508,9,3.88,3,-0.9,0.3,3,1,0,1.4988859912195789,1.629404861178158,0.0019396932463921987,NaN,NaN
B_4f,64,0,0,4,4,508,9,3.88,3,-0.9,0.3,3,3,0,1.1420248693102573,1.3177343015530738,0.0017706690939323657,NaN,NaN
B_4f,64,0,0,4,4,508,9,3.88,3,-0.9,0.3,3,10,0,0.624417524959,0.8408964474548254,0.0006384214234412435,NaN,NaN
B_4f,64,0,0,4,4,508,9,3.88,3,-0.9,0.3,3,30,0.3333333333333333,0.19278460006641165,0.36275081547763405,0.00039986740058024344,NaN,NaN
B_4f,64,0,0,4,4,508,9,3.88,3,-0.9,0.3,3,100,0.7777777777777778,8.470795732855468e-12,5.0537732095931365e-8,1.7047611728139148e-10,NaN,NaN
B_4f,64,0,0,4,4,508,9,3.88,3,-0.9,0.3,3,300,0.7777777777777778,6.462693273737117e-157,1.1778216378052434e-153,3.5167458557391705e-155,NaN,NaN
B_4f,64,0,0,4,4,508,9,3.88,3,-0.9,0.3,3,1000,0.7777777777777778,0,0,0,NaN,NaN
B_4f,64,0,0,4,4,508,9,3.88,3,-0.9,0.3,3,3000,0.7777777777777778,0,0,0,NaN,NaN
B_4f,64,0,0,4,4,508,9,3.88,3.5,-0.6,0.05,1,1,0,1.8101526598296902,1.9929985177166039,0.000952106388912951,NaN,NaN
B_4f,64,0,0,4,4,508,9,3.88,3.5,-0.6,0.05,1,3,0,1.8307259890065368,2.1276158318366494,0.002177873914683541,NaN,NaN
B_4f,64,0,0,4,4,508,9,3.88,3.5,-0.6,0.05,1,10,0,1.8733452296880493,2.2904889601289704,0.008935783359168538,NaN,NaN
B_4f,64,0,0,4,4,508,9,3.88,3.5,-0.6,0.05,1,30,0.1111111111111111,1.8786831442320355,2.304456354426232,1.8316844418538074,NaN,NaN
B_4f,64,0,0,4,4,508,9,3.88,3.5,-0.6,0.05,1,100,0.3333333333333333,1.885733863911783,2.336952277382484,3.167285454182723,NaN,NaN
B_4f,64,0,0,4,4,508,9,3.88,3.5,-0.6,0.05,1,300,0.6666666666666666,1.8900362857969344,2.3790628555251643,3.172221209996111,NaN,NaN
B_4f,64,0,0,4,4,508,9,3.88,3.5,-0.6,0.05,1,1000,0.6666666666666666,1.8864860065382112,2.3796055810546215,3.1536100711392225,NaN,NaN
B_4f,64,0,0,4,4,508,9,3.88,3.5,-0.6,0.05,1,3000,0.6666666666666666,1.8703455547642285,2.3640623472346554,3.166280109619354,NaN,NaN
B_4f,64,0,0,4,4,508,9,3.88,3.5,-0.6,0.05,2,1,0,1.810523594373266,1.9464556660972168,0.0012276022933756171,NaN,NaN
B_4f,64,0,0,4,4,508,9,3.88,3.5,-0.6,0.05,2,3,0,1.8288961224981972,2.0512954213871586,0.0030207448243902706,NaN,NaN
B_4f,64,0,0,4,4,508,9,3.88,3.5,-0.6,0.05,2,10,0,1.8725782056593847,2.185072561630632,0.021035029652717457,NaN,NaN
B_4f,64,0,0,4,4,508,9,3.88,3.5,-0.6,0.05,2,30,0.1111111111111111,1.8799255110837942,2.203718883974749,2.169327737677492,NaN,NaN
B_4f,64,0,0,4,4,508,9,3.88,3.5,-0.6,0.05,2,100,0.3333333333333333,1.8879592287674956,2.220492880078468,3.072754880033235,NaN,NaN
B_4f,64,0,0,4,4,508,9,3.88,3.5,-0.6,0.05,2,300,0.5555555555555556,1.8896712823052617,2.25708980026488,3.1173164651387917,NaN,NaN
B_4f,64,0,0,4,4,508,9,3.88,3.5,-0.6,0.05,2,1000,0.5555555555555556,1.8874858562944936,2.2595022863649836,3.1952973009719714,NaN,NaN
B_4f,64,0,0,4,4,508,9,3.88,3.5,-0.6,0.05,2,3000,0.5555555555555556,1.8744739977734948,2.2491544358780593,3.1820194485971967,NaN,NaN
B_4f,64,0,0,4,4,508,9,3.88,3.5,-0.6,0.05,3,1,0,1.8059439284854446,1.9632005591666677,0.0023370538266195983,NaN,NaN
B_4f,64,0,0,4,4,508,9,3.88,3.5,-0.6,0.05,3,3,0,1.8256541679505924,2.081242440057639,0.006469165594890434,NaN,NaN
B_4f,64,0,0,4,4,508,9,3.88,3.5,-0.6,0.05,3,10,0,1.8695017616921543,2.228842476322499,0.11599789702677353,NaN,NaN
B_4f,64,0,0,4,4,508,9,3.88,3.5,-0.6,0.05,3,30,0.1111111111111111,1.867080770451622,2.240923652785375,2.8193843240414935,NaN,NaN
B_4f,64,0,0,4,4,508,9,3.88,3.5,-0.6,0.05,3,100,0.1111111111111111,1.8807195594974555,2.2662648554319125,3.161906231869822,NaN,NaN
B_4f,64,0,0,4,4,508,9,3.88,3.5,-0.6,0.05,3,300,0.2222222222222222,1.883895430560228,2.3042823689393837,3.1102116606839267,NaN,NaN
B_4f,64,0,0,4,4,508,9,3.88,3.5,-0.6,0.05,3,1000,0.2222222222222222,1.8801723098883196,2.3078393685515364,3.171261904044562,NaN,NaN
B_4f,64,0,0,4,4,508,9,3.88,3.5,-0.6,0.05,3,3000,0.2222222222222222,1.878199226144287,2.31139100257436,3.182731320939947,NaN,NaN
B_4f,64,0,0,4,4,508,9,3.88,3.5,-0.9,0.3,1,1,0,1.6656541301065053,1.8339040048937845,0.0008761028692148298,0.0006395220489467875,0.00013938177409350723
B_4f,64,0,0,4,4,508,9,3.88,3.5,-0.9,0.3,1,3,0,1.4848917237497614,1.748742667972448,0.000903760406736799,0.0006395220489467875,0.00013938177409350723
B_4f,64,0,0,4,4,508,9,3.88,3.5,-0.9,0.3,1,10,0,1.1842468515890365,1.5905544015042414,0.00038224013881121876,0.0006395220489467875,0.00013938177409350723
B_4f,64,0,0,4,4,508,9,3.88,3.5,-0.9,0.3,1,30,0,0.9414574937969656,1.4133439935664558,0.0001781308933054445,0.0006395220489467875,0.00013938177409350723
B_4f,64,0,0,4,4,508,9,3.88,3.5,-0.9,0.3,1,100,0,0.7844931698452704,1.4109053194900874,0.0004591420803741646,0.0006395220489467875,0.00013938177409350723
B_4f,64,0,0,4,4,508,9,3.88,3.5,-0.9,0.3,1,300,0,0.7785691518985455,1.4654767295084696,0.0006430723199384082,0.0006395220489467875,0.00013938177409350723
B_4f,64,0,0,4,4,508,9,3.88,3.5,-0.9,0.3,1,1000,0,0.7760462048116419,1.4661918881251284,0.0006424385523217382,0.0006395220489467875,0.00013938177409350723
B_4f,64,0,0,4,4,508,9,3.88,3.5,-0.9,0.3,1,3000,0,0.7808515460288459,1.4625375624793868,0.0005877142015673124,0.0006395220489467875,0.00013938177409350723
B_4f,64,0,0,4,4,508,9,3.88,3.5,-0.9,0.3,2,1,0,1.6659954541661923,1.7910765159492548,0.0011296068422658309,-0.0010454218549898948,0.00018729141894233576
B_4f,64,0,0,4,4,508,9,3.88,3.5,-0.9,0.3,2,3,0,1.4836577514667544,1.6809757683666782,0.001248325919219371,-0.0010454218549898948,0.00018729141894233576
B_4f,64,0,0,4,4,508,9,3.88,3.5,-0.9,0.3,2,10,0,1.1839323381944478,1.487632119340582,0.0008058617812326303,-0.0010454218549898948,0.00018729141894233576
B_4f,64,0,0,4,4,508,9,3.88,3.5,-0.9,0.3,2,30,0,0.9399540466194388,1.29423191878657,0.0003355126096850227,-0.0010454218549898948,0.00018729141894233576
B_4f,64,0,0,4,4,508,9,3.88,3.5,-0.9,0.3,2,100,0,0.7808754702188309,1.2496215348942645,0.0003562614306385811,-0.0010454218549898948,0.00018729141894233576
B_4f,64,0,0,4,4,508,9,3.88,3.5,-0.9,0.3,2,300,0,0.7747349076137738,1.288347145954314,0.0004204937099397926,-0.0010454218549898948,0.00018729141894233576
B_4f,64,0,0,4,4,508,9,3.88,3.5,-0.9,0.3,2,1000,0,0.7716594216000495,1.2898203353806763,0.000418310432847256,-0.0010454218549898948,0.00018729141894233576
B_4f,64,0,0,4,4,508,9,3.88,3.5,-0.9,0.3,2,3000,0,0.7765867632440691,1.2878272183588315,0.0006267209856158277,-0.0010454218549898948,0.00018729141894233576
B_4f,64,0,0,4,4,508,9,3.88,3.5,-0.9,0.3,3,1,0,1.6617813679347717,1.8064847193114766,0.002150494510753801,0.00022508481629228096,0.0002583740355063444
B_4f,64,0,0,4,4,508,9,3.88,3.5,-0.9,0.3,3,3,0,1.4811805145902843,1.707567618311346,0.0024142474940386832,0.00022508481629228096,0.0002583740355063444
B_4f,64,0,0,4,4,508,9,3.88,3.5,-0.9,0.3,3,10,0,1.18178277754108,1.5300801846577925,0.0012355928504738174,0.00022508481629228096,0.0002583740355063444
B_4f,64,0,0,4,4,508,9,3.88,3.5,-0.9,0.3,3,30,0,0.9391509521561351,1.3467570015666281,0.0004975163301027668,0.00022508481629228096,0.0002583740355063444
B_4f,64,0,0,4,4,508,9,3.88,3.5,-0.9,0.3,3,100,0,0.7819924510328703,1.32079935658058,0.0006538985647722595,0.00022508481629228096,0.0002583740355063444
B_4f,64,0,0,4,4,508,9,3.88,3.5,-0.9,0.3,3,300,0,0.7757761674464304,1.3583498189533845,0.0008057657448309673,0.00022508481629228096,0.0002583740355063444
B_4f,64,0,0,4,4,508,9,3.88,3.5,-0.9,0.3,3,1000,0,0.7719691018176075,1.3603521155325122,0.0007805721650582454,0.00022508481629228096,0.0002583740355063444
B_4f,64,0,0,4,4,508,9,3.88,3.5,-0.9,0.3,3,3000,0,0.7703074648913681,1.3696362377275793,0.0008631353786769316,0.00022508481629228096,0.0002583740355063444
